ticker,ref_date,price_open,price_high,price_low,price_close,volume,price_adjusted,ret_adjusted_prices,ret_closing_prices,cumret_adjusted_prices
^BVSP,2020-01-02,115652,118573,115649,118573,5162700,118573,,,1
^BVSP,2020-01-03,118564,118792,117341,117707,6834500,117707,-0.00730351766422377,-0.00730351766422377,0.992696482335776
^BVSP,2020-01-06,117707,117707,116269,116878,6570000,116878,-0.00704291163652115,-0.00704291163652115,0.9857050087288
^BVSP,2020-01-07,116872,117076,115965,116662,4854100,116662,-0.0018480809048752,-0.0018480809048752,0.983883346124328
^BVSP,2020-01-08,116667,117335,115693,116247,5910500,116247,-0.00355728514854881,-0.00355728514854881,0.980383392509256
^BVSP,2020-01-09,116248,116820,115411,115947,5953500,115947,-0.0025807117603035,-0.0025807117603035,0.977853305558601
^BVSP,2020-01-10,115948,116745,114952,115503,4783400,115503,-0.00382933581722689,-0.00382933581722689,0.974108776871632
^BVSP,2020-01-13,115503,117333,115503,117325,5685100,117325,0.0157744820480854,0.0157744820480854,0.989474838285276
^BVSP,2020-01-14,117325,117705,116610,117632,5361700,117632,0.00261666311527797,0.00261666311527797,0.992063960598112
^BVSP,2020-01-15,117632,117632,116188,116414,5569400,116414,-0.0103543253536452,-0.0103543253536452,0.981791807578453
^BVSP,2020-01-16,116415,117106,115961,116704,5422700,116704,0.00249110931674879,0.00249110931674879,0.98423755829742
^BVSP,2020-01-17,116710,118479,116710,118478,4947200,118478,0.01520085001371,0.01520085001371,0.999198805798959
^BVSP,2020-01-20,118478,118862,117928,118862,3843500,118862,0.00324110805381594,0.00324110805381594,1.0024373170958
^BVSP,2020-01-21,118861,118861,117026,117026,5085600,117026,-0.0154464841580994,-0.0154464841580994,0.986953184957789
^BVSP,2020-01-22,117035,118401,117035,118391,5765700,118391,0.0116640746500778,0.0116640746500778,0.998465080583269
^BVSP,2020-01-23,118391,119535,116906,119528,6572400,119528,0.00960377055688344,0.00960377055688344,1.00805411012625
^BVSP,2020-01-24,119528,119593,118108,118376,4778700,118376,-0.00963790910916273,-0.00963790910916273,0.998338576235736
^BVSP,2020-01-27,118347,118347,114376,114482,6097800,114482,-0.0328951814557005,-0.0328951814557005,0.965498047616236
^BVSP,2020-01-28,114482,116797,114475,116479,5229400,116479,0.0174437902901767,0.0174437902901767,0.982339993084429
^BVSP,2020-01-29,116494,117171,115164,115385,5097800,115385,-0.00939225096369301,-0.00939225096369301,0.973113609337707
^BVSP,2020-01-30,115375,115528,112825,115528,6315600,115528,0.00123932920223591,0.00123932920223591,0.974319617450853
^BVSP,2020-01-31,115518,115518,113148,113761,6219900,113761,-0.0152949934215082,-0.0152949934215082,0.959417405311496
^BVSP,2020-02-03,113761,115299,113467,114629,5512200,114629,0.00763003138158069,0.00763003138158069,0.966737790222057
^BVSP,2020-02-04,114631,116556,114631,115557,5829400,115557,0.00809568259340998,0.00809568259340998,0.97456419252275
^BVSP,2020-02-05,115563,117701,115562,116028,7173800,116028,0.00407591058957912,0.00407591058957912,0.978536429035278
^BVSP,2020-02-06,116033,117382,114723,115190,7382400,115190,-0.00722239459440821,-0.00722239459440821,0.971469052819782
^BVSP,2020-02-07,115190,115190,113769,113770,6594100,113770,-0.0123274589808143,-0.0123274589808143,0.959493307920015
^BVSP,2020-02-10,113771,114176,112134,112570,7486300,112570,-0.0105475960270721,-0.0105475960270721,0.949372960117396
^BVSP,2020-02-11,112574,115576,112574,115371,6767900,115371,0.0248822954606023,0.0248822954606023,0.972995538613343
^BVSP,2020-02-12,115371,117581,115371,116674,8159200,116674,0.011293999358591,0.011293999358591,0.983984549602354
^BVSP,2020-02-13,116660,116660,114801,115662,5635700,115662,-0.0086737405077395,-0.0086737405077395,0.975449722955479
^BVSP,2020-02-14,115663,115663,114132,114381,5335900,114381,-0.0110753747989832,-0.0110753747989832,0.964646251676182
^BVSP,2020-02-17,114381,115696,114381,115309,0,115309,0.00811323558982702,0.00811323558982702,0.972472653976875
^BVSP,2020-02-18,115309,115309,113532,114977,5548400,114977,-0.00287922018229281,-0.00287922018229281,0.969672691084817
^BVSP,2020-02-19,114982,116545,114774,116518,6334100,116518,0.0134026805361072,0.0134026805361072,0.982668904388014
^BVSP,2020-02-20,116518,116552,114379,114586,6793000,114586,-0.0165811290959337,-0.0165811290959337,0.966375144425797
^BVSP,2020-02-21,114585,114585,112661,113681,5896200,113681,-0.00789799801022817,-0.00789799801022817,0.958742715457988
^BVSP,2020-02-26,113647,113647,105053,105718,9369800,105718,-0.0700468855833428,-0.0700468855833428,0.891585774164439
^BVSP,2020-02-27,105711,106656,102984,102984,11237700,102984,-0.0258612535235249,-0.0258612535235249,0.868528248420804
^BVSP,2020-02-28,102984,104172,99951,104172,11228400,104172,0.0115357725471918,0.0115357725471918,0.878547392745397
^BVSP,2020-03-02,104260,107220,103779,106625,8858400,106625,0.0235475943631687,0.0235475943631687,0.899235070378585
^BVSP,2020-03-03,106630,108804,104405,105537,9385600,105537,-0.0102039859320047,-0.0102039859320047,0.890059288370877
^BVSP,2020-03-04,105540,107809,105042,107224,8410500,107224,0.0159849152429954,0.0159849152429954,0.904286810656726
^BVSP,2020-03-05,107217,107217,100536,102233,8598600,102233,-0.04654741475789,-0.04654741475789,0.862194597420998
^BVSP,2020-03-06,102231,102231,96886,97997,11864200,97997,-0.041434761769683,-0.041434761769683,0.826469769677751
^BVSP,2020-03-09,97982,97982,85880,86067,14645500,86067,-0.121738420563895,-0.121738420563895,0.725856645273376
^BVSP,2020-03-10,86071,92230,86071,92214,13531700,92214,0.0714211021645927,0.0714211021645927,0.777698126892294
^BVSP,2020-03-11,92202,92202,80796,85171,11786900,85171,-0.0763766890060078,-0.0763766890060078,0.718300118914087
^BVSP,2020-03-12,85103,85103,68488,72583,12008700,72583,-0.147796785290768,-0.147796785290768,0.612137670464608
^BVSP,2020-03-13,72621,83758,72621,82678,15766300,82678,0.139082154223441,0.139082154223441,0.697275096354145
^BVSP,2020-03-16,82565,82565,70855,71168,12847800,71168,-0.139214785069789,-0.139214785069789,0.600204093680686
^BVSP,2020-03-17,71178,77255,70783,74617,14945900,74617,0.0484627922661871,0.0484627922661871,0.629291659990048
^BVSP,2020-03-18,74576,74576,63547,66895,16751500,66895,-0.103488481177212,-0.103488481177212,0.564167221880192
^BVSP,2020-03-19,66883,70071,61691,68332,16144700,68332,0.0214814261155543,0.0214814261155543,0.576286338373829
^BVSP,2020-03-20,68344,72247,66120,67069,15152400,67069,-0.01848328747878,-0.01848328747878,0.565634672311572
^BVSP,2020-03-23,67067,67604,62161,63570,11962200,63570,-0.0521701531258852,-0.0521701531258852,0.536125424843767
^BVSP,2020-03-24,63604,71535,63604,69729,11679900,69729,0.0968853232656914,0.0968853232656914,0.588068109940712
^BVSP,2020-03-25,69727,76714,69360,74956,12951100,74956,0.074961637195428,0.074961637195428,0.632150658244288
^BVSP,2020-03-26,74956,78846,74923,77710,12758000,77710,0.0367415550456267,0.0367415550456267,0.6553768564513
^BVSP,2020-03-27,77708,77708,73057,73429,10301400,73429,-0.0550894350791404,-0.0550894350791404,0.619272515665455
^BVSP,2020-03-30,73431,75430,73184,74640,9032200,74640,0.0164921216413134,0.0164921216413134,0.629485633322932
^BVSP,2020-03-31,74629,75511,72385,73020,11141500,73020,-0.0217041800643086,-0.0217041800643086,0.615823163789396
^BVSP,2020-04-01,73011,73011,69569,70967,10093500,70967,-0.0281155847712955,-0.0281155847712955,0.598508935423748
^BVSP,2020-04-02,70969,73861,70957,72253,10540200,72253,0.0181210985387574,0.0181210985387574,0.609354574818888
^BVSP,2020-04-03,72241,72241,67802,69538,10411300,69538,-0.0375762944099207,-0.0375762944099207,0.586457287915462
^BVSP,2020-04-06,69556,75260,69556,74073,9685400,74073,0.065216140815094,0.065216140815094,0.624703768986194
^BVSP,2020-04-07,74078,79855,74078,76358,11286500,76358,0.0308479472952359,0.0308479472952359,0.643974597927016
^BVSP,2020-04-08,76335,79058,76115,78625,10206300,78625,0.0296890960999503,0.0296890960999503,0.663093621650798
^BVSP,2020-04-09,78640,80428,77457,77682,10748700,77682,-0.011993640699523,-0.011993640699523,0.655140715002573
^BVSP,2020-04-13,77682,78836,76405,78836,7651300,78836,0.0148554362658015,0.0148554362658015,0.664873116139425
^BVSP,2020-04-14,78848,81668,78848,79918,8593600,79918,0.0137246943020954,0.0137246943020954,0.67399829640812
^BVSP,2020-04-15,79911,80035,77546,78831,9758400,78831,-0.0136014414775144,-0.0136014414775144,0.664830948023581
^BVSP,2020-04-16,78837,80167,77452,77812,9028400,77812,-0.0129263868275171,-0.0129263868275171,0.656237086014523
^BVSP,2020-04-17,77817,79846,77754,78990,8317800,78990,0.0151390531023492,0.0151390531023492,0.666171894107428
^BVSP,2020-04-20,78989,80106,76943,78973,8874700,78973,-0.000215217116090627,-0.000215217116090627,0.666028522513557
^BVSP,2020-04-22,78973,81184,78973,80687,9848900,80687,0.0217036202246337,0.0217036202246337,0.680483752624966
^BVSP,2020-04-23,80690,81934,78622,79673,10823500,79673,-0.0125670801987928,-0.0125670801987928,0.671932058731752
^BVSP,2020-04-24,79667,79667,72041,75331,16529200,75331,-0.0544977595923337,-0.0544977595923337,0.635313266932607
^BVSP,2020-04-27,75334,78563,75327,78239,10656900,78239,0.0386029655785798,0.0386029655785798,0.659838243107622
^BVSP,2020-04-28,78243,81427,78243,81312,12939000,81312,0.0392770868748322,0.0392770868748322,0.685754767105496
^BVSP,2020-04-29,81313,83598,81313,83171,11719700,83171,0.0228625541125542,0.0228625541125542,0.701432872576388
^BVSP,2020-04-30,83169,83169,80168,80506,11804600,80506,-0.0320424186314942,-0.0320424186314942,0.678957266831404
^BVSP,2020-05-04,80501,80502,77640,78876,8594200,78876,-0.0202469381164136,-0.0202469381164136,0.665210461066179
^BVSP,2020-05-05,78887,81066,78886,79471,9154700,79471,0.00754348597799082,0.00754348597799082,0.670228466851644
^BVSP,2020-05-06,79473,79996,78056,79064,9775900,79064,-0.00512136502623595,-0.00512136502623595,0.666795982221923
^BVSP,2020-05-07,79072,80061,78061,78119,13808900,78119,-0.011952342406152,-0.011952342406152,0.65882620832736
^BVSP,2020-05-08,78152,80557,78152,80263,10734400,80263,0.0274453077996391,0.0274453077996391,0.676907896401373
^BVSP,2020-05-11,80263,80723,78994,79065,9781900,79065,-0.0149259310018315,-0.0149259310018315,0.666804415845092
^BVSP,2020-05-12,79065,80344,77872,77872,10245400,77872,-0.0150888509454247,-0.0150888509454247,0.656743103404654
^BVSP,2020-05-13,77877,78911,77152,77772,11575900,77772,-0.00128415861927267,-0.00128415861927267,0.655899741087769
^BVSP,2020-05-14,77770,79011,75697,79011,13818900,79011,0.0159311834593427,0.0159311834593427,0.666349000193974
^BVSP,2020-05-15,79011,79538,77426,77557,11718200,77557,-0.0184025009175938,-0.0184025009175938,0.654086512106466
^BVSP,2020-05-18,77576,81420,77571,81194,11533100,81194,0.0468945420787292,0.0468945420787292,0.684759599571572
^BVSP,2020-05-19,81197,82175,80647,80742,10740100,80742,-0.00556691381136543,-0.00556691381136543,0.680947601899252
^BVSP,2020-05-20,80747,82290,80740,81319,9522800,81319,0.00714621882044031,0.00714621882044031,0.685813802467678
^BVSP,2020-05-21,81320,83309,81317,83027,11395200,83027,0.0210037014719806,0.0210037014719806,0.700218430840073
^BVSP,2020-05-22,83027,83027,81669,82173,9281200,82173,-0.0102858106399123,-0.0102858106399123,0.693016116653876
^BVSP,2020-05-25,82198,85876,82193,85663,8764400,85663,0.0424713713750258,0.0424713713750258,0.722449461513161
^BVSP,2020-05-26,85668,87333,85396,85469,12030800,85469,-0.00226468837187588,-0.00226468837187588,0.720813338618404
^BVSP,2020-05-27,85468,87946,85468,87946,11212000,87946,0.0289812680621044,0.0289812680621044,0.741703423207644
^BVSP,2020-05-28,87946,88091,86767,86949,10117000,86949,-0.011336501944375,-0.011336501944375,0.733295100908301
^BVSP,2020-05-29,86951,87410,85384,87403,16550900,87403,0.0052214516555682,0.0052214516555682,0.737123965826959
^BVSP,2020-06-01,87395,89019,86837,88620,9849400,88620,0.0139240071851081,0.0139240071851081,0.747387685223449
^BVSP,2020-06-02,88622,91046,88622,91046,11827300,91046,0.0273753103136989,0.0273753103136989,0.767847655031078
^BVSP,2020-06-03,91048,93710,91048,93002,15137900,93002,0.0214836456296816,0.0214836456296816,0.784343821949348
^BVSP,2020-06-04,92993,94132,92221,93829,11488000,93829,0.008892281886411,0.008892281886411,0.791318428309986
^BVSP,2020-06-05,93839,97356,93839,94637,13320300,94637,0.00861141011840694,0.00861141011840694,0.798132795830417
^BVSP,2020-06-08,94640,97693,94635,97645,11096500,97645,0.0317846085569069,0.0317846085569069,0.823501134322316
^BVSP,2020-06-09,97644,97644,95386,96747,11278800,96747,-0.0091965794459522,-0.0091965794459522,0.815927740716689
^BVSP,2020-06-10,96747,97646,94665,94686,11739600,94686,-0.0213029861391051,-0.0213029861391051,0.79854604336569
^BVSP,2020-06-12,94677,94703,90811,92795,12785600,92795,-0.0199712734723191,-0.0199712734723191,0.782598061953396
^BVSP,2020-06-15,92780,93112,90148,92376,13317500,92376,-0.00451532948973543,-0.00451532948973543,0.779064373845648
^BVSP,2020-06-16,92387,95216,92387,93531,12034200,93531,0.0125032475967783,0.0125032475967783,0.788805208605669
^BVSP,2020-06-17,93531,96611,93531,95547,11134700,95547,0.0215543509638516,0.0215543509638516,0.80580739291407
^BVSP,2020-06-18,95547,97110,94698,96125,10008500,96125,0.00604937883973333,0.00604937883973333,0.810682027105665
^BVSP,2020-06-19,96138,97540,95874,96572,13134400,96572,0.0046501950585176,0.0046501950585176,0.814451856662141
^BVSP,2020-06-22,96572,96870,94869,95336,8264700,95336,-0.0127987408358531,-0.0127987408358531,0.804027898425442
^BVSP,2020-06-23,95344,97486,95344,95975,9752700,95975,0.00670260971721071,0.00670260971721071,0.809416983630337
^BVSP,2020-06-24,95974,95974,93259,94377,9962700,94377,-0.0166501693149258,-0.0166501693149258,0.795940053806516
^BVSP,2020-06-25,94382,96260,94152,95983,8697900,95983,0.0170168579208918,0.0170168579208918,0.809484452615688
^BVSP,2020-06-26,95979,95979,93514,93834,8439100,93834,-0.0223893814529657,-0.0223893814529657,0.79136059642583
^BVSP,2020-06-29,93837,95735,93825,95735,8906800,95735,0.0202591811070614,0.0202591811070614,0.807392914069813
^BVSP,2020-06-30,95728,96257,94806,95056,10144500,95056,-0.00709249490781849,-0.00709249490781849,0.801666483938165
^BVSP,2020-07-01,95062,96852,95062,96203,10163300,96203,0.0120665712842956,0.0120665712842956,0.811339849712835
^BVSP,2020-07-02,96206,97864,96052,96235,10062900,96235,0.000332629959564734,0.000332629959564734,0.811609725654238
^BVSP,2020-07-03,96237,96765,95803,96765,5351600,96765,0.00550735179508499,0.00550735179508499,0.816079545933729
^BVSP,2020-07-06,96776,99257,96768,98937,9489400,98937,0.0224461323825764,0.0224461323825764,0.83439737545647
^BVSP,2020-07-07,98937,98938,97272,97761,8951400,97761,-0.0118863519209194,-0.0118863519209194,0.824479434609903
^BVSP,2020-07-08,97765,99973,97765,99770,9142700,99770,0.0205501171223699,0.0205501171223699,0.841422583556122
^BVSP,2020-07-09,99770,100191,98861,99160,0,99160,-0.00611406234338985,-0.00611406234338985,0.836278073423123
^BVSP,2020-07-10,99160,100101,98739,100032,9147200,100032,0.00879386849536101,0.00879386849536101,0.84363219282636
^BVSP,2020-07-13,100027,100858,98697,98697,10382300,98697,-0.0133457293666027,-0.0133457293666027,0.832373305895946
^BVSP,2020-07-14,98699,100632,98289,100440,10019400,100440,0.017660111249582,0.017660111249582,0.847073111079251
^BVSP,2020-07-15,100444,102114,100444,101791,9285600,101791,0.0134508164078058,0.0134508164078058,0.858466935980367
^BVSP,2020-07-16,101791,101792,100160,100553,8127100,100553,-0.0121621754379071,-0.0121621754379071,0.848026110497331
^BVSP,2020-07-17,100554,103017,100554,102888,10429400,102888,0.0232215846369577,0.0232215846369577,0.867718620596594
^BVSP,2020-07-20,102888,104439,102744,104426,8931800,104426,0.0149482932897909,0.0149482932897909,0.880689533030285
^BVSP,2020-07-21,104426,105449,103732,104310,11105800,104310,-0.00111083446651217,-0.00111083446651217,0.879711232742699
^BVSP,2020-07-22,104312,104980,103277,104290,10833700,104290,-0.000191736171028634,-0.000191736171028634,0.879542560279322
^BVSP,2020-07-23,104291,104949,102119,102293,10366600,102293,-0.0191485281426791,-0.0191485281426791,0.862700614811129
^BVSP,2020-07-24,102292,102694,100859,102382,9795200,102382,0.000870049759025493,0.000870049759025493,0.863451207273157
^BVSP,2020-07-27,102381,104585,102381,104477,9622400,104477,0.0204625813131214,0.0204625813131214,0.881119647811896
^BVSP,2020-07-28,104477,104663,103592,104109,9087100,104109,-0.00352230634493711,-0.00352230634493711,0.87801607448576
^BVSP,2020-07-29,104112,105704,104112,105605,9238300,105605,0.01436955498564,0.01436955498564,0.890632774746359
^BVSP,2020-07-30,105605,105607,103920,105009,9591700,105009,-0.00564367217461292,-0.00564367217461292,0.885606335337725
^BVSP,2020-07-31,105010,105462,102642,102912,12929300,102912,-0.0199697168814101,-0.0199697168814101,0.867921027552647
^BVSP,2020-08-03,102913,103863,102304,102830,10901000,102830,-0.000796797263681537,-0.000796797263681537,0.867229470452801
^BVSP,2020-08-04,102826,103012,100005,101216,12029800,101216,-0.0156958086161626,-0.0156958086161626,0.853617602658278
^BVSP,2020-08-05,101220,103763,101220,102802,10922100,102802,0.0156694593740121,0.0156694593740121,0.866993329004074
^BVSP,2020-08-06,102733,104523,102733,104126,9686600,104126,0.0128791268652362,0.0128791268652362,0.878159446079631
^BVSP,2020-08-07,104116,104126,101957,102776,10337100,102776,-0.0129650615600331,-0.0129650615600331,0.866774054801684
^BVSP,2020-08-10,102776,103722,101282,103444,8259500,103444,0.00649957188448669,0.00649957188448669,0.872407715078475
^BVSP,2020-08-11,103449,104409,102174,102174,9360900,102174,-0.0122771741231971,-0.0122771741231971,0.861697013654036
^BVSP,2020-08-12,102176,103116,100698,102118,10114200,102118,-0.000548084639927948,-0.000548084639927948,0.861224730756581
^BVSP,2020-08-13,102118,103237,100187,100461,10721300,100461,-0.016226326406706,-0.016226326406706,0.847250217165797
^BVSP,2020-08-14,100469,101717,100445,101353,8576300,101353,0.00887906749883038,0.00887906749883038,0.854773009032411
^BVSP,2020-08-17,101348,101689,98513,99595,10816200,99595,-0.0173453178494963,-0.0173453178494963,0.839946699501573
^BVSP,2020-08-18,99597,102247,99597,102065,9418700,102065,0.0248004417892465,0.0248004417892465,0.860777748728632
^BVSP,2020-08-19,102072,102334,100800,100854,10025800,100854,-0.0118649879978445,-0.0118649879978445,0.850564631071155
^BVSP,2020-08-20,100853,101749,99131,101468,9405000,101468,0.00608800840819401,0.00608800840819401,0.855742875696829
^BVSP,2020-08-21,101460,101566,100412,101521,9100200,101521,0.000522332163834793,0.000522332163834793,0.856189857724777
^BVSP,2020-08-24,101525,102515,101525,102298,7723000,102298,0.00765358891263879,0.00765358891263879,0.862742782926974
^BVSP,2020-08-25,102293,102708,101623,102118,8170900,102118,-0.00175956519189036,-0.00175956519189036,0.861224730756581
^BVSP,2020-08-26,102119,102521,99359,100627,9861200,100627,-0.0146007559881706,-0.0146007559881706,0.848650198611826
^BVSP,2020-08-27,100625,101548,99857,100624,7360600,100624,-2.98130720383094e-05,-2.98130720383094e-05,0.84862489774232
^BVSP,2020-08-28,100631,102347,100631,102143,7665700,102143,0.0150958021943075,0.0150958021943075,0.861435571335802
^BVSP,2020-08-31,102142,102142,99369,99369,12226100,99369,-0.0271580039748196,-0.0271580039748196,0.838040700665413
^BVSP,2020-09-01,99382,102238,99382,102168,9384700,102168,0.0281677384294901,0.0281677384294901,0.861646411915023
^BVSP,2020-09-02,102168,102824,100872,101911,7557900,101911,-0.00251546472476705,-0.00251546472476705,0.859478970760629
^BVSP,2020-09-03,101911,103226,99751,100721,12611000,100721,-0.0116768552953067,-0.0116768552953067,0.849442959189698
^BVSP,2020-09-04,100733,101582,98961,101242,11327400,101242,0.00517270479840359,0.00517270479840359,0.853836876860669
^BVSP,2020-09-08,101239,101239,99373,100050,8479000,100050,-0.0117737697793406,-0.0117737697793406,0.8437839980434
^BVSP,2020-09-09,100050,101578,100050,101292,7955600,101292,0.0124137931034483,0.0124137931034483,0.854258558019111
^BVSP,2020-09-10,101291,101536,98687,98835,8894600,98835,-0.0242566046676934,-0.0242566046676934,0.833537145893248
^BVSP,2020-09-11,98839,99435,97758,98363,9107900,98363,-0.00477563616127885,-0.00477563616127885,0.829556475757551
^BVSP,2020-09-14,98367,100520,98367,100275,8182100,100275,0.019438203389486,0.019438203389486,0.845681563256391
^BVSP,2020-09-15,100277,100949,99647,100298,9216700,100298,0.000229369234604926,0.000229369234604926,0.845875536589275
^BVSP,2020-09-16,100299,100663,99663,99676,7139400,99676,-0.00620151947197356,-0.00620151947197356,0.84062982297825
^BVSP,2020-09-17,99674,100251,98562,100098,0,100098,0.00423371724387023,0.00423371724387023,0.844188811955505
^BVSP,2020-09-18,100098,100102,98045,98290,11370300,98290,-0.0180622989470319,-0.0180622989470319,0.828940821266225
^BVSP,2020-09-21,98283,98283,95820,96991,9738000,96991,-0.013215993488656,-0.013215993488656,0.81798554476989
^BVSP,2020-09-22,96995,97684,96390,97294,7281300,97294,0.00312400119598721,0.00312400119598721,0.820540932590051
^BVSP,2020-09-23,97294,97389,95728,95735,8830700,95735,-0.0160235985775073,-0.0160235985775073,0.807392914069814
^BVSP,2020-09-24,95735,97955,95653,97012,9331000,97012,0.0133389042669869,0.0133389042669869,0.818162650856435
^BVSP,2020-09-25,97011,97012,95632,96999,7351100,96999,-0.000134004040737268,-0.000134004040737268,0.81805301375524
^BVSP,2020-09-28,97005,98314,94371,94666,10508900,94666,-0.0240517943483953,-0.0240517943483953,0.798377370902314
^BVSP,2020-09-29,94665,95505,93408,93580,8737200,93580,-0.0114719117740266,-0.0114719117740266,0.789218456140944
^BVSP,2020-09-30,93586,95340,93584,94603,9454300,94603,0.0109318230391109,0.0109318230391109,0.797846052642677
^BVSP,2020-10-01,94604,95486,93599,95479,9243500,95479,0.00925974863376422,0.00925974863376422,0.805233906538589
^BVSP,2020-10-02,95475,95996,93897,94016,8584900,94016,-0.0153227411263209,-0.0153227411263209,0.792895515842562
^BVSP,2020-10-05,94019,96414,93984,96089,8616000,96089,0.0220494383934648,0.0220494383934648,0.810378416671587
^BVSP,2020-10-06,96091,97405,95211,95615,11299600,95615,-0.00493292676581081,-0.00493292676581081,0.806380879289552
^BVSP,2020-10-07,95616,96380,94881,95526,9829900,95526,-0.000930816294514414,-0.000930816294514414,0.805630286827525
^BVSP,2020-10-08,95530,97938,95530,97920,11163600,97920,0.0250612398718673,0.0250612398718673,0.825820380693751
^BVSP,2020-10-09,97924,98642,97161,97483,10810500,97483,-0.00446282679738563,-0.00446282679738563,0.822134887368963
^BVSP,2020-10-13,97483,98998,97336,98503,7867500,98503,0.0104633628427522,0.0104633628427522,0.83073718300119
^BVSP,2020-10-14,98502,99571,98501,99334,8891000,99334,0.00843629128046852,0.00843629128046852,0.837745523854504
^BVSP,2020-10-15,99328,99486,97778,99054,8335200,99054,-0.00281877302836897,-0.00281877302836897,0.835384109367226
^BVSP,2020-10-16,99054,99172,98309,98309,7840200,98309,-0.00752115007975451,-0.00752115007975451,0.829101060106433
^BVSP,2020-10-19,98310,99917,98310,98658,9929400,98658,0.00355003102462637,0.00355003102462637,0.832044394592361
^BVSP,2020-10-20,98664,100722,98664,100540,8796000,100540,0.0190759999189118,0.0190759999189118,0.847916473396136
^BVSP,2020-10-21,100541,101586,100149,100552,8661100,100552,0.000119355480405758,0.000119355480405758,0.848017676874163
^BVSP,2020-10-22,100553,102020,100457,101918,9556900,101918,0.0135850107407112,0.0135850107407112,0.859538006122811
^BVSP,2020-10-23,101918,102218,101188,101260,7561100,101260,-0.00645617064699067,-0.00645617064699067,0.853988682077708
^BVSP,2020-10-26,101260,101784,99762,101017,8070400,101017,-0.00239976298637168,-0.00239976298637168,0.851939311647678
^BVSP,2020-10-27,101017,101660,99414,99606,8672300,99606,-0.013967945989289,-0.013967945989289,0.840039469356431
^BVSP,2020-10-28,99598,99598,95369,95369,11051600,95369,-0.0425375981366585,-0.0425375981366585,0.804306207990015
^BVSP,2020-10-29,95368,96688,93387,96582,12704400,96582,0.0127190177101575,0.0127190177101575,0.81453619289383
^BVSP,2020-10-30,96579,96579,93559,93952,10643200,93952,-0.0272307469300698,-0.0272307469300698,0.792355763959756
^BVSP,2020-11-03,93968,96250,93968,95587,10191800,95587,0.0174025034059946,0.0174025034059946,0.806144737840825
^BVSP,2020-11-04,95992,98296,95987,97811,10704600,97811,0.0232667622166194,0.0232667622166194,0.824901115768346
^BVSP,2020-11-05,97873,100922,97872,100774,10455300,100774,0.0302931163161608,0.0302931163161608,0.849889941217647
^BVSP,2020-11-06,100751,100928,99837,100799,8382800,100799,0.000248079861869144,0.000248079861869144,0.850100781796869
^BVSP,2020-11-09,100954,105147,100954,103913,17410500,103913,0.030893163622655,0.030893163622655,0.876363084344666
^BVSP,2020-11-10,103516,105758,103453,105351,16665200,105351,0.0138384995140166,0.0138384995140166,0.888490634461472
^BVSP,2020-11-11,105067,105462,104143,104532,10841000,104532,-0.00777401258649657,-0.00777401258649657,0.881583497086184
^BVSP,2020-11-12,104810,105019,102034,102175,10860300,102175,-0.0225481192362148,-0.0225481192362148,0.861705447277206
^BVSP,2020-11-13,102509,104707,102509,104512,9772100,104512,0.022872522632738,0.022872522632738,0.881414824622807
^BVSP,2020-11-16,104729,106518,104729,106430,11724300,106430,0.0183519595835886,0.0183519595835886,0.897590513860661
^BVSP,2020-11-17,106430,107810,105847,107229,10311000,107229,0.00750728178145255,0.00750728178145255,0.904328978772572
^BVSP,2020-11-18,107246,107467,106217,106483,10337300,106483,-0.00695707317983008,-0.00695707317983008,0.89803749588861
^BVSP,2020-11-19,106117,106973,105545,106517,8555700,106517,0.000319299794333316,0.000319299794333316,0.898324239076351
^BVSP,2020-11-23,106050,107495,106050,107379,9686000,107379,0.00809260493630126,0.00809260493630126,0.905594022247899
^BVSP,2020-11-24,107378,109956,107361,109786,11934800,109786,0.0224159286266403,0.0224159286266403,0.92589375321532
^BVSP,2020-11-25,109786,110596,109315,110133,8564700,110133,0.00316069444191425,0.00316069444191425,0.928820220454911
^BVSP,2020-11-26,110133,110245,109418,110227,6166800,110227,0.000853513479156964,0.000853513479156964,0.929612981032782
^BVSP,2020-11-27,110229,111603,110161,110575,8790300,110575,0.00315712121349576,0.00315712121349576,0.932547881895542
^BVSP,2020-11-30,110598,110934,108829,108888,19300000,108888,-0.0152566131584897,-0.0152566131584897,0.918320359609693
^BVSP,2020-12-01,108897,111840,108897,111335,11324800,111335,0.0224726324296525,0.0224726324296525,0.938957435503868
^BVSP,2020-12-02,111402,112315,110579,111814,9814300,111814,0.00430233080343112,0.00430233080343112,0.942997141001747
^BVSP,2020-12-03,111874,113377,111874,112919,11474200,112919,0.00988248340994868,0.00988248340994868,0.952316294603325
^BVSP,2020-12-04,112294,113864,112294,113682,8892900,113682,0.00675705594275544,0.00675705594275544,0.958751149081158
^BVSP,2020-12-07,113751,114531,112629,113625,9633900,113625,-0.000501398638306894,-0.000501398638306894,0.958270432560533
^BVSP,2020-12-08,113590,114381,112820,113571,8810900,113571,-0.000475247524752476,-0.000475247524752476,0.957815016909415
^BVSP,2020-12-09,113799,114020,112567,112722,8431100,112722,-0.00747549990754681,-0.00747549990754681,0.950654870839062
^BVSP,2020-12-10,113002,115262,112732,114992,11803600,114992,0.0201380387147141,0.0201380387147141,0.969799195432351
^BVSP,2020-12-11,115128,115527,113949,115323,8372300,115323,0.00287846111033807,0.00287846111033807,0.97259072470124
^BVSP,2020-12-14,115137,115740,114431,114975,8190900,114975,-0.00301761140448997,-0.00301761140448997,0.96965582383848
^BVSP,2020-12-15,114613,116390,114613,116146,8195100,116146,0.0101848227875625,0.0101848227875625,0.979531596569203
^BVSP,2020-12-16,116149,118178,115496,117947,9808100,117947,0.0155063454617463,0.0155063454617463,0.994720551896301
^BVSP,2020-12-17,117864,119027,117856,118157,7701400,118157,0.00178046071540616,0.00178046071540616,0.99649161276176
^BVSP,2020-12-18,118395,119370,117639,117679,8636000,117679,-0.00404546493225111,-0.00404546493225111,0.992460340887049
^BVSP,2020-12-21,118021,118021,114730,116016,10347100,116016,-0.0141316632534267,-0.0141316632534267,0.978435225557253
^BVSP,2020-12-22,115825,116903,115648,116348,6947900,116348,0.00286167425182726,0.00286167425182726,0.98123518844931
^BVSP,2020-12-23,116636,118311,116636,117857,6483300,117857,0.0129697115549903,0.0129697115549903,0.993961525811105
^BVSP,2020-12-28,117806,119213,117805,119051,7171700,119051,0.0101309213708138,0.0101309213708138,1.00403127187471
^BVSP,2020-12-29,119130,119861,118750,119475,6769700,119475,0.00356149885343249,0.00356149885343249,1.0076071280983
^BVSP,2020-12-30,119410,120150,118919,119306,8235700,119306,-0.00141452186649926,-0.00141452186649926,1.00618184578277
^BVSP,2021-01-04,119024,120354,118062,118558,8741400,118558,-0.00626959247648906,-0.00626959247648906,0.999873495652468
^BVSP,2021-01-05,118835,119790,116756,119223,9257100,119223,0.00560906897889635,0.00560906897889635,1.00548185505975
^BVSP,2021-01-06,119377,120924,118917,119851,11638200,119851,0.00526744000738111,0.00526744000738111,1.01077817040979
^BVSP,2021-01-07,119103,121983,119101,121956,11774800,121956,0.0175634746476876,0.0175634746476876,1.02853094718022
^BVSP,2021-01-08,122387,125324,122386,125077,11085800,125077,0.0255911968250844,0.0255911968250844,1.0548522850902
^BVSP,2021-01-11,125075,125075,122506,122807,9537600,122807,-0.0181488203266788,-0.0181488203266788,1.03570796049691
^BVSP,2021-01-12,123255,124584,123227,123998,8949000,123998,0.00969814424259208,0.00969814424259208,1.04575240569101
^BVSP,2021-01-13,123996,124032,121016,122040,10291500,122040,-0.0157905772673753,-0.0157905772673753,1.0292393715264
^BVSP,2021-01-14,121947,123896,121947,123481,8974400,123481,0.0118076040642412,0.0118076040642412,1.04139222251271
^BVSP,2021-01-15,123472,123472,120374,120502,9387600,120502,-0.0241251690543485,-0.0241251690543485,1.01626845909271
^BVSP,2021-01-18,120351,122586,120351,121242,7223100,121242,0.00614097691324633,0.00614097691324633,1.02250934023766
^BVSP,2021-01-19,121250,122120,119257,120673,7886000,120673,-0.00469309315253785,-0.00469309315253785,1.01771060865459
^BVSP,2021-01-20,120645,121449,118740,119708,7947300,119708,-0.00799681784657713,-0.00799681784657713,1.00957216229665
^BVSP,2021-01-21,119628,120243,117785,118443,8573900,118443,-0.0105673806261904,-0.0105673806261904,0.99890362898805
^BVSP,2021-01-22,118318,118318,116109,117172,9373100,117172,-0.0107309000954046,-0.0107309000954046,0.988184493940443
^BVSP,2021-01-26,117381,119167,116109,116464,10681400,116464,-0.00604239920800187,-0.00604239920800187,0.982213488736897
^BVSP,2021-01-27,116463,117840,114887,115882,12380400,115882,-0.00499725236983106,-0.00499725236983106,0.977305120052627
^BVSP,2021-01-28,115882,119314,115734,119314,12065900,119314,0.0296163338568545,0.0296163338568545,1.00624931476812
^BVSP,2021-01-29,118880,118880,115299,116007,10965200,116007,-0.0277167809309888,-0.0277167809309888,0.978359322948733
^BVSP,2021-02-01,115093,117862,115093,117365,8716500,117365,0.0117061901436981,0.0117061901436981,0.989812183212031
^BVSP,2021-02-02,117520,119805,117519,118234,11625900,118234,0.00740425169343495,0.00740425169343495,0.997141001745761
^BVSP,2021-02-03,118235,120210,118234,119725,8704300,119725,0.0126105857875061,0.0126105857875061,1.00971553389052
^BVSP,2021-02-04,119728,120560,118918,119261,8100700,119261,-0.00387554813113389,-0.00387554813113389,1.00580233274017
^BVSP,2021-02-05,119261,121117,119261,119925,8208400,119925,0.00556762059684224,0.00556762059684224,1.01140225852429
^BVSP,2021-02-08,120239,120844,119140,119516,8619100,119516,-0.00341046487387953,-0.00341046487387953,1.00795290664823
^BVSP,2021-02-09,119696,119975,118246,119429,7913500,119429,-0.000727936008567909,-0.000727936008567909,1.00721918143254
^BVSP,2021-02-10,119472,119738,117970,118430,8644600,118430,-0.00836480251865124,-0.00836480251865124,0.998793991886855
^BVSP,2021-02-11,118440,120283,118440,119235,7567400,119235,0.00679726420670446,0.00679726420670446,1.00558305853778
^BVSP,2021-02-12,119300,119763,118163,119116,7655900,119116,-0.000998029102193154,-0.000998029102193154,1.00457945738069
^BVSP,2021-02-17,119421,120573,118880,120391,8326100,120391,0.0107038517075793,0.0107038517075793,1.01533232692097
^BVSP,2021-02-18,120361,120845,118515,119140,10720600,119140,-0.0103911421950146,-0.0103911421950146,1.00478186433674
^BVSP,2021-02-19,119199,119250,117867,118748,10402800,118748,-0.00329024676850764,-0.00329024676850764,1.00147588405455
^BVSP,2021-02-22,118388,118388,111650,112668,21768700,112668,-0.051200862330313,-0.051200862330313,0.950199455187944
^BVSP,2021-02-23,112676,115380,112667,115227,15174900,115227,0.0227127489615508,0.0227127489615508,0.97178109687703
^BVSP,2021-02-24,115229,116208,114668,115668,11399300,115668,0.00382722799343904,0.00382722799343904,0.975500324694493
^BVSP,2021-02-25,115668,116506,111764,112256,12466500,112256,-0.0294982190407027,-0.0294982190407027,0.946724802442378
^BVSP,2021-02-26,112260,113466,109827,110035,14618500,110035,-0.0197851339794755,-0.0197851339794755,0.927993725384363
^BVSP,2021-03-01,110036,112445,110036,110335,11239900,110335,0.00272640523469803,0.00272640523469803,0.930523812335018
^BVSP,2021-03-02,110328,112428,107319,111540,14823200,111540,0.0109212851769611,0.0109212851769611,0.940686328253482
^BVSP,2021-03-03,111529,112398,107466,111184,15144300,111184,-0.00319168011475701,-0.00319168011475701,0.937683958405371
^BVSP,2021-03-04,111191,114433,111163,112690,14221600,112690,0.0135451144049503,0.0135451144049503,0.950384994897659
^BVSP,2021-03-05,112690,115504,112504,115202,13254800,115202,0.0222912414588694,0.0222912414588694,0.971570256297809
^BVSP,2021-03-08,115202,115202,110268,110612,0,110612,-0.0398430582802382,-0.0398430582802382,0.932859925952789
^BVSP,2021-03-09,110611,112525,109343,111331,12135300,111331,0.00650019889342923,0.00650019889342923,0.938923701011192
^BVSP,2021-03-10,111331,112928,109999,112776,12511800,112776,0.0129793139377172,0.0129793139377172,0.95111028649018
^BVSP,2021-03-11,112782,115127,112776,114984,12092100,114984,0.0195786337518622,0.0195786337518622,0.969731726447
^BVSP,2021-03-12,114984,114984,113253,114160,8110700,114160,-0.00716621442983367,-0.00716621442983367,0.962782420955868
^BVSP,2021-03-15,114093,114903,113635,114851,8224700,114851,0.00605290819901883,0.00605290819901883,0.968610054565543
^BVSP,2021-03-16,114845,114974,113370,114019,78000,114019,-0.00724416853140153,-0.00724416853140153,0.96159328008906
^BVSP,2021-03-17,114018,116736,113428,116549,94300,116549,0.0221892842421001,0.0221892842421001,0.982930346706249
^BVSP,2021-03-18,116549,116751,114302,114835,9920100,114835,-0.0147062608859793,-0.0147062608859793,0.968475116594841
^BVSP,2021-03-19,114837,116446,114610,116222,12341800,116222,0.0120781991553098,0.0120781991553098,0.980172551930036
^BVSP,2021-03-22,116222,116225,113620,114979,8160600,114979,-0.0106950491301131,-0.0106950491301131,0.969689558331156
^BVSP,2021-03-23,114977,115599,113062,113262,8301500,113262,-0.0149331617077901,-0.0149331617077901,0.955209027350241
^BVSP,2021-03-24,113272,114823,112064,112064,9834000,112064,-0.0105772456781621,-0.0105772456781621,0.945105546793959
^BVSP,2021-03-25,112065,114024,110927,113750,10306500,113750,0.0150449743003998,0.0150449743003998,0.95932463545664
^BVSP,2021-03-26,113750,115416,113305,114781,8659500,114781,0.00906373626373624,0.00906373626373624,0.968019700943723
^BVSP,2021-03-29,114776,115553,114096,115419,7463300,115419,0.00555841123530887,0.00555841123530887,0.973400352525449
^BVSP,2021-03-30,115414,117090,114999,116850,8141600,116850,0.0123983053050192,0.0123983053050192,0.985468867280073
^BVSP,2021-03-31,116850,117249,115932,116634,10659200,116634,-0.00184852374839539,-0.00184852374839539,0.983647204675602
^BVSP,2021-04-01,116644,117088,114991,115253,8009200,115253,-0.0118404581854348,-0.0118404581854348,0.972000371079421
^BVSP,2021-04-05,115262,117668,115262,117518,7245100,117518,0.0196524168568279,0.0196524168568279,0.991102527556865
^BVSP,2021-04-06,117519,118213,117176,117499,6800800,117499,-0.000161677360064005,-0.000161677360064005,0.990942288716657
^BVSP,2021-04-07,117499,118303,116748,117624,0,117624,0.00106383884118166,0.00106383884118166,0.991996491612763
^BVSP,2021-04-08,117624,118850,117486,118313,8778200,118313,0.00585764809902734,0.00585764809902734,0.9978072579761
^BVSP,2021-04-09,118313,118643,117336,117670,7739400,117670,-0.00543473667306216,-0.00543473667306216,0.99238443827853
^BVSP,2021-04-12,117661,118812,117661,118812,7000500,118812,0.00970510750403664,0.00970510750403664,1.00201563593736
^BVSP,2021-04-13,118809,119529,118041,119297,8977600,119297,0.00408207925125415,0.00408207925125415,1.00610594317425
^BVSP,2021-04-14,119298,120871,119298,120295,10076600,120295,0.00836567558278922,0.00836567558278922,1.01452269909676
^BVSP,2021-04-15,120290,121409,120084,120701,7948100,120701,0.00337503636892644,0.00337503636892644,1.01794675010331
^BVSP,2021-04-16,120701,121333,120199,121114,7945600,121114,0.00342167836223406,0.00342167836223406,1.02142983647205
^BVSP,2021-04-19,121116,121974,120682,120934,10028100,120934,-0.00148620308139436,-0.00148620308139436,1.01991178430166
^BVSP,2021-04-20,120925,121354,119841,120062,7811500,120062,-0.00721054459457227,-0.00721054459457227,1.01255766489842
^BVSP,2021-04-22,120064,120995,119203,119371,8598600,119371,-0.00575535973080577,-0.00575535973080577,1.00673003128874
^BVSP,2021-04-23,119372,120815,119372,120530,7615500,120530,0.0097092258588769,0.0097092258588769,1.01650460054144
^BVSP,2021-04-26,120534,121393,119860,120595,7095300,120595,0.000539284825354702,0.000539284825354702,1.01705278604742
^BVSP,2021-04-27,120595,121012,119003,119388,8362300,119388,-0.0100087068286413,-0.0100087068286413,1.00687340288261
^BVSP,2021-04-28,119392,121276,119392,121053,9081500,121053,0.0139461252387174,0.0139461252387174,1.02091538545875
^BVSP,2021-04-29,121053,121498,119703,120066,8500200,120066,-0.00815345344601126,-0.00815345344601126,1.01259139939109
^BVSP,2021-04-30,120064,120125,118894,118894,11093200,118894,-0.00976129795279268,-0.00976129795279268,1.0027071930372
^BVSP,2021-05-03,118951,119904,118528,119209,8888300,119209,0.00264941881003256,0.00264941881003256,1.00536378433539
^BVSP,2021-05-04,119209,119293,117631,117712,8765500,117712,-0.0125577766779353,-0.0125577766779353,0.992738650451622
^BVSP,2021-05-05,117725,119734,117725,119564,9059100,119564,0.0157333152100041,0.0157333152100041,1.00835772056033
^BVSP,2021-05-06,119577,119966,119071,119921,8779600,119921,0.00298584858318551,0.00298584858318551,1.01136852403161
^BVSP,2021-05-07,119922,122038,119922,122038,8865100,122038,0.017653288414873,0.017653288414873,1.02922250428007
^BVSP,2021-05-10,122038,122772,121795,121909,8219100,121909,-0.00105704780478211,-0.00105704780478211,1.02813456689128
^BVSP,2021-05-11,121904,122964,120145,122964,7988600,122964,0.00865399601341976,0.00865399601341976,1.03703203933442
^BVSP,2021-05-12,122964,122964,119458,119710,9405200,119710,-0.0264630298298689,-0.0264630298298689,1.00958902954298
^BVSP,2021-05-13,119711,121426,119711,120706,9356200,120706,0.0083201069250689,0.0083201069250689,1.01798891821916
^BVSP,2021-05-14,120719,122195,120719,121881,10136300,121881,0.0097343959703744,0.0097343959703744,1.02789842544256
^BVSP,2021-05-17,121880,123074,121680,122938,7408100,122938,0.00867239356421434,0.00867239356421434,1.03681276513203
^BVSP,2021-05-18,122937,123544,122550,122980,7840100,122980,0.00034163562120737,0.00034163562120737,1.03716697730512
^BVSP,2021-05-19,122976,123013,121595,122636,8825300,122636,-0.00279720279720275,-0.00279720279720275,1.03426581093504
^BVSP,2021-05-20,122636,122734,122136,122701,7906400,122701,0.000530023810300317,0.000530023810300317,1.03481399644101
^BVSP,2021-05-21,122701,122799,121760,122592,9493600,122592,-0.000888338318351112,-0.000888338318351112,1.03389473151561
^BVSP,2021-05-24,122592,124167,122526,124032,8186300,124032,0.0117462803445576,0.0117462803445576,1.04603914887875
^BVSP,2021-05-25,124032,124696,122701,122988,8914500,122988,-0.00841718266253866,-0.00841718266253866,1.03723444629047
^BVSP,2021-05-26,122988,124256,122988,123989,8258400,123989,0.0081390054314241,0.0081390054314241,1.04567650308249
^BVSP,2021-05-27,123989,124537,123470,124367,0,124367,0.00304865754220129,0.00304865754220129,1.04886441264032
^BVSP,2021-05-28,124367,125698,124284,125561,8838500,125561,0.00960061752715746,0.00960061752715746,1.05893415870392
^BVSP,2021-05-31,125561,126216,125540,126216,5946500,126216,0.00521658795326574,0.00521658795326574,1.06445818187952
^BVSP,2021-06-01,126218,128363,126218,128267,12496100,128267,0.0162499207707423,0.0162499207707423,1.08175554299883
^BVSP,2021-06-02,128268,129601,128167,129601,12781100,129601,0.0104001808727108,0.0104001808727108,1.09300599630607
^BVSP,2021-06-04,129600,130137,129148,130126,9814800,130126,0.00405089466902253,0.00405089466902253,1.09743364846972
^BVSP,2021-06-07,130125,131190,129498,130776,9655400,130776,0.00499515853864718,0.00499515853864718,1.10291550352947
^BVSP,2021-06-08,130776,130776,129230,129787,10346600,129787,-0.0075625497033095,-0.0075625497033095,1.09457465021548
^BVSP,2021-06-09,129800,130882,129281,129907,9833700,129907,0.000924591831231281,0.000924591831231281,1.09558668499574
^BVSP,2021-06-10,129911,130527,129526,130076,8537900,130076,0.00130093066578407,0.00130093066578407,1.09701196731128
^BVSP,2021-06-11,130076,130294,128678,129441,7748200,129441,-0.00488176143177832,-0.00488176143177832,1.09165661659906
^BVSP,2021-06-14,129441,131084,129441,130208,8155700,130208,0.00592547956211709,0.00592547956211709,1.09812520556957
^BVSP,2021-06-15,130208,130436,129304,130091,7211500,130091,-0.000898562300319483,-0.000898562300319483,1.09713847165881
^BVSP,2021-06-16,130091,130283,128345,129259,12879400,129259,-0.00639552313380631,-0.00639552313380631,1.09012169718233
^BVSP,2021-06-17,129259,129919,127576,128057,9664700,128057,-0.00929915905275458,-0.00929915905275458,1.07998448213337
^BVSP,2021-06-18,128050,128796,127595,128405,12432000,128405,0.00271753984553746,0.00271753984553746,1.08291938299613
^BVSP,2021-06-21,128405,129412,128048,129265,7333600,129265,0.00669755850628873,0.00669755850628873,1.09017229892134
^BVSP,2021-06-22,129242,129259,127803,128767,9328000,128767,-0.00385255096120374,-0.00385255096120374,1.08597235458325
^BVSP,2021-06-23,128769,129901,128182,128428,7988900,128428,-0.00263266209510205,-0.00263266209510205,1.08311335632901
^BVSP,2021-06-24,128433,129541,128428,129514,7237000,129514,0.00845609991590623,0.00845609991590623,1.09227227109038
^BVSP,2021-06-25,129513,129748,126697,127256,9363800,127256,-0.0174344086353598,-0.0174344086353598,1.07322914997512
^BVSP,2021-06-28,127255,128067,126629,127429,8155600,127429,0.00135946438674806,0.00135946438674806,1.07468816678333
^BVSP,2021-06-29,127429,127507,126184,127327,7777900,127327,-0.000800445738411204,-0.000800445738411204,1.07382793722011
^BVSP,2021-06-30,127323,127323,126199,126802,9098600,126802,-0.00412324173191858,-0.00412324173191858,1.06940028505646
^BVSP,2021-07-01,126802,127204,124994,125666,9292000,125666,-0.0089588492295074,-0.0089588492295074,1.05981968913665
^BVSP,2021-07-02,125667,127672,125667,127622,7434800,127622,0.0155650693107126,0.0155650693107126,1.07631585605492
^BVSP,2021-07-05,127622,127633,126531,126920,5255600,126920,-0.00550061901553023,-0.00550061901553023,1.07039545259039
^BVSP,2021-07-06,126919,126919,124866,125095,7651300,125095,-0.0143791364639143,-0.0143791364639143,1.05500409030724
^BVSP,2021-07-07,125096,127249,125094,127019,8151400,127019,0.0153803109636677,0.0153803109636677,1.07123038128411
^BVSP,2021-07-08,127013,127013,124310,125428,8881400,125428,-0.0125256851337201,-0.0125256851337201,1.05781248682247
^BVSP,2021-07-12,125428,127782,125428,127594,7421600,127594,0.0172688713843798,0.0172688713843798,1.07607971460619
^BVSP,2021-07-13,127594,128420,126441,128168,7152000,128168,0.00449864413687173,0.00449864413687173,1.08092061430511
^BVSP,2021-07-14,128169,129620,128085,128407,0,128407,0.0018647400287124,0.0018647400287124,1.08293625024247
^BVSP,2021-07-15,128407,128976,126922,127468,7418600,127468,-0.00731268544549757,-0.00731268544549757,1.07501707808692
^BVSP,2021-07-16,127468,128010,125808,125960,7355800,125960,-0.0118304201838892,-0.0118304201838892,1.06229917434829
^BVSP,2021-07-19,125958,125958,123317,124395,9210200,124395,-0.0124245792315021,-0.0124245792315021,1.04910055408904
^BVSP,2021-07-20,124395,125631,123631,125401,7627500,125401,0.00808714176614811,0.00808714176614811,1.05758477899691
^BVSP,2021-07-21,125404,126112,125247,125929,7148900,125929,0.0042104927392923,0.0042104927392923,1.06203773203006
^BVSP,2021-07-22,125930,126428,125416,126147,6480400,126147,0.00173113421054727,0.00173113421054727,1.06387626188087
^BVSP,2021-07-23,126140,126204,124422,125053,6051800,125053,-0.00867242185703976,-0.00867242185703976,1.05464987813415
^BVSP,2021-07-26,125058,126214,125006,126004,6325500,126004,0.00760477557515604,0.00760477557515604,1.06267025376772
^BVSP,2021-07-27,126004,126026,123670,124612,7313800,124612,-0.0110472683406876,-0.0110472683406876,1.05093065031668
^BVSP,2021-07-28,124615,126712,124542,126286,9038200,126286,0.0134336981992103,0.0134336981992103,1.06504853550134
^BVSP,2021-07-29,126285,126476,124917,125675,7488400,125675,-0.0048382243479087,-0.0048382243479087,1.05989559174517
^BVSP,2021-07-30,125672,125673,121748,121801,9399200,121801,-0.0308255420728069,-0.0308255420728069,1.02722373558905
^BVSP,2021-08-02,121803,124536,121797,122516,8565400,122516,0.00587023095048478,0.00587023095048478,1.03325377615478
^BVSP,2021-08-03,122516,123765,120807,123577,9391300,123577,0.00866009337555918,0.00866009337555918,1.04220185033693
^BVSP,2021-08-04,123577,123587,121072,121801,9164200,121801,-0.0143716063668806,-0.0143716063668806,1.02722373558905
^BVSP,2021-08-05,121801,123541,121128,121633,10913000,121633,-0.00137929902053346,-0.00137929902053346,1.02580688689668
^BVSP,2021-08-06,121633,123287,121568,122810,7499200,122810,0.00967665025116538,0.00967665025116538,1.03573326136642
^BVSP,2021-08-09,122809,123597,122258,123019,7171500,123019,0.00170181581304463,0.00170181581304463,1.03749588860871
^BVSP,2021-08-10,123021,123513,122061,122202,8297600,122202,-0.0066412505385347,-0.0066412505385347,1.03060561847976
^BVSP,2021-08-11,122203,122756,120827,122056,8685200,122056,-0.00119474313022705,-0.00119474313022705,1.0293743094971
^BVSP,2021-08-12,122056,122095,120534,120701,11066000,120701,-0.0111014616241725,-0.0111014616241725,1.01794675010331
^BVSP,2021-08-13,120701,121275,120045,121194,10642200,121194,0.00408447320237615,0.00408447320237615,1.02210452632556
^BVSP,2021-08-16,121191,121191,118684,119180,9741700,119180,-0.0166179843886661,-0.0166179843886661,1.00511920926349
^BVSP,2021-08-17,119179,119179,116248,117904,11218200,117904,-0.0107064943782513,-0.0107064943782513,0.994357906100042
^BVSP,2021-08-18,117904,118739,116489,116643,11745800,116643,-0.0106951418102863,-0.0106951418102863,0.983723107284122
^BVSP,2021-08-19,116641,117453,114801,117165,10525900,117165,0.00447519353926085,0.00447519353926085,0.988125458578262
^BVSP,2021-08-20,117163,118308,116040,118053,8929300,118053,0.00757905517859436,0.00757905517859436,0.9956145159522
^BVSP,2021-08-23,118053,118445,117062,117472,7853000,117472,-0.0049215183011021,-0.0049215183011021,0.990714580891098
^BVSP,2021-08-24,117474,120463,117474,120211,9181000,120211,0.0233161944974121,0.0233161944974121,1.01381427475058
^BVSP,2021-08-25,120210,120818,119226,120818,7520100,120818,0.00504945470880358,0.00504945470880358,1.01893348401407
^BVSP,2021-08-26,120817,120833,118719,118724,8426900,118724,-0.017331854524988,-0.017331854524988,1.0012734770985
^BVSP,2021-08-27,118725,120678,118721,120678,7323600,120678,0.0164583403524139,0.0164583403524139,1.01775277677043
^BVSP,2021-08-30,120677,120684,119354,119740,6391900,119740,-0.00777275062563188,-0.00777275062563188,1.00984203823805
^BVSP,2021-08-31,119738,120157,117911,118781,11535600,118781,-0.00800901954234179,-0.00800901954234179,1.00175419361912
^BVSP,2021-09-01,118793,119942,118067,119396,9523000,119396,0.00517759574342702,0.00517759574342702,1.00694087186796
^BVSP,2021-09-02,119394,119397,116534,116677,9862800,116677,-0.0227729572179972,-0.0227729572179972,0.984009850471863
^BVSP,2021-09-03,116679,117396,115583,116933,12517500,116933,0.00219409138047766,0.00219409138047766,0.986168858003088
^BVSP,2021-09-06,116926,117981,116156,117869,5111300,117869,0.0080045838215046,0.0080045838215046,0.994062729289132
^BVSP,2021-09-08,117866,117866,113172,113413,12254400,113413,-0.0378046814684099,-0.0378046814684099,0.956482504448738
^BVSP,2021-09-09,113413,116354,112435,115361,13890600,115361,0.0171761614629715,0.0171761614629715,0.972911202381657
^BVSP,2021-09-10,115370,116896,114286,114286,11155700,114286,-0.0093185738681183,-0.0093185738681183,0.963845057475143
^BVSP,2021-09-13,114300,117046,114300,116404,9253400,116404,0.0185324536688658,0.0185324536688658,0.981707471346767
^BVSP,2021-09-14,116405,117270,115809,116181,9034100,116181,-0.00191574172708842,-0.00191574172708842,0.979826773380113
^BVSP,2021-09-15,116191,116312,114741,115063,9456800,115063,-0.00962291596732689,-0.00962291596732689,0.970397982677339
^BVSP,2021-09-16,115062,115062,113395,113794,10685500,113794,-0.0110287407767918,-0.0110287407767918,0.959695714876069
^BVSP,2021-09-17,113794,113794,111157,111439,14827600,111439,-0.0206952914916428,-0.0206952914916428,0.939834532313428
^BVSP,2021-09-20,111435,111435,107520,108844,11500200,108844,-0.023286282181283,-0.023286282181283,0.917949280190264
^BVSP,2021-09-21,108859,110923,108859,110250,11247700,110250,0.012917570100327,0.012917570100327,0.929806954365666
^BVSP,2021-09-22,110252,113321,110251,112282,12158600,112282,0.0184308390022676,0.0184308390022676,0.946944076644769
^BVSP,2021-09-23,112282,114330,112281,114064,11476300,114064,0.015870753994407,0.015870753994407,0.961972793131659
^BVSP,2021-09-24,114062,114062,112505,113283,9121200,113283,-0.00684703324449432,-0.00684703324449432,0.955386133436787
^BVSP,2021-09-27,113283,114432,112360,113583,10739700,113583,0.00264823495140498,0.00264823495140498,0.957916220387442
^BVSP,2021-09-28,113584,113584,109981,110124,13190800,110124,-0.0304535009640528,-0.0304535009640528,0.928744317846391
^BVSP,2021-09-29,110125,112028,110125,111107,11372600,111107,0.00892630126039729,0.00892630126039729,0.93703456942137
^BVSP,2021-09-30,111117,112371,110743,110979,13160600,110979,-0.00115204262557711,-0.00115204262557711,0.935955065655758
^BVSP,2021-10-01,110980,113020,110980,112900,10779100,112900,0.0173095810919184,0.0173095810919184,0.952156055763118
^BVSP,2021-10-04,112900,112900,109979,110393,11814200,110393,-0.0222054915854739,-0.0222054915854739,0.931012962478812
^BVSP,2021-10-05,110397,111691,110087,110458,10379000,110458,0.000588805449620811,0.000588805449620811,0.931561147984787
^BVSP,2021-10-06,110454,110614,108180,110560,13279200,110560,0.000923427909250485,0.000923427909250485,0.93242137754801
^BVSP,2021-10-07,110563,111522,110563,110585,10646000,110585,0.000226121562952208,0.000226121562952208,0.932632218127231
^BVSP,2021-10-08,110586,114172,110586,112833,12871400,112833,0.0203282542840348,0.0203282542840348,0.951591003010805
^BVSP,2021-10-11,112834,113982,112052,112180,10283700,112180,-0.00578731399501919,-0.00578731399501919,0.946083847081546
^BVSP,2021-10-13,112180,114159,111807,113456,11732700,113456,0.0113745765733642,0.0113745765733642,0.956845150244998
^BVSP,2021-10-14,113457,113881,112708,113185,8956200,113185,-0.00238859117190804,-0.00238859117190804,0.95455963836624
^BVSP,2021-10-15,113189,114776,113049,114648,11174900,114648,0.0129257410434245,0.0129257410434245,0.966898029062266
^BVSP,2021-10-18,114647,114927,112841,114428,11201300,114428,-0.0019189170330054,-0.0019189170330054,0.96504263196512
^BVSP,2021-10-19,114422,114422,109947,110673,14129200,110673,-0.0328153948334324,-0.0328153948334324,0.933374376966089
^BVSP,2021-10-20,110677,112023,110176,110786,11735800,110786,0.00102102590514397,0.00102102590514397,0.934327376384169
^BVSP,2021-10-21,110767,110767,105714,107735,16507700,107735,-0.0275395808134602,-0.0275395808134602,0.908596392096009
^BVSP,2021-10-22,107714,107749,102854,106296,21165700,106296,-0.0133568478210424,-0.0133568478210424,0.896460408356035
^BVSP,2021-10-25,106298,109372,106296,108715,11512100,108715,0.0227572062918642,0.0227572062918642,0.916861342801482
^BVSP,2021-10-26,108713,108713,106321,106420,10762200,106420,-0.0211102423768569,-0.0211102423768569,0.897506177628972
^BVSP,2021-10-27,106433,108224,106045,106363,10831300,106363,-0.000535613606464924,-0.000535613606464924,0.897025461108348
^BVSP,2021-10-28,106369,107210,105282,105705,11502900,105705,-0.00618636179874577,-0.00618636179874577,0.891476137063245
^BVSP,2021-10-29,105707,105954,103430,103501,12595800,103501,-0.0208504801097393,-0.0208504801097393,0.8728884315991
^BVSP,2021-11-01,103514,106136,103514,105551,10734800,105551,0.0198065719171796,0.0198065719171796,0.890177359095242
^BVSP,2021-11-03,105547,106754,104205,105617,14696900,105617,0.000625290144101065,0.000625290144101065,0.890733978224386
^BVSP,2021-11-04,105617,105627,102835,103412,12084000,103412,-0.0208773208858423,-0.0208773208858423,0.872137839137073
^BVSP,2021-11-05,103412,105555,103412,104824,12595000,104824,0.0136541213785635,0.0136541213785635,0.884046115051488
^BVSP,2021-11-08,104824,105679,104182,104781,9358000,104781,-0.000410211401969063,-0.000410211401969063,0.883683469255228
^BVSP,2021-11-09,104783,106674,104783,105535,11021200,105535,0.00719596109981779,0.00719596109981779,0.89004242112454
^BVSP,2021-11-10,105535,107407,105140,105968,12277400,105968,0.00410290424977489,0.00410290424977489,0.893694179956652
^BVSP,2021-11-11,105988,108669,105988,107725,12661400,107725,0.0165804771251699,0.0165804771251699,0.908512055864321
^BVSP,2021-11-12,107576,107915,105842,106312,13248100,106312,-0.0131167324205153,-0.0131167324205153,0.896595346326736
^BVSP,2021-11-16,106336,106971,104113,104508,11579400,104508,-0.0169689216645346,-0.0169689216645346,0.881381090130132
^BVSP,2021-11-17,104405,105535,102551,102945,12832200,102945,-0.014955792857963,-0.014955792857963,0.86819933711722
^BVSP,2021-11-18,102948,103757,102014,102524,10905700,102524,-0.00408956238768277,-0.00408956238768277,0.864648781763134
^BVSP,2021-11-19,102426,103975,102143,103035,11101500,103035,0.00498419882173939,0.00498419882173939,0.868958363202416
^BVSP,2021-11-22,103036,104613,102122,102122,10410000,102122,-0.00886106662784492,-0.00886106662784492,0.861258465249257
^BVSP,2021-11-23,102124,103692,101736,103663,13032400,103663,0.0150897945594486,0.0150897945594486,0.874254678552454
^BVSP,2021-11-24,103652,105041,102464,104514,10466600,104514,0.00820929357630007,0.00820929357630007,0.881431691869145
^BVSP,2021-11-25,104514,106400,104514,105811,7890400,105811,0.0124098206938783,0.0124098206938783,0.892370101119143
^BVSP,2021-11-26,105810,105810,101495,102224,10969100,102224,-0.033900067100774,-0.033900067100774,0.862118694812479
^BVSP,2021-11-29,102227,104149,102226,102814,10283300,102814,0.00577163875410869,0.00577163875410869,0.867094532482101
^BVSP,2021-11-30,102814,103066,100075,101915,18195100,101915,-0.00874394537708867,-0.00874394537708867,0.859512705253305
^BVSP,2021-12-01,101916,104087,100727,100775,13762900,100775,-0.0111857920816366,-0.0111857920816366,0.849898374840816
^BVSP,2021-12-02,100785,104466,100785,104466,14846500,104466,0.0366261473579756,0.0366261473579756,0.88102687795704
^BVSP,2021-12-03,104467,106814,104090,105070,14581500,105070,0.00578178546129848,0.00578178546129848,0.886120786351025
^BVSP,2021-12-06,105070,107498,105070,106859,11127500,106859,0.0170267440753784,0.0170267440753784,0.901208538200097
^BVSP,2021-12-07,106868,108655,106868,107558,11773100,107558,0.00654133016404801,0.00654133016404801,0.907103640795123
^BVSP,2021-12-08,107558,108521,107309,108096,13166800,108096,0.00500195243496537,0.00500195243496537,0.911640930059964
^BVSP,2021-12-09,106573,106754,105890,106291,11082900,106291,-0.0166981201894613,-0.0166981201894613,0.896418240240191
^BVSP,2021-12-10,106296,108275,106296,107758,10466000,107758,0.0138017329783331,0.0138017329783331,0.908790365428893
^BVSP,2021-12-13,107758,109493,107383,107383,12512300,107383,-0.00348002004491543,-0.00348002004491543,0.905627756740575
^BVSP,2021-12-14,107387,109148,106445,106760,11604300,106760,-0.00580166320553532,-0.00580166320553532,0.900373609506381
^BVSP,2021-12-15,106763,107603,105697,107370,12663100,107370,0.00571375046834022,0.00571375046834022,0.905518119639379
^BVSP,2021-12-16,107433,109034,107433,108212,13754600,108212,0.00784204153860491,0.00784204153860491,0.912619230347551
^BVSP,2021-12-17,108324,108324,106518,107201,14934300,107201,-0.00934277159649577,-0.00934277159649577,0.904092837323844
^BVSP,2021-12-20,107171,107171,104358,105020,10570000,105020,-0.0203449594686617,-0.0203449594686617,0.885699105192583
^BVSP,2021-12-21,105020,105906,105020,105500,9041600,105500,0.00457055798895456,0.00457055798895456,0.889747244313631
^BVSP,2021-12-22,105499,105711,104386,105244,8052900,105244,-0.00242654028436018,-0.00242654028436018,0.887588236782406
^BVSP,2021-12-23,105251,105453,104637,104891,7283600,104891,-0.00335411044810152,-0.00335411044810152,0.884611167803802
^BVSP,2021-12-27,104892,105694,104798,105531,7594900,105531,0.00610157210818851,0.00610157210818851,0.890008686631865
^BVSP,2021-12-28,105555,105652,104503,104864,7509000,104864,-0.00632041769716951,-0.00632041769716951,0.884383459978243
^BVSP,2021-12-29,104863,105190,103851,104107,6590000,104107,-0.00721887397009458,-0.00721887397009458,0.877999207239424
^BVSP,2021-12-30,104106,105269,104106,104822,11138100,104822,0.00686793395256813,0.00686793395256813,0.884029247805151
^BVSP,2022-01-03,104823,106125,103413,103922,11128500,103922,-0.0085859838583503,-0.0085859838583503,0.876438986953187
^BVSP,2022-01-04,103922,104276,103096,103514,11491600,103514,-0.00392602143915632,-0.00392602143915632,0.872998068700296
^BVSP,2022-01-05,103514,103514,100850,101006,0,101006,-0.0242286067585061,-0.0242286067585061,0.851846541792821
^BVSP,2022-01-06,101006,102235,101000,101561,11749200,101561,0.00549472308575738,0.00549472308575738,0.856527202651533
^BVSP,2022-01-07,101561,102719,101104,102719,11733200,102719,0.0114020145528304,0.0114020145528304,0.866293338281061
^BVSP,2022-01-10,102719,102719,101038,101945,10264700,101945,-0.00753512008489177,-0.00753512008489177,0.859765713948371
^BVSP,2022-01-11,101946,103780,101918,103779,12421500,103779,0.0179900926970424,0.0179900926970424,0.875232978840041
^BVSP,2022-01-12,103779,105869,103771,105686,13026500,105686,0.0183755865830273,0.0183755865830273,0.891315898223037
^BVSP,2022-01-13,105686,106251,104974,105530,11712300,105530,-0.00147607062430222,-0.00147607062430222,0.890000253008697
^BVSP,2022-01-14,105530,107062,105028,106928,11457100,106928,0.0132474177958875,0.0132474177958875,0.901790458198748
^BVSP,2022-01-17,106927,106928,106097,106692,6924200,106692,-0.0022070926230735,-0.0022070926230735,0.8998001231309
^BVSP,2022-01-18,106369,107013,105786,106522,11221900,106522,-0.0015933715742511,-0.0015933715742511,0.898366407192195
^BVSP,2022-01-19,106670,108602,106669,108013,12595600,108013,0.0139971085785096,0.0139971085785096,0.91094093933695
^BVSP,2022-01-20,108015,109873,108015,109102,13630500,109102,0.0100821197448455,0.0100821197448455,0.920125154967827
^BVSP,2022-01-21,109097,109786,108368,108942,13408400,108942,-0.0014665175707137,-0.0014665175707137,0.918775775260811
^BVSP,2022-01-24,108941,108948,106624,107752,12700800,107752,-0.0109232435607938,-0.0109232435607938,0.90873976368988
^BVSP,2022-01-25,107935,110115,107185,109845,13713900,109845,0.0194242334249015,0.0194242334249015,0.926391336982282
^BVSP,2022-01-26,110207,112695,110204,111573,15513800,111573,0.0157312576812783,0.0157312576812783,0.940964637818054
^BVSP,2022-01-27,111303,113057,111303,112315,14812000,112315,0.00665035447644136,0.00665035447644136,0.947222386209341
^BVSP,2022-01-28,112611,112969,111407,111478,13520100,111478,-0.00745225481903578,-0.00745225481903578,0.940163443617014
^BVSP,2022-01-31,111910,112495,111195,112388,12190800,112388,0.00816304562335168,0.00816304562335168,0.947838040700667
^BVSP,2022-02-01,112143,113302,112135,113147,11133300,113147,0.00675339004164144,0.00675339004164144,0.954239160685824
^BVSP,2022-02-02,113228,113666,111645,112161,11751200,112161,-0.00871432737942679,-0.00871432737942679,0.945923608241338
^BVSP,2022-02-03,111897,112502,111225,111696,11039700,111696,-0.00414582608928238,-0.00414582608928238,0.942001973467823
^BVSP,2022-02-04,111696,112415,110321,112245,0,112245,0.00491512677266859,0.00491512677266859,0.946632032587521
^BVSP,2022-02-07,112247,112517,111490,111996,10672800,111996,-0.00221836161967126,-0.00221836161967126,0.944532060418478
^BVSP,2022-02-08,111995,112251,110943,112234,10157500,112234,0.00212507589556776,0.00212507589556776,0.946539262732664
^BVSP,2022-02-09,112233,113163,111710,112461,13794500,112461,0.0020225600085535,0.0020225600085535,0.948453695191993
^BVSP,2022-02-10,112462,113812,112163,113359,13267900,113359,0.0079849903522109,0.0079849903522109,0.956027088797619
^BVSP,2022-02-11,113368,114899,113128,113572,18602800,113572,0.00187898622958915,0.00187898622958915,0.957823450532585
^BVSP,2022-02-14,113643,114167,113358,113807,10757600,113807,0.00206917197900891,0.00206917197900891,0.959805351977264
^BVSP,2022-02-15,113905,114819,113882,114660,11649600,114660,0.00749514528983286,0.00749514528983286,0.966999232540293
^BVSP,2022-02-16,114830,115734,114816,115181,12052100,115181,0.00454386882958313,0.00454386882958313,0.971393150211263
^BVSP,2022-02-17,115181,115214,113389,113528,10807500,113528,-0.014351325305389,-0.014351325305389,0.957452371113155
^BVSP,2022-02-18,113534,114213,112701,112768,11300700,112768,-0.00669438376435771,-0.00669438376435771,0.951042817504829
^BVSP,2022-02-21,112880,113405,111608,111725,7864900,111725,-0.0092490777525539,-0.0092490777525539,0.942246548539719
^BVSP,2022-02-22,111727,113315,111727,112892,12707000,112892,0.0104452897739986,0.0104452897739986,0.952088586777767
^BVSP,2022-02-23,112892,113721,111748,112008,12120600,112008,-0.00783049286043303,-0.00783049286043303,0.944633263896504
^BVSP,2022-02-24,112001,112001,109125,111592,16794700,111592,-0.00371402042711233,-0.00371402042711233,0.941124876658262
^BVSP,2022-02-25,111591,113142,110673,113142,17555700,113142,0.0138898845795397,0.0138898845795397,0.954196992569979
^BVSP,2022-03-02,113143,115429,113143,115174,0,115174,0.0179597320181719,0.0179597320181719,0.971334114849081
^BVSP,2022-03-03,115173,115948,115010,115166,12123000,115166,-6.94601212078982e-05,-6.94601212078982e-05,0.97126664586373
^BVSP,2022-03-04,115166,115166,113389,114474,10715700,114474,-0.00600871785075452,-0.00600871785075452,0.965430578630887
^BVSP,2022-03-07,114469,114529,111140,111593,14057700,111593,-0.0251672868948407,-0.0251672868948407,0.941133310281431
^BVSP,2022-03-08,111594,112390,110969,111203,15698500,111203,-0.00349484286648805,-0.00349484286648805,0.93784419724558
^BVSP,2022-03-09,111210,114051,111207,113900,14705400,113900,0.024252942816291,0.024252942816291,0.960589678931967
^BVSP,2022-03-10,113900,113939,111889,113663,12984000,113663,-0.00208077260755046,-0.00208077260755046,0.95859091024095
^BVSP,2022-03-11,113664,114627,111332,111713,12475800,111713,-0.0171559786386071,-0.0171559786386071,0.942145345061693
^BVSP,2022-03-14,111716,112299,109717,109928,10480900,109928,-0.0159784447647096,-0.0159784447647096,0.927091327705297
^BVSP,2022-03-15,109925,109925,107781,108959,13653800,108959,-0.00881486063605264,-0.00881486063605264,0.918919146854681
^BVSP,2022-03-16,108958,111183,108958,111112,13205200,111112,0.0197597261355189,0.0197597261355189,0.937076737537214
^BVSP,2022-03-17,111113,113088,111070,113076,14407500,113076,0.0176758585931311,0.0176758585931311,0.953640373440835
^BVSP,2022-03-18,113076,115311,112475,115311,19552500,115311,0.019765467473204,0.019765467473204,0.972489521223214
^BVSP,2022-03-21,115307,116360,115208,116155,10378700,116155,0.00731933640329197,0.00731933640329197,0.979607499177723
^BVSP,2022-03-22,116157,117541,116157,117272,11382700,117272,0.00961646076363487,0.00961646076363487,0.989027856257328
^BVSP,2022-03-23,117270,118270,117036,117457,11083700,117457,0.0015775291629716,0.0015775291629716,0.990588076543565
^BVSP,2022-03-24,117460,119256,117151,119053,13474400,119053,0.0135879513353823,0.0135879513353823,1.00404813912105
^BVSP,2022-03-25,119062,119729,118548,119081,13814500,119081,0.000235189369440558,0.000235189369440558,1.00428428056978
^BVSP,2022-03-28,119082,119444,118061,118738,9167700,118738,-0.00288039233798842,-0.00288039233798842,1.00139154782286
^BVSP,2022-03-29,118740,120900,118740,120014,12931900,120014,0.0107463491047517,0.0107463491047517,1.01215285098631
^BVSP,2022-03-30,120013,120531,119775,120260,10893300,120260,0.00204976086123287,0.00204976086123287,1.01422752228585
^BVSP,2022-03-31,120261,120880,119999,119999,11202100,119999,-0.00217029768834187,-0.00217029768834187,1.01202634663878
^BVSP,2022-04-01,120001,121579,120001,121570,13780900,121570,0.0130917757647981,0.0130917757647981,1.02527556863704
^BVSP,2022-04-04,121569,121570,120754,121280,8812500,121280,-0.00238545693838943,-0.00238545693838943,1.02282981791808
^BVSP,2022-04-05,121279,121628,118794,118885,11788300,118885,-0.019747691292876,-0.019747691292876,1.00263129042868
^BVSP,2022-04-06,118885,118885,116791,118228,13410800,118228,-0.00552634899272408,-0.00552634899272408,0.997090400006748
^BVSP,2022-04-07,118226,119247,117509,118862,11520100,118862,0.0053625198768481,0.0053625198768481,1.0024373170958
^BVSP,2022-04-08,118861,118868,117487,118322,11225800,118322,-0.0045430835759116,-0.0045430835759116,0.99788316058462
^BVSP,2022-04-11,118320,118320,116953,116953,9558400,116953,-0.0115701222088876,-0.0115701222088876,0.986337530466465
^BVSP,2022-04-12,116963,118615,116054,116147,11406800,116147,-0.00689165733243269,-0.00689165733243269,0.979540030192372
^BVSP,2022-04-13,116150,117329,116150,116782,12070500,116782,0.00546720965672809,0.00546720965672809,0.984895380904592
^BVSP,2022-04-14,116781,116781,115624,116182,10365400,116182,-0.0051377780822387,-0.0051377780822387,0.979835207003282
^BVSP,2022-04-18,116182,116191,115177,115687,8404900,115687,-0.00426055671274384,-0.00426055671274384,0.975660563534701
^BVSP,2022-04-19,115687,115687,114277,115057,0,115057,-0.00544572856068526,-0.00544572856068526,0.970347380938326
^BVSP,2022-04-20,115057,115057,113945,114344,10747700,114344,-0.00619692847892783,-0.00619692847892783,0.964334207618936
^BVSP,2022-04-22,114343,114343,110591,111078,10877300,111078,-0.0285629329042189,-0.0285629329042189,0.936789994349474
^BVSP,2022-04-25,111077,111155,109222,110685,11098300,110685,-0.00353805434019339,-0.00353805434019339,0.933475580444116
^BVSP,2022-04-26,110684,110685,107978,108213,11747500,108213,-0.0223336495460089,-0.0223336495460089,0.91262766397072
^BVSP,2022-04-27,108214,110107,108214,109349,11515700,109349,0.0104978144954857,0.0104978144954857,0.922208259890533
^BVSP,2022-04-28,109349,110702,108905,109919,11129900,109919,0.00521266769700679,0.00521266769700679,0.927015425096777
^BVSP,2022-04-29,109922,111819,107876,107876,13662200,107876,-0.0185864136318562,-0.0185864136318562,0.909785532962817
^BVSP,2022-05-02,107876,107884,105218,106639,11935100,106639,-0.0114668693685343,-0.0114668693685343,0.899353141102951
^BVSP,2022-05-03,106640,107127,106033,106528,9935500,106528,-0.001040894982136,-0.001040894982136,0.898417008931208
^BVSP,2022-05-04,106529,108382,104933,108344,14558600,108344,0.0170471613097025,0.0170471613097025,0.913732468605839
^BVSP,2022-05-05,108337,108337,103923,105304,13826200,105304,-0.0280587757513107,-0.0280587757513107,0.888094254172536
^BVSP,2022-05-06,105303,106268,103984,105135,14137700,105135,-0.00160487730760461,-0.00160487730760461,0.886668971857001
^BVSP,2022-05-09,105109,105109,102768,103250,13196700,103250,-0.0179293289580064,-0.0179293289580064,0.870771592183719
^BVSP,2022-05-10,103251,104286,102386,103110,13507400,103110,-0.00135593220338981,-0.00135593220338981,0.86959088494008
^BVSP,2022-05-11,103110,105374,103008,104397,13425100,104397,0.0124818155368054,0.0124818155368054,0.88044495795839
^BVSP,2022-05-12,104395,105708,103579,105688,13995600,105688,0.0123662557353181,0.0123662557353181,0.891332765469375
^BVSP,2022-05-13,105691,107773,105691,106924,12369300,106924,0.0116947997880554,0.0116947997880554,0.901756723706073
^BVSP,2022-05-16,108685,108685,108199,108233,10596900,108233,0.0122423403538963,0.0122423403538963,0.912796336434097
^BVSP,2022-05-17,108246,109774,108245,108789,16503400,108789,0.00513706540519054,0.00513706540519054,0.917485430915977
^BVSP,2022-05-18,107903,108096,106038,106247,14752800,106247,-0.0233663329932254,-0.0233663329932254,0.896047160820761
^BVSP,2022-05-19,106249,107420,105760,107005,11426400,107005,0.00713431908665663,0.00713431908665663,0.90243984718275
^BVSP,2022-05-20,108520,108795,107351,108488,12866400,108488,0.0138591654595579,0.0138591654595579,0.914946910342153
^BVSP,2022-05-23,108500,110680,108500,110346,10682700,110346,0.0171263181181329,0.0171263181181329,0.930616582189876
^BVSP,2022-05-24,110340,110635,108399,110581,11724400,110581,0.00212966487231081,0.00212966487231081,0.932598483634556
^BVSP,2022-05-25,110085,111006,109699,110580,10737700,110580,-9.04314484406754e-06,-9.04314484406754e-06,0.932590050011387
^BVSP,2022-05-26,110577,112102,110388,111890,13077400,111890,0.0118466268764694,0.0118466268764694,0.94363809636258
^BVSP,2022-05-27,111890,112441,111558,111942,9979300,111942,0.000464742157476161,0.000464742157476161,0.94407664476736
^BVSP,2022-05-30,111944,112690,110655,111032,7284500,111032,-0.00812920976934484,-0.00812920976934484,0.936402047683707
^BVSP,2022-05-31,111036,111903,110685,111351,15809400,111351,0.00287304560847312,0.00287304560847312,0.93909237347457
^BVSP,2022-06-01,111351,111931,110822,111360,9790200,111360,8.08254977504586e-05,8.08254977504586e-05,0.939168276083089
^BVSP,2022-06-02,111363,112709,111218,112393,10051100,112393,0.00927622126436778,0.00927622126436778,0.947880208816511
^BVSP,2022-06-03,112392,112392,110935,111102,8757500,111102,-0.0114864804747626,-0.0114864804747626,0.936992401305526
^BVSP,2022-06-06,111102,111935,110015,110186,8212400,110186,-0.00824467606343715,-0.00824467606343715,0.92926720248286
^BVSP,2022-06-07,110185,110435,109394,110070,9466200,110070,-0.00105276532408838,-0.00105276532408838,0.928288902195273
^BVSP,2022-06-08,110067,110142,108045,108368,10379900,108368,-0.0154628872535659,-0.0154628872535659,0.913934875561891
^BVSP,2022-06-09,108367,108510,107068,107094,11955500,107094,-0.0117562380038387,-0.0117562380038387,0.903190439644777
^BVSP,2022-06-10,107091,107092,104648,105481,12840500,105481,-0.015061534726502,-0.015061534726502,0.889587005473423
^BVSP,2022-06-13,105476,105478,101700,102598,13837900,102598,-0.0273319365572947,-0.0273319365572947,0.865272869877629
^BVSP,2022-06-14,102598,103328,101325,102063,11563200,102063,-0.00521452659895905,-0.00521452659895905,0.860760881482295
^BVSP,2022-06-15,102068,103952,102046,102807,16023500,102807,0.00728961523764737,0.00728961523764737,0.867035497119919
^BVSP,2022-06-17,102800,102801,98402,99825,18927300,99825,-0.0290058069975779,-0.0290058069975779,0.84188643283041
^BVSP,2022-06-20,99824,100481,98409,99853,10900800,99853,0.00028049085900328,0.00028049085900328,0.842122574279138
^BVSP,2022-06-21,99854,101069,99167,99685,11072300,99685,-0.0016824732356564,-0.0016824732356564,0.840705725586771
^BVSP,2022-06-22,99678,100374,98050,99522,11675100,99522,-0.00163515072478304,-0.00163515072478304,0.839331045010248
^BVSP,2022-06-23,99523,100232,97775,98080,12397700,98080,-0.0144892586563775,-0.0144892586563775,0.827169760400767
^BVSP,2022-06-24,98081,99313,98031,98672,10345200,98672,0.00603588907014685,0.00603588907014685,0.832162465316726
^BVSP,2022-06-27,98673,101106,98672,100764,9895900,100764,0.0212015566726123,0.0212015566726123,0.849805604985959
^BVSP,2022-06-28,100766,102237,99956,100591,10493900,100591,-0.00171688301377471,-0.00171688301377471,0.848346588177748
^BVSP,2022-06-29,100592,101313,99218,99622,10448100,99622,-0.00963306856478219,-0.00963306856478219,0.840174407327133
^BVSP,2022-06-30,99619,99619,97758,98542,14588800,98542,-0.0108409789002429,-0.0108409789002429,0.831066094304776
^BVSP,2022-07-01,98542,99340,97231,98954,11609800,98954,0.00418095837307941,0.00418095837307941,0.834540747050341
^BVSP,2022-07-04,98952,99353,98264,98609,6279300,98609,-0.0034864684600926,-0.0034864684600926,0.831631147057088
^BVSP,2022-07-05,98608,98608,96499,98295,13358800,98295,-0.00318429352290361,-0.00318429352290361,0.82898298938207
^BVSP,2022-07-06,98294,99141,97423,98719,13348200,98719,0.00431354595859412,0.00431354595859412,0.832558845605662
^BVSP,2022-07-07,98722,101420,98722,100730,12696300,100730,0.0203709518937591,0.0203709518937591,0.849518861798219
^BVSP,2022-07-08,100732,101577,99958,100289,9730400,100289,-0.00437804030576794,-0.00437804030576794,0.845799633980756
^BVSP,2022-07-11,100282,100282,97854,98212,8893400,98212,-0.0207101476732244,-0.0207101476732244,0.828282998659055
^BVSP,2022-07-12,98212,98737,97253,98271,12566300,98271,0.000600741253614645,0.000600741253614645,0.828780582426017
^BVSP,2022-07-13,98258,98928,97403,97881,12208100,97881,-0.00396861739475529,-0.00396861739475529,0.825491469390166
^BVSP,2022-07-14,97879,97879,95431,96121,12579000,96121,-0.0179810177664715,-0.0179810177664715,0.810648292612991
^BVSP,2022-07-15,96119,96971,95267,96551,11347600,96551,0.00447352815721858,0.00447352815721858,0.814274750575596
^BVSP,2022-07-18,96553,98291,96553,96916,10738200,96916,0.00378038549574833,0.00378038549574833,0.817353023032226
^BVSP,2022-07-19,96920,98346,96917,98245,10295900,98245,0.0137129060217096,0.0137129060217096,0.828561308223627
^BVSP,2022-07-20,98244,98366,97277,98287,12941700,98287,0.000427502671891622,0.000427502671891622,0.828915520396719
^BVSP,2022-07-21,98286,99057,97088,99033,10060000,99033,0.00759001699105677,0.00759001699105677,0.835207003280681
^BVSP,2022-07-22,99034,99724,98321,98925,10033500,98925,-0.00109054557571719,-0.00109054557571719,0.834296171978445
^BVSP,2022-07-25,98926,100508,98925,100270,8621800,100270,0.0135961587060904,0.0135961587060904,0.845639395140548
^BVSP,2022-07-26,100270,100753,99365,99772,9136600,99772,-0.00496659020644263,-0.00496659020644263,0.84143945080246
^BVSP,2022-07-27,99773,101471,99772,101438,10263100,101438,0.0166980716032554,0.0166980716032554,0.855489867001764
^BVSP,2022-07-28,101437,102686,101045,102597,11130000,102597,0.0114256984561998,0.0114256984561998,0.86526443625446
^BVSP,2022-07-29,102597,103989,102514,103165,12934200,103165,0.00553622425606992,0.00553622425606992,0.870054734214367
^BVSP,2022-08-01,103165,103317,101764,102225,11626700,102225,-0.00911161731207288,-0.00911161731207288,0.862127128435648
^BVSP,2022-08-02,102225,103660,101694,103362,10124500,103362,0.0111225238444608,0.0111225238444608,0.87171615797863
^BVSP,2022-08-03,103362,103878,102822,103775,12379600,103775,0.00399566571854271,0.00399566571854271,0.875199244347365
^BVSP,2022-08-04,103777,106162,103777,105892,15499000,105892,0.0203999036376776,0.0203999036376776,0.89305322459582
^BVSP,2022-08-05,105893,107176,105518,106472,12947500,106472,0.00547727873682624,0.00547727873682624,0.897944726033753
^BVSP,2022-08-08,106473,108489,106473,108402,12674600,108402,0.0181268314674281,0.0181268314674281,0.914221618749632
^BVSP,2022-08-09,108403,109331,107842,108651,12147900,108651,0.00229700559030266,0.00229700559030266,0.916321590918676
^BVSP,2022-08-10,108658,110362,108657,110236,13376200,110236,0.0145879927474206,0.0145879927474206,0.929688883641303
^BVSP,2022-08-11,110236,111310,109604,109718,14944800,109718,-0.00469900939801882,-0.00469900939801882,0.925320266839838
^BVSP,2022-08-12,109718,112764,109718,112764,18704900,112764,0.0277620809712171,0.0277620809712171,0.951009083012154
^BVSP,2022-08-15,112767,113214,111067,113032,15552900,113032,0.00237664502855517,0.00237664502855517,0.953269294021406
^BVSP,2022-08-16,113034,113626,112690,113512,12986400,113512,0.00424658503786546,0.00424658503786546,0.957317433142454
^BVSP,2022-08-17,113508,114146,112483,113708,14652800,113708,0.00172668968919587,0.00172668968919587,0.958970423283548
^BVSP,2022-08-18,113708,114375,113304,113813,10644200,113813,0.000923417877370047,0.000923417877370047,0.959855953716277
^BVSP,2022-08-19,113807,113807,111146,111496,12678600,111496,-0.0203579555938249,-0.0203579555938249,0.940315248834053
^BVSP,2022-08-22,111487,111487,109858,110501,11010900,110501,-0.00892408696276103,-0.00892408696276103,0.931923793781048
^BVSP,2022-08-23,110504,112965,110503,112857,11892000,112857,0.0213210740174297,0.0213210740174297,0.951793409966857
^BVSP,2022-08-24,112856,113888,112632,112898,13758600,112898,0.000363291599103199,0.000363291599103199,0.95213918851678
^BVSP,2022-08-25,112898,114156,112768,113532,11838500,113532,0.00561568849758198,0.00561568849758198,0.957486105605831
^BVSP,2022-08-26,113533,114091,111978,112299,11159700,112299,-0.0108603741676355,-0.0108603741676355,0.947087448238639
^BVSP,2022-08-29,112296,113222,111689,112323,9795800,112323,0.000213715171105688,0.000213715171105688,0.947289855194692
^BVSP,2022-08-30,112323,112869,110103,110431,11937900,110431,-0.0168442794441032,-0.0168442794441032,0.931333440159228
^BVSP,2022-08-31,110431,111364,109523,109523,14791100,109523,-0.00822232887504415,-0.00822232887504415,0.923675710321913
^BVSP,2022-09-01,109524,110405,108217,110405,14478000,110405,0.00805310300119611,0.00805310300119611,0.931114165956838
^BVSP,2022-09-02,110409,112264,110409,110864,16691800,110864,0.00415742040668454,0.00415742040668454,0.93498519899134
^BVSP,2022-09-05,110868,112671,110865,112203,9515500,112203,0.0120778611632271,0.0120778611632271,0.94627782041443
^BVSP,2022-09-06,112203,112203,109348,109764,14296100,109764,-0.0217373867008903,-0.0217373867008903,0.925708213505606
^BVSP,2022-09-08,109771,110768,108619,109916,13759500,109916,0.0013847891840677,0.0013847891840677,0.926990124227271
^BVSP,2022-09-09,109922,112540,109922,112300,12155200,112300,0.0216892900032752,0.0216892900032752,0.947095881861808
^BVSP,2022-09-12,112307,114160,112305,113407,11707100,113407,0.00985752448797861,0.00985752448797861,0.956431902709724
^BVSP,2022-09-13,113398,113400,110522,110794,12612500,110794,-0.0230409057641945,-0.0230409057641945,0.934394845369521
^BVSP,2022-09-14,110794,111504,110118,110547,11630900,110547,-0.00222936260086282,-0.00222936260086282,0.932311740446815
^BVSP,2022-09-15,110547,111100,109524,109954,11622500,109954,-0.00536423421712029,-0.00536423421712029,0.927310601907687
^BVSP,2022-09-16,109951,109952,108489,109280,18843300,109280,-0.00612983611328377,-0.00612983611328377,0.921626339891882
^BVSP,2022-09-19,109283,111976,108508,111824,12594800,111824,0.0232796486090776,0.0232796486090776,0.943081477233436
^BVSP,2022-09-20,111824,112544,111393,112517,12570300,112517,0.00619723851767073,0.00619723851767073,0.948925978089449
^BVSP,2022-09-21,112517,113294,111380,111936,14726800,111936,-0.0051636641574162,-0.0051636641574162,0.944026043028347
^BVSP,2022-09-22,111942,114392,111819,114070,15684400,114070,0.019064465408805,0.019064465408805,0.962023394870672
^BVSP,2022-09-23,112258,112457,110732,111716,13542300,111716,-0.0206364513018322,-0.0206364513018322,0.9421706459312
^BVSP,2022-09-26,111713,111713,109022,109114,13127000,109114,-0.0232912026925418,-0.0232912026925418,0.920226358445853
^BVSP,2022-09-27,109122,110161,108120,108376,14517500,108376,-0.00676356837802661,-0.00676356837802661,0.914002344547242
^BVSP,2022-09-28,108377,108970,107914,108451,13540500,108451,0.000692035136930613,0.000692035136930613,0.914634866284906
^BVSP,2022-09-29,108449,108449,106244,107664,14588500,107664,-0.00725673345566202,-0.00725673345566202,0.907997604851021
^BVSP,2022-09-30,107664,110502,107315,110037,16536300,110037,0.0220407935800266,0.0220407935800266,0.928010592630701
^BVSP,2022-10-03,110048,116134,110048,116134,20982900,116134,0.055408635277225,0.055408635277225,0.979430393091177
^BVSP,2022-10-04,116704,118280,115837,116230,16078700,116230,0.000826631305216319,0.000826631305216319,0.980240020915387
^BVSP,2022-10-05,116231,117514,115906,117198,13555200,117198,0.00832831454873961,0.00832831454873961,0.988403768142833
^BVSP,2022-10-06,117200,118382,117144,117561,14520500,117561,0.0030973224799058,0.0030973224799058,0.991465173353126
^BVSP,2022-10-07,117560,117960,115924,116375,13616500,116375,-0.0100883796497138,-0.0100883796497138,0.98146289627487
^BVSP,2022-10-10,116377,116841,115261,115941,11429900,115941,-0.00372932330827069,-0.00372932330827069,0.977802703819589
^BVSP,2022-10-11,115928,115928,114297,114827,13137900,114827,-0.00960833527397553,-0.00960833527397553,0.968407647609491
^BVSP,2022-10-13,114819,115367,112690,114300,14583700,114300,-0.00458951291943532,-0.00458951291943532,0.963963128199507
^BVSP,2022-10-14,114301,114712,111631,112072,13096100,112072,-0.0194925634295713,-0.0194925634295713,0.94517301577931
^BVSP,2022-10-17,112107,114406,112090,113624,11633000,113624,0.0138482404168749,0.0138482404168749,0.958261998937365
^BVSP,2022-10-18,113627,115795,113627,115743,14744200,115743,0.0186492290361191,0.0186492290361191,0.976132846432157
^BVSP,2022-10-19,115744,116459,115264,116274,12729900,116274,0.00458775044711124,0.00458775044711124,0.980611100334816
^BVSP,2022-10-20,116276,117367,116276,117171,16915800,117171,0.00771453635378494,0.00771453635378494,0.988176060317274
^BVSP,2022-10-21,117170,120752,116736,119929,18579800,119929,0.0235382475185839,0.0235382475185839,1.01143599301696
^BVSP,2022-10-24,119922,119924,115793,116013,13278800,116013,-0.032652652819585,-0.032652652819585,0.978409924687746
^BVSP,2022-10-25,116016,116203,114626,114626,14727200,114626,-0.011955556704852,-0.011955556704852,0.966712489352552
^BVSP,2022-10-26,114626,114626,112577,112764,16088200,112764,-0.0162441330937134,-0.0162441330937134,0.951009083012154
^BVSP,2022-10-27,112766,116236,112765,114641,15530800,114641,0.0166453832783513,0.0166453832783513,0.966838993700085
^BVSP,2022-10-28,114636,114712,113336,114539,14392400,114539,-0.000889734039305257,-0.000889734039305257,0.965978764136862
^BVSP,2022-10-31,114533,116763,112113,116037,21637900,116037,0.0130785147417036,0.0130785147417036,0.978612331643799
^BVSP,2022-11-01,116037,118261,115547,116929,17969700,116929,0.00768720321966265,0.00768720321966265,0.986135123510413
^BVSP,2022-11-03,116927,117373,114485,116896,15634600,116896,-0.0002822225453053,-0.0002822225453053,0.98585681394584
^BVSP,2022-11-04,116907,120039,116904,118155,16209500,118155,0.0107702573227484,0.0107702573227484,0.996474745515422
^BVSP,2022-11-07,118148,118240,115266,115342,15221900,115342,-0.0238077102111633,-0.0238077102111633,0.972750963541448
^BVSP,2022-11-08,115340,117072,114688,116160,14239800,116160,0.00709195262783724,0.00709195262783724,0.979649667293567
^BVSP,2022-11-09,116153,116183,113110,113580,20531600,113580,-0.0222107438016529,-0.0222107438016529,0.957890919517935
^BVSP,2022-11-10,113579,113579,108516,109775,26029300,109775,-0.0335006163056876,-0.0335006163056876,0.925800983360462
^BVSP,2022-11-11,109775,113010,109408,112253,25038700,112253,0.0225734456843543,0.0225734456843543,0.946699501572872
^BVSP,2022-11-14,112256,114322,111930,113161,15080400,113161,0.00808887067606201,0.00808887067606201,0.954357231410187
^BVSP,2022-11-16,113166,113473,109512,110243,18351000,110243,-0.0257862691209869,-0.0257862691209869,0.929747919003484
^BVSP,2022-11-17,110241,110242,107245,109703,23119600,109703,-0.00489827018495503,-0.00489827018495503,0.925193762492305
^BVSP,2022-11-18,109706,111585,108512,108880,18769100,108880,-0.00750207378102696,-0.00750207378102696,0.918252890624342
^BVSP,2022-11-21,108868,110235,107957,109748,16651600,109748,0.0079720793534166,0.0079720793534166,0.925573275534903
^BVSP,2022-11-22,109750,110224,107867,109037,15056500,109037,-0.00647847796770784,-0.00647847796770784,0.919576969461851
^BVSP,2022-11-23,109036,109285,107902,108683,13198400,108683,-0.00324660436365642,-0.00324660436365642,0.916591466860079
^BVSP,2022-11-24,108846,112612,108846,111831,10296900,111831,0.0289649715226852,0.0289649715226852,0.943140512595617
^BVSP,2022-11-25,111831,112025,108552,108977,12309100,108977,-0.0255206516976509,-0.0255206516976509,0.91907095207172
^BVSP,2022-11-28,108977,109476,108378,108782,11492600,108782,-0.00178936839883648,-0.00178936839883648,0.917426395553795
^BVSP,2022-11-29,108784,112187,108784,110910,14721700,110910,0.0195620598996158,0.0195620598996158,0.935373145657107
^BVSP,2022-11-30,110910,112486,110202,112486,19703200,112486,0.0142097195924624,0.0142097195924624,0.948664535771213
^BVSP,2022-12-01,112479,112479,110548,110926,15193700,110926,-0.0138683925110681,-0.0138683925110681,0.935508083627808
^BVSP,2022-12-02,110926,113761,109963,111924,15982000,111924,0.00899698898364676,0.00899698898364676,0.94392483955032
^BVSP,2022-12-05,111922,112150,109270,109401,12308400,109401,-0.0225420821271577,-0.0225420821271577,0.922646808295313
^BVSP,2022-12-06,109403,110663,109217,109533,13437500,109533,0.00120657032385441,0.00120657032385441,0.923760046553601
^BVSP,2022-12-07,110188,110247,108612,109361,13825300,109361,-0.00157030301370364,-0.00157030301370364,0.922309463368559
^BVSP,2022-12-08,109068,109286,106906,107245,14921000,107245,-0.0193487623558672,-0.0193487623558672,0.904463916743273
^BVSP,2022-12-09,107250,108566,107089,107689,10676300,107689,0.00414005314933097,0.00414005314933097,0.908208445430242
^BVSP,2022-12-12,107518,107561,103877,105264,15481900,105264,-0.0225185487839984,-0.0225185487839984,0.887756909245782
^BVSP,2022-12-13,105345,106689,103409,103892,17702200,103892,-0.0130338957288342,-0.0130338957288342,0.87618597825812
^BVSP,2022-12-14,103536,104516,101632,103803,24923500,103803,-0.000856658838024105,-0.000856658838024105,0.875435385796093
^BVSP,2022-12-15,103739,105483,103014,103738,15568200,103738,-0.000626186141055696,-0.000626186141055696,0.874887200290117
^BVSP,2022-12-16,103737,104018,102248,102825,18255000,102825,-0.00880101794906396,-0.00880101794906396,0.867187302336958
^BVSP,2022-12-19,102859,105107,102770,104530,16773400,104530,0.0165815706297108,0.0165815706297108,0.881566629839846
^BVSP,2022-12-20,104740,107792,104607,106979,19125600,106979,0.0234286807615038,0.0234286807615038,0.902220572980359
^BVSP,2022-12-21,106866,107991,106066,107313,17634900,107313,0.0031221080772863,0.0031221080772863,0.905037403118755
^BVSP,2022-12-22,107436,108383,106510,107317,11494600,107317,3.72741419958356e-05,3.72741419958356e-05,0.90507113761143
^BVSP,2022-12-23,107552,109994,107552,109698,12847100,109698,0.0221866060363223,0.0221866060363223,0.925151594376461
^BVSP,2022-12-26,109699,109755,108309,108738,5219500,108738,-0.0087512990209484,-0.0087512990209484,0.917055316134365
^BVSP,2022-12-27,108739,109353,107418,108347,11158100,108347,-0.00359579907667973,-0.00359579907667973,0.913757769475345
^BVSP,2022-12-28,108578,110536,108578,110237,11193900,110237,0.0174439532243624,0.0174439532243624,0.929697317264471
^BVSP,2022-12-29,110237,111178,109560,110031,13389100,110031,-0.00186870107132819,-0.00186870107132819,0.927959990891688
^BVSP,2023-01-02,109734,109734,105981,106376,8130500,106376,-0.0332179113159019,-0.0332179113159019,0.897135098209543
^BVSP,2023-01-03,106377,106684,103852,104166,14466700,104166,-0.0207753628638039,-0.0207753628638039,0.878496791006385
^BVSP,2023-01-04,104167,105627,103915,105334,14451200,105334,0.0112128717623792,0.0112128717623792,0.888347262867601
^BVSP,2023-01-05,105336,107743,105333,107518,15512000,107518,0.0207340459870506,0.0207340459870506,0.906766295868369
^BVSP,2023-01-06,107642,109433,107642,108836,12626600,108836,0.0122584125448761,0.0122584125448761,0.917881811204912
^BVSP,2023-01-09,108964,109938,108134,109227,12047300,109227,0.00359256128486907,0.00359256128486907,0.921179357863933
^BVSP,2023-01-10,109129,111193,108478,110912,13697900,110912,0.0154265886639751,0.0154265886639751,0.935390012903444
^BVSP,2023-01-11,110816,111841,110752,111763,14461400,111763,0.00767274956722441,0.00767274956722441,0.942567026220135
^BVSP,2023-01-12,112516,113129,110982,111877,19839100,111877,0.00102001556865861,0.00102001556865861,0.943528459261384
^BVSP,2023-01-13,111843,111847,110428,110916,15939000,110916,-0.00858979057357634,-0.00858979057357634,0.93542374739612
^BVSP,2023-01-16,110908,110908,108753,109213,12512400,109213,-0.0153539615564932,-0.0153539615564932,0.921061287139569
^BVSP,2023-01-17,109214,111577,109214,111439,14363200,111439,0.0203821889335518,0.0203821889335518,0.939834532313428
^BVSP,2023-01-18,111442,113306,111441,112452,14128600,112452,0.00909017489388808,0.00909017489388808,0.948377792583472
^BVSP,2023-01-19,112219,113172,111307,113006,15594300,113006,0.00492654643759116,0.00492654643759116,0.953050019819015
^BVSP,2023-01-20,112922,113025,111735,112301,15436600,112301,-0.00623860679963895,-0.00623860679963895,0.947104315484976
^BVSP,2023-01-23,112041,113061,111542,111709,13701000,111709,-0.00527154700314336,-0.00527154700314336,0.942111610569017
^BVSP,2023-01-24,111746,113040,111669,113028,11551500,113028,0.0118074640360222,0.0118074640360222,0.95323555952873
^BVSP,2023-01-25,113028,114386,111927,114195,11413000,114195,0.0103248752521499,0.0103248752521499,0.963077597766777
^BVSP,2023-01-26,114271,114835,113591,114109,10920800,114109,-0.000753097771356015,-0.000753097771356015,0.962352306174256
^BVSP,2023-01-27,114178,114191,112044,112502,10614500,112502,-0.0140830258787651,-0.0140830258787651,0.948799473741915
^BVSP,2023-01-30,112319,112920,111824,111888,11272700,111888,-0.00545768075234221,-0.00545768075234221,0.943621229116241
^BVSP,2023-01-31,112273,113581,112145,113532,12900200,113532,0.0146932646932647,0.0146932646932647,0.95748610560583
^BVSP,2023-02-01,113430,113598,110729,112303,17821500,112303,-0.0108251418102385,-0.0108251418102385,0.947121182731314
^BVSP,2023-02-02,112072,112943,109747,109935,15241800,109935,-0.021085812489426,-0.021085812489426,0.927150363067478
^BVSP,2023-02-03,110141,110570,108185,108490,13235300,108490,-0.0131441306226406,-0.0131441306226406,0.91496377758849
^BVSP,2023-02-06,108518,108710,107416,108456,11514600,108456,-0.000313392939441437,-0.000313392939441437,0.914677034400749
^BVSP,2023-02-07,108727,109037,107234,107920,12956300,107920,-0.00494209633399723,-0.00494209633399723,0.910156612382246
^BVSP,2023-02-08,107832,110175,107830,109882,13837000,109882,0.0181801334321721,0.0181801334321721,0.926703381039529
^BVSP,2023-02-09,109952,110046,107781,107783,12956000,107783,-0.0191023097504596,-0.0191023097504596,0.909001206008113
^BVSP,2023-02-10,108002,108647,107620,108150,14458000,108150,0.00340498965514047,0.00340498965514047,0.912096345711081
^BVSP,2023-02-13,108074,109193,107420,108846,9973600,108846,0.00643550624133149,0.00643550624133149,0.917966147436601
^BVSP,2023-02-14,108839,109564,107557,107659,11894600,107659,-0.0109053157672308,-0.0109053157672308,0.907955436735176
^BVSP,2023-02-15,107849,110210,107267,109442,15499500,109442,0.0165615508225043,0.0165615508225043,0.922992586845235
^BVSP,2023-02-16,109599,110437,108378,109905,12995900,109905,0.00423055134226358,0.00423055134226358,0.926897354372412
^BVSP,2023-02-17,109941,109941,108968,109303,10058400,109303,-0.00547745780446751,-0.00547745780446751,0.921820313224765
^BVSP,2023-02-22,109174,109174,106720,107152,9356400,107152,-0.0196792402770281,-0.0196792402770281,0.903679589788569
^BVSP,2023-02-23,107152,108663,106731,107720,11459000,107720,0.00530088099148873,0.00530088099148873,0.908469887748476
^BVSP,2023-02-24,107582,107611,105360,105873,10221100,105873,-0.0171463052357965,-0.0171463052357965,0.892892985755611
^BVSP,2023-02-27,105807,106402,105227,105711,9570700,105711,-0.00153013516193934,-0.00153013516193934,0.891526738802257
^BVSP,2023-02-28,105706,106794,104932,104932,15672400,104932,-0.00736914796000421,-0.00736914796000421,0.884956946353723
^BVSP,2023-03-01,104933,105497,103105,104385,19853000,104385,-0.00521289978271644,-0.00521289978271644,0.880343754480363
^BVSP,2023-03-02,104375,104912,103321,103326,14738800,103326,-0.0101451357953729,-0.0101451357953729,0.871412547544551
^BVSP,2023-03-03,103326,104440,103323,103866,13101500,103866,0.00522617734161779,0.00522617734161779,0.87596670405573
^BVSP,2023-03-06,103865,105171,103170,104700,14277800,104700,0.00802957656981107,0.00802957656981107,0.88300034577855
^BVSP,2023-03-07,104700,105179,103480,104228,12578200,104228,-0.00450811843361987,-0.00450811843361987,0.879019675642853
^BVSP,2023-03-08,104228,106721,104228,106540,15904100,106540,0.0221821391564647,0.0221821391564647,0.898518212409233
^BVSP,2023-03-09,106540,106724,105053,105071,19174300,105071,-0.0137882485451474,-0.0137882485451474,0.886129219974193
^BVSP,2023-03-10,105071,105071,103201,103618,17952200,103618,-0.0138287443728526,-0.0138287443728526,0.873875165509855
^BVSP,2023-03-13,103608,103907,102255,103121,12993800,103121,-0.00479646393483757,-0.00479646393483757,0.869683654794937
^BVSP,2023-03-14,103121,104153,102482,102932,13133800,102932,-0.00183279836308803,-0.00183279836308803,0.868089700016024
^BVSP,2023-03-15,102930,103048,100692,102675,15246500,102675,-0.00249679399992231,-0.00249679399992231,0.86592225886163
^BVSP,2023-03-16,102683,103911,102455,103435,14385800,103435,0.00740199659118579,0.00740199659118579,0.872331812469956
^BVSP,2023-03-17,103434,103434,101664,101982,17560000,101982,-0.0140474694252429,-0.0140474694252429,0.860077758005617
^BVSP,2023-03-20,101982,102328,100679,100923,0,100923,-0.0103841854444902,-0.0103841854444902,0.851146551069805
^BVSP,2023-03-21,100923,101670,100923,100998,9672100,100998,0.000743140810320675,0.000743140810320675,0.851779072807469
^BVSP,2023-03-22,100998,101888,100129,100221,11504600,100221,-0.00769322164795339,-0.00769322164795339,0.845226147605273
^BVSP,2023-03-23,100221,101126,96997,97926,0,97926,-0.0228993923429222,-0.0228993923429222,0.825870982432763
^BVSP,2023-03-24,97926,99258,97688,98829,0,98829,0.00922124869799634,0.00922124869799634,0.833486544154234
^BVSP,2023-03-27,98833,99997,98833,99670,9990600,99670,0.00850964797782017,0.00850964797782017,0.840579221239237
^BVSP,2023-03-28,99672,101559,99488,101185,13500100,101185,0.0152001605297483,0.0152001605297483,0.853356160340044
^BVSP,2023-03-29,101185,102213,100248,101793,12456100,101793,0.00600879577012403,0.00600879577012403,0.858483803226704
^BVSP,2023-03-30,101796,104085,101796,103713,14901600,103713,0.01886180778639,0.01886180778639,0.874676359710895
^BVSP,2023-03-31,103714,104041,101476,101882,15111200,101882,-0.0176544888297513,-0.0176544888297513,0.859234395688732
^BVSP,2023-04-03,101883,101916,100651,101506,12794800,101506,-0.00369054396262347,-0.00369054396262347,0.856063353377244
^BVSP,2023-04-04,101505,103056,101505,101869,11695800,101869,0.0035761432821706,0.0035761432821706,0.859124758587537
^BVSP,2023-04-05,101869,101960,99898,100978,13256500,100978,-0.00874652740284088,-0.00874652740284088,0.851610400344092
^BVSP,2023-04-06,100978,101628,100443,100822,9818500,100822,-0.00154489096634913,-0.00154489096634913,0.850294755129751
^BVSP,2023-04-10,100822,102196,100819,101847,8148700,101847,0.0101664319295391,0.0101664319295391,0.858939218877822
^BVSP,2023-04-11,101849,106455,101848,106214,18725700,106214,0.0428780425540272,0.0428780425540272,0.895768851256188
^BVSP,2023-04-12,106218,108277,106217,106890,17345500,106890,0.00636450938670996,0.00636450938670996,0.901469980518331
^BVSP,2023-04-13,106890,107037,106220,106458,12182900,106458,-0.00404153802975016,-0.00404153802975016,0.897826655309388
^BVSP,2023-04-14,106458,106701,104934,106279,11501000,106279,-0.00168141426665913,-0.00168141426665913,0.896317036762164
^BVSP,2023-04-17,106279,106830,105623,106016,10253400,106016,-0.00247461869230992,-0.00247461869230992,0.894098993868756
^BVSP,2023-04-18,106023,106475,105122,106163,11207900,106163,0.00138658315725926,0.00138658315725926,0.895338736474577
^BVSP,2023-04-19,106149,106149,103604,103913,12713600,103913,-0.0211938245904882,-0.0211938245904882,0.876363084344665
^BVSP,2023-04-20,103913,104615,103087,104367,12378000,104367,0.00436903948495382,0.00436903948495382,0.880191949263323
^BVSP,2023-04-24,104367,104822,103247,103947,10935400,103947,-0.00402426054212535,-0.00402426054212535,0.876649827532406
^BVSP,2023-04-25,103947,103947,102633,103220,10873200,103220,-0.00699394883931237,-0.00699394883931237,0.870518583488653
^BVSP,2023-04-26,103220,103668,102233,102312,10115500,102312,-0.00879674481689596,-0.00879674481689596,0.862860853651337
^BVSP,2023-04-27,102310,103177,101975,102923,11302800,102923,0.00597192900148569,0.00597192900148569,0.868013797407505
^BVSP,2023-04-28,102923,104432,102449,104432,13080900,104432,0.0146614459353109,0.0146614459353109,0.880740134769298
^BVSP,2023-05-02,104431,104447,101569,101927,12018000,101927,-0.023986900566876,-0.023986900566876,0.85961390873133
^BVSP,2023-05-03,101927,102331,101433,101797,11688200,101797,-0.00127542260637514,-0.00127542260637514,0.85851753771938
^BVSP,2023-05-04,101798,103321,101063,102174,14837300,102174,0.00370344902109099,0.00370344902109099,0.861697013654036
^BVSP,2023-05-05,102175,105306,102175,105148,16699500,105148,0.0291072092704603,0.0291072092704603,0.886778608958195
^BVSP,2023-05-08,105161,106716,105161,106042,13259200,106042,0.00850230151786047,0.00850230151786047,0.894318268071146
^BVSP,2023-05-09,106028,107731,105549,107114,13526600,107114,0.0101092020142963,0.0101092020142963,0.903359112108153
^BVSP,2023-05-10,107114,107744,106538,107448,13576900,107448,0.0031181731613048,0.0031181731613048,0.906175942246549
^BVSP,2023-05-11,107446,108667,106419,108256,12772100,108256,0.00751991661082574,0.00751991661082574,0.912990309766979
^BVSP,2023-05-12,108256,108817,107497,108464,11925000,108464,0.00192137156370076,0.00192137156370076,0.9147445033861
^BVSP,2023-05-15,108469,109271,108356,109029,11603200,109029,0.00520910163740962,0.00520910163740962,0.9195095004765
^BVSP,2023-05-16,109029,110151,108085,108194,16897300,108194,-0.0076585128727219,-0.0076585128727219,0.912467425130511
^BVSP,2023-05-17,108194,109774,108188,109460,13993000,109460,0.0117012033939035,0.0117012033939035,0.923144392062274
^BVSP,2023-05-18,109459,110206,108864,110108,13613100,110108,0.00591997076557638,0.00591997076557638,0.928609379875688
^BVSP,2023-05-19,110113,111211,109787,110745,16135800,110745,0.00578522904784395,0.00578522904784395,0.933981597834246
^BVSP,2023-05-22,110745,111643,110178,110213,11769400,110213,-0.00480382861528739,-0.00480382861528739,0.929494910308418
^BVSP,2023-05-23,110213,111325,109713,109929,12334800,109929,-0.00257682850480434,-0.00257682850480434,0.927099761328464
^BVSP,2023-05-24,109920,109920,108546,108800,12980200,108800,-0.0102702653530915,-0.0102702653530915,0.917578200770833
^BVSP,2023-05-25,108800,111115,108800,110054,14745300,110054,0.0115257352941176,0.0115257352941176,0.928153964224571
^BVSP,2023-05-26,110058,111706,109900,110906,11019700,110906,0.00774165409707961,0.00774165409707961,0.93533941116443
^BVSP,2023-05-29,110906,111168,110195,110333,5913000,110333,-0.00516653742809226,-0.00516653742809226,0.93050694508868
^BVSP,2023-05-30,110333,111291,108552,108967,11588000,108967,-0.0123807020565017,-0.0123807020565017,0.918986615840031
^BVSP,2023-05-31,108967,109137,108193,108335,15861100,108335,-0.00579992107702332,-0.00579992107702332,0.913656565997318
^BVSP,2023-06-01,108339,110745,108335,110565,14669000,110565,0.0205842987030969,0.0205842987030969,0.932463545663853
^BVSP,2023-06-02,110568,113070,110567,112558,14545800,112558,0.0180255958033735,0.0180255958033735,0.94927175663937
^BVSP,2023-06-05,112558,113071,111736,112696,9078800,112696,0.00122603457772885,0.00122603457772885,0.950435596636671
^BVSP,2023-06-06,112697,114783,112696,114610,15025400,114610,0.0169837438773337,0.0169837438773337,0.966577551381849
^BVSP,2023-06-07,114610,115978,114610,115488,14017100,115488,0.00766076258616177,0.00766076258616177,0.973982272524099
^BVSP,2023-06-09,115489,117603,115489,117019,13527100,117019,0.0132567885840953,0.0132567885840953,0.986894149595608
^BVSP,2023-06-12,117022,117735,116704,117336,12016200,117336,0.00270896179252933,0.00270896179252933,0.989567608140133
^BVSP,2023-06-13,117337,117924,116363,116743,12392200,116743,-0.00505386241221795,-0.00505386241221795,0.984566469601005
^BVSP,2023-06-14,116753,119085,116745,119069,16938600,119069,0.0199241067986946,0.0199241067986946,1.00418307709175
^BVSP,2023-06-15,119068,119686,118693,119221,12298000,119221,0.00127657072789722,0.00127657072789722,1.00546498781341
^BVSP,2023-06-16,119208,119555,118487,118758,15251700,118758,-0.00388354400650892,-0.00388354400650892,1.00156022028624
^BVSP,2023-06-19,118757,119939,118558,119858,6776300,119858,0.00926253389245346,0.00926253389245346,1.01083720577197
^BVSP,2023-06-20,119858,119858,118416,119622,10924200,119622,-0.00196899664603112,-0.00196899664603112,1.00884687070412
^BVSP,2023-06-21,119623,120519,119332,120420,11736700,120420,0.00667101369313339,0.00667101369313339,1.01557690199286
^BVSP,2023-06-22,120420,120420,118018,118934,11831500,118934,-0.0123401428334163,-0.0123401428334163,1.00304453796395
^BVSP,2023-06-23,118959,119386,118178,118977,12845400,118977,0.000361545058603863,0.000361545058603863,1.00340718376022
^BVSP,2023-06-26,118977,119148,117491,118243,10456600,118243,-0.00616925960479753,-0.00616925960479753,0.99721690435428
^BVSP,2023-06-27,118246,119212,116561,117523,13077000,117523,-0.00608915538340538,-0.00608915538340538,0.991144695672708
^BVSP,2023-06-28,117524,117937,116560,116681,10646300,116681,-0.00716455502327207,-0.00716455502327207,0.984043584964536
^BVSP,2023-06-29,116683,118623,116683,118383,11055300,118383,0.0145867793385384,0.0145867793385384,0.998397611597918
^BVSP,2023-06-30,118388,119447,118087,118087,13824700,118087,-0.00250035900424894,-0.00250035900424894,0.995901259139939
^BVSP,2023-07-03,118092,119877,118092,119673,8907500,119673,0.0134307756145893,0.0134307756145893,1.00927698548573
^BVSP,2023-07-04,119673,119678,118830,119076,6555200,119076,-0.00498859391842776,-0.00498859391842776,1.00424211245393
^BVSP,2023-07-05,119072,120200,118688,119549,10959000,119549,0.00397225301488136,0.00397225301488136,1.0082312162128
^BVSP,2023-07-06,119548,119548,117096,117426,11025700,117426,-0.0177584086859781,-0.0177584086859781,0.990326634225329
^BVSP,2023-07-07,117427,119549,117427,118898,10521000,118898,0.012535554306542,0.012535554306542,1.00274092752988
^BVSP,2023-07-10,118897,118897,117814,117942,8104000,117942,-0.0080405053070699,-0.0080405053070699,0.994678383780456
^BVSP,2023-07-11,117942,117942,115704,117220,10592500,117220,-0.00612165301588918,-0.00612165301588918,0.988589307852546
^BVSP,2023-07-12,117557,119156,117557,117666,8941200,117666,0.00380481146562017,0.00380481146562017,0.992350703785853
^BVSP,2023-07-13,117671,119739,117668,119264,9257600,119264,0.0135808134890283,0.0135808134890283,1.00582763360968
^BVSP,2023-07-14,119268,119329,117526,117711,8980000,117711,-0.0130215320633217,-0.0130215320633217,0.992730216828452
^BVSP,2023-07-17,117711,118302,116591,118219,8201900,118219,0.00431565444181081,0.00431565444181081,0.997014497398227
^BVSP,2023-07-18,118218,118732,117324,117841,8584800,117841,-0.00319745556974771,-0.00319745556974771,0.993826587840402
^BVSP,2023-07-19,117842,118011,116660,117552,9728700,117552,-0.00245245712443043,-0.00245245712443043,0.991389270744604
^BVSP,2023-07-20,117558,118290,117484,118083,8986400,118083,0.00451714985708462,0.00451714985708462,0.995867524647264
^BVSP,2023-07-21,118090,120373,118086,120217,11181500,120217,0.018072034077725,0.018072034077725,1.01386487648959
^BVSP,2023-07-24,120220,121772,120099,121342,10494800,121342,0.00935807747656314,0.00935807747656314,1.02335270255454
^BVSP,2023-07-25,121344,123010,121344,122008,11427100,122008,0.00548861894480068,0.00548861894480068,1.028969495585
^BVSP,2023-07-26,122003,122747,121370,122560,9988800,122560,0.00452429348895156,0.00452429348895156,1.0336248555742
^BVSP,2023-07-27,122560,122599,119825,119990,10678700,119990,-0.0209693211488251,-0.0209693211488251,1.01195044403026
^BVSP,2023-07-28,120002,120660,119706,120187,8464200,120187,0.00164180348362364,0.00164180348362364,1.01361186779452
^BVSP,2023-07-31,120188,122149,120188,121943,10122700,121943,0.0146105652025594,0.0146105652025594,1.02842131007902
^BVSP,2023-08-01,121945,121945,120154,121248,10302800,121248,-0.00569938413849092,-0.00569938413849092,1.02255994197667
^BVSP,2023-08-02,121249,121252,119798,120859,10565900,120859,-0.00320830034309849,-0.00320830034309849,1.01927926256399
^BVSP,2023-08-03,120859,122619,120365,120586,13027300,120586,-0.00225883053806497,-0.00225883053806497,1.01697688343889
^BVSP,2023-08-04,120586,121442,119215,119508,15065200,119508,-0.00893967790622463,-0.00893967790622463,1.00788543766287
^BVSP,2023-08-07,119509,120104,118894,119380,8726500,119380,-0.00107105800448504,-0.00107105800448504,1.00680593389726
^BVSP,2023-08-08,119378,119553,117492,119090,10246000,119090,-0.00242921762439274,-0.00242921762439274,1.0043601831783
^BVSP,2023-08-09,119090,119090,117901,118409,11245600,118409,-0.00571836426232264,-0.00571836426232264,0.998616885800309
^BVSP,2023-08-10,118412,119438,118113,118350,12689600,118350,-0.000498272935334332,-0.000498272935334332,0.998119302033347
^BVSP,2023-08-11,118350,119054,117415,118065,11867500,118065,-0.00240811153358678,-0.00240811153358678,0.995715719430224
^BVSP,2023-08-14,118067,118082,116530,116810,11203500,116810,-0.0106297378562656,-0.0106297378562656,0.985131522353318
^BVSP,2023-08-15,116809,117697,116033,116171,14636000,116171,-0.00547042205290638,-0.00547042205290638,0.979742437148423
^BVSP,2023-08-16,116171,117338,115534,115592,18862600,115592,-0.00498403215948906,-0.00498403215948906,0.974859369333659
^BVSP,2023-08-17,115592,116610,114859,114982,12747500,114982,-0.00527718181189008,-0.00527718181189008,0.969714859200661
^BVSP,2023-08-18,114973,115729,114423,115409,10601000,115409,0.00371362474126391,0.00371362474126391,0.97331601629376
^BVSP,2023-08-21,115404,115425,114067,114429,9794400,114429,-0.00849153878813613,-0.00849153878813613,0.965051065588287
^BVSP,2023-08-22,114433,116286,114433,116156,9828500,116156,0.0150923279937778,0.0150923279937778,0.979615932800891
^BVSP,2023-08-23,116160,118135,116159,118135,11542800,118135,0.0170374324184717,0.0170374324184717,0.996306073052044
^BVSP,2023-08-24,118135,118136,116848,117026,9196200,117026,-0.00938756507385619,-0.00938756507385619,0.98695318495779
^BVSP,2023-08-25,117025,117252,115397,115837,9214100,115837,-0.0101601353545366,-0.0101601353545366,0.976925607010027
^BVSP,2023-08-28,115838,117253,115836,117121,9596900,117121,0.0110845412087675,0.0110845412087675,0.98775437915883
^BVSP,2023-08-29,117124,118493,117124,118404,9631600,118404,0.010954482970603,0.010954482970603,0.998574717684464
^BVSP,2023-08-30,118404,118841,117471,117535,8924000,117535,-0.00733927907840948,-0.00733927907840948,0.991245899150734
^BVSP,2023-08-31,117537,117637,115742,115742,12950000,115742,-0.0152550304164717,-0.0152550304164717,0.976124412808987
^BVSP,2023-09-01,115744,117991,115744,117893,11890700,117893,0.0185844378013167,0.0185844378013167,0.994265136245182
^BVSP,2023-09-04,117893,118576,117590,117777,5529700,117777,-0.000983943067018433,-0.000983943067018433,0.993286835957596
^BVSP,2023-09-05,117776,117957,116637,117331,10870700,117331,-0.00378681746011533,-0.00378681746011533,0.989525440024289
^BVSP,2023-09-06,117331,117971,115984,115985,9916100,115985,-0.0114718190418559,-0.0114718190418559,0.978173783239017
^BVSP,2023-09-08,115979,115979,114839,115313,8360700,115313,-0.0057938526533603,-0.0057938526533603,0.97250638846955
^BVSP,2023-09-11,115316,117131,115316,116883,8789000,116883,0.0136151171160233,0.0136151171160233,0.985747176844644
^BVSP,2023-09-12,116885,118154,116885,117968,9192800,117968,0.00928278706056473,0.00928278706056473,0.994897657982846
^BVSP,2023-09-13,117968,119318,117722,118176,12075300,118176,0.00176319001763181,0.00176319001763181,0.996651851601966
^BVSP,2023-09-14,118181,119748,118181,119392,13279300,119392,0.0102897373409152,0.0102897373409152,1.00690713737529
^BVSP,2023-09-15,119393,119780,118666,118758,16107600,118758,-0.0053102385419459,-0.0053102385419459,1.00156022028624
^BVSP,2023-09-18,118759,119486,118123,118288,11273100,118288,-0.00395762811768474,-0.00395762811768474,0.997596417396877
^BVSP,2023-09-19,118293,118458,117628,117846,11453800,117846,-0.00373664277018804,-0.00373664277018804,0.993868755956246
^BVSP,2023-09-20,117864,119616,117847,118695,9238800,118695,0.00720431749910899,0.00720431749910899,1.0010289020266
^BVSP,2023-09-21,118695,118695,116013,116145,12685800,116145,-0.0214836345254644,-0.0214836345254644,0.979523162946032
^BVSP,2023-09-22,116147,116968,115855,116009,9443500,116009,-0.00117095010547164,-0.00117095010547164,0.978376190195069
^BVSP,2023-09-25,116009,116031,115573,115925,9580000,115925,-0.000724081752277894,-0.000724081752277894,0.977667765848886
^BVSP,2023-09-26,115922,115922,114162,114193,11241800,114193,-0.0149406944144921,-0.0149406944144921,0.963060730520438
^BVSP,2023-09-27,114194,115340,113366,114327,13359300,114327,0.00117345196290497,0.00117345196290497,0.964190836025064
^BVSP,2023-09-28,114875,115954,114811,115731,10387000,115731,0.0122805636463827,0.0122805636463827,0.976031642954129
^BVSP,2023-09-29,115742,116899,115742,116565,11143200,116565,0.00720636648780371,0.00720636648780371,0.983065284676949
^BVSP,2023-10-02,116565,116672,114761,115057,8524900,115057,-0.0129369879466392,-0.0129369879466392,0.970347380938324
^BVSP,2023-10-03,115055,115056,113151,113419,11104800,113419,-0.0142364219473826,-0.0142364219473826,0.956533106187749
^BVSP,2023-10-04,113430,114075,113036,113607,10813800,113607,0.00165757060104577,0.00165757060104577,0.958118627343493
^BVSP,2023-10-05,113609,114359,112705,113284,9507200,113284,-0.00284313466599773,-0.00284313466599773,0.955394567059954
^BVSP,2023-10-06,113283,114491,111599,114170,13138200,114170,0.00782105151654244,0.00782105151654244,0.962866757187555
^BVSP,2023-10-09,114169,115219,113448,115156,9474400,115156,0.00863624419724962,0.00863624419724962,0.97118230963204
^BVSP,2023-10-10,115158,116900,115158,116737,11621500,116737,0.013729202125812,0.013729202125812,0.984515867861992
^BVSP,2023-10-11,116737,117099,116231,117051,9949800,117051,0.00268980700206445,0.00268980700206445,0.98716402553701
^BVSP,2023-10-13,117050,117070,115658,115754,10609300,115754,-0.0110806400628786,-0.0110806400628786,0.976225616287012
^BVSP,2023-10-16,115760,116905,115760,116534,8989900,116534,0.00673842804568303,0.00673842804568303,0.982803842358715
^BVSP,2023-10-17,116526,116917,115564,115908,10371700,115908,-0.00537182281565896,-0.00537182281565896,0.977524394255015
^BVSP,2023-10-18,115907,115907,113952,114060,15492200,114060,-0.0159436794699245,-0.0159436794699245,0.961939058638981
^BVSP,2023-10-19,114059,115063,113768,114004,11497600,114004,-0.000490969665088548,-0.000490969665088548,0.961466775741525
^BVSP,2023-10-20,113996,114090,112533,113155,11739200,113155,-0.0074471071190485,-0.0074471071190485,0.954306629671172
^BVSP,2023-10-23,113145,113680,112164,112785,10701800,112785,-0.00326985108921396,-0.00326985108921396,0.951186189098698
^BVSP,2023-10-24,112814,114249,112814,113762,10711800,113762,0.0086624994458484,0.0086624994458484,0.959425838934664
^BVSP,2023-10-25,113762,114319,112680,112830,12306500,112830,-0.00819254232520528,-0.00819254232520528,0.951565702141296
^BVSP,2023-10-26,112840,114886,112840,114777,12770600,114777,0.0172560489231588,0.0172560489231588,0.967985966451046
^BVSP,2023-10-27,114777,115342,112953,113301,12289500,113301,-0.0128597192817377,-0.0128597192817377,0.955537938653824
^BVSP,2023-10-30,113303,114204,112309,112532,9741800,112532,-0.00678723047457652,-0.00678723047457652,0.949052482436979
^BVSP,2023-10-31,112534,113597,112098,113144,10557400,113144,0.00543845306224,0.00543845306224,0.954213859816315
^BVSP,2023-11-01,113157,115433,113157,115053,13904100,115053,0.0168723043201584,0.0168723043201584,0.970313646445649
^BVSP,2023-11-03,115062,118502,115062,118160,15714000,118160,0.0270049455468349,0.0270049455468349,0.996516913631264
^BVSP,2023-11-06,118160,118758,118045,118487,10167700,118487,0.00276743398781321,0.00276743398781321,0.999274708407478
^BVSP,2023-11-07,118422,119577,118026,119268,16393100,119268,0.00659144041118442,0.00659144041118442,1.00586136810235
^BVSP,2023-11-08,119268,119976,118464,119099,15193500,119099,-0.00141697689237685,-0.00141697689237685,1.00443608578681
^BVSP,2023-11-09,119180,120257,118446,119012,15568300,119012,-0.00073048472279369,-0.00073048472279369,1.00370236057112
^BVSP,2023-11-10,119036,120823,119036,120636,0,120636,0.0136456827882903,0.0136456827882903,1.01739856459734
^BVSP,2023-11-13,120561,120606,119878,120376,11198000,120376,-0.00215524387413379,-0.00215524387413379,1.01520582257343
^BVSP,2023-11-14,120411,123370,120411,123328,19427900,123328,0.0245231607629428,0.0245231607629428,1.04010187816788
^BVSP,2023-11-16,123165,124737,123165,124576,18355600,124576,0.010119356512714,0.010119356512714,1.0506270398826
^BVSP,2023-11-17,124639,125431,124547,125062,15719100,125062,0.00390123298227585,0.00390123298227585,1.05472578074266
^BVSP,2023-11-20,124773,126162,124773,126095,11108500,126095,0.00825990308806834,0.00825990308806834,1.06343771347609
^BVSP,2023-11-21,125957,125957,125060,125607,10793500,125607,-0.00387009794202786,-0.00387009794202786,1.05932210536969
^BVSP,2023-11-22,125626,126875,125439,126035,14058500,126035,0.00340745340625914,0.00340745340625914,1.06293169608595
^BVSP,2023-11-23,126035,126760,125764,126576,7816400,126576,0.0042924584440831,0.0042924584440831,1.0674942862203
^BVSP,2023-11-24,126553,126553,125341,125542,9613100,125542,-0.00816900518265706,-0.00816900518265706,1.05877391986371
^BVSP,2023-11-27,125517,125826,124840,125683,11013800,125683,0.00112313010785225,0.00112313010785225,1.05996306073052
^BVSP,2023-11-28,125726,126916,125388,126538,12394200,126538,0.0068028293404836,0.0068028293404836,1.06717380853989
^BVSP,2023-11-29,126541,127388,126018,126101,12417500,126101,-0.00345350803711142,-0.00345350803711142,1.0634883152151
^BVSP,2023-11-30,126168,127399,126168,127331,19238400,127331,0.00975408601042016,0.00975408601042016,1.07386167171278
^BVSP,2023-12-01,127331,128165,126656,128103,13696500,128103,0.00606293832609506,0.00606293832609506,1.08037242879913
^BVSP,2023-12-04,128183,128183,126643,126803,10270500,126803,-0.0101480839636855,-0.0101480839636855,1.06940871867963
^BVSP,2023-12-05,126802,127489,126491,126903,11960300,126903,0.00078862487480591,0.00078862487480591,1.07025208099652
^BVSP,2023-12-06,126907,127538,125614,125623,10837300,125623,-0.0100864439768957,-0.0100864439768957,1.05945704334039
^BVSP,2023-12-07,125623,126581,125566,126010,10505300,126010,0.00308064606003677,0.00308064606003677,1.06272085550673
^BVSP,2023-12-08,126010,127289,125562,127094,10745300,127094,0.00860249186572504,0.00860249186572504,1.07186290302177
^BVSP,2023-12-11,127093,127154,126526,126916,7091900,126916,-0.00140053818433605,-0.00140053818433605,1.07036171809771
^BVSP,2023-12-12,126923,127359,126013,126403,10266500,126403,-0.00404204355636795,-0.00404204355636795,1.06603526941209
^BVSP,2023-12-13,126406,129793,126299,129465,15066200,129465,0.0242241086050172,0.0242241086050172,1.09185902355511
^BVSP,2023-12-14,129469,131260,129469,130842,15822800,130842,0.0106360792492179,0.0106360792492179,1.10347212265861
^BVSP,2023-12-15,130842,131661,129884,130197,15141000,130197,-0.00492960975833445,-0.00492960975833445,1.09803243571471
^BVSP,2023-12-18,130202,131447,130198,131084,9604400,131084,0.00681275298201967,0.00681275298201967,1.10551305946548
^BVSP,2023-12-19,131088,132047,131086,131851,9429700,131851,0.00585120991120203,0.00585120991120203,1.11198164843598
^BVSP,2023-12-20,131851,132341,130710,130804,10335800,130804,-0.00794078163988143,-0.00794078163988143,1.1031516449782
^BVSP,2023-12-21,130826,132277,130822,132182,8681000,132182,0.0105348460291734,0.0105348460291734,1.11477317770487
^BVSP,2023-12-22,132553,133035,132094,132753,8231100,132753,0.00431980148583011,0.00431980148583011,1.11958877653429
^BVSP,2023-12-26,132753,133645,132753,133533,0,133533,0.00587557343336864,0.00587557343336864,1.12616700260599
^BVSP,2023-12-27,133523,134195,133328,134194,6168200,134194,0.00495008724435153,0.00495008724435153,1.1317416275206
^BVSP,2023-12-28,134194,134392,133832,134185,7812700,134185,-6.70670819857833e-05,-6.70670819857833e-05,1.13166572491208
^BVSP,2024-01-02,134186,134195,132095,132697,8437800,132697,-0.0110891679397847,-0.0110891679397847,1.11911649363683
^BVSP,2024-01-03,132697,133576,132250,132834,8702400,132834,0.00103242725909403,0.00103242725909403,1.12027190001096
^BVSP,2024-01-04,132831,132885,131024,131226,8972300,131226,-0.0121053344776186,-0.0121053344776186,1.10671063395545
^BVSP,2024-01-05,131218,132635,130579,132023,9199700,132023,0.00607349153368997,0.00607349153368997,1.11343223162102
^BVSP,2024-01-08,132023,132498,131015,132427,8497500,132427,0.00306007286609145,0.00306007286609145,1.11683941538124
^BVSP,2024-01-09,132424,132426,131203,131447,9287500,131447,-0.00740030356347265,-0.00740030356347265,1.10857446467577
^BVSP,2024-01-10,131447,131628,130438,130841,8958400,130841,-0.00461022313175652,-0.00461022313175652,1.10346368903544
^BVSP,2024-01-11,130841,131308,129898,130649,9761700,130649,-0.00146742993404203,-0.00146742993404203,1.10184443338703
^BVSP,2024-01-12,130652,131927,130410,130988,10661900,130988,0.00259473857434811,0.00259473857434811,1.10470343164127
^BVSP,2024-01-15,130988,131606,130253,131521,5746600,131521,0.00406907502977383,0.00406907502977383,1.10919855279026
^BVSP,2024-01-16,131515,131517,129147,129294,11911300,129294,-0.0169326571422054,-0.0169326571422054,1.09041687399323
^BVSP,2024-01-17,129293,129296,128312,128524,9952500,128524,-0.00595541943168287,-0.00595541943168287,1.08392298415322
^BVSP,2024-01-18,128524,129047,127316,127316,12460800,127316,-0.00939902275061466,-0.00939902275061466,1.07373516736525
^BVSP,2024-01-19,127319,127820,126533,127636,11956900,127636,0.00251343114769553,0.00251343114769553,1.07643392677928
^BVSP,2024-01-22,127636,127843,125876,126602,9509100,126602,-0.00810116268137517,-0.00810116268137517,1.06771356042269
^BVSP,2024-01-23,126612,128331,126612,128263,9366100,128263,0.0131198559264467,0.0131198559264467,1.08172180850615
^BVSP,2024-01-24,128275,129446,127680,127816,8823800,127816,-0.00348502685887586,-0.00348502685887586,1.07795197894968
^BVSP,2024-01-25,127815,128697,127803,128169,8757600,128169,0.00276178256243353,0.00276178256243353,1.08092904792828
^BVSP,2024-01-26,128196,129252,127869,128967,8508000,128967,0.00622615453034658,0.00622615453034658,1.08765907921702
^BVSP,2024-01-29,128970,129068,127853,128503,8764500,128503,-0.00359781959726135,-0.00359781959726135,1.08374587806667
^BVSP,2024-01-30,128492,128492,127105,127402,10037400,127402,-0.00856789335657537,-0.00856789335657537,1.07446045895777
^BVSP,2024-01-31,127402,129558,127326,127752,12495200,127752,0.00274720961994324,0.00274720961994324,1.07741222706687
^BVSP,2024-02-01,127752,128481,127284,128481,10226400,128481,0.00570636858914142,0.00570636858914142,1.08356033835696
^BVSP,2024-02-02,128471,128878,126628,127182,10982800,127182,-0.0101104443458566,-0.0101104443458566,1.07260506186062
^BVSP,2024-02-05,127182,127834,126443,127593,9637200,127593,0.00323158937585499,0.00323158937585499,1.07607128098302
^BVSP,2024-02-06,127593,130417,127593,130416,13780300,130416,0.0221250382074252,0.0221250382074252,1.09987939918868
^BVSP,2024-02-07,130412,130552,129518,129608,15425400,129608,-0.00619555882713774,-0.00619555882713774,1.09306503166825
^BVSP,2024-02-08,129950,130126,127912,128217,13634900,128217,-0.0107323621998642,-0.0107323621998642,1.08133386184038
^BVSP,2024-02-09,128216,128896,127579,128026,12115800,128026,-0.00148966205729351,-0.00148966205729351,1.07972303981513
^BVSP,2024-02-14,128026,128026,126663,127018,7748300,127018,-0.00787340071547971,-0.00787340071547971,1.07122194766093
^BVSP,2024-02-15,127018,127824,126932,127804,10980100,127804,0.00618809932450515,0.00618809932450515,1.07785077547165
^BVSP,2024-02-16,127809,129069,127653,128726,10119100,128726,0.00721417170041616,0.00721417170041616,1.08562657603333
^BVSP,2024-02-19,128720,129036,128097,129036,5799100,129036,0.00240821590043971,0.00240821590043971,1.08824099921567
^BVSP,2024-02-20,129033,129916,128326,129916,12237000,129916,0.00681980222573553,0.00681980222573553,1.09566258760426
^BVSP,2024-02-21,129916,130034,129359,130032,12585700,130032,0.000892884633147517,0.000892884633147517,1.09664088789185
^BVSP,2024-02-22,130035,130829,129971,130241,10771700,130241,0.00160729666543613,0.00160729666543613,1.09840351513413
^BVSP,2024-02-23,130240,130624,129077,129419,9230300,129419,-0.00631137660183812,-0.00631137660183812,1.09147107688934
^BVSP,2024-02-26,129417,129978,129077,129609,7436900,129609,0.00146809973806006,0.00146809973806006,1.09307346529142
^BVSP,2024-02-27,129613,131696,129613,131689,10049000,131689,0.0160482682529763,0.0160482682529763,1.11061540148263
^BVSP,2024-02-28,131685,131685,129771,130155,9045600,130155,-0.0116486570632323,-0.0116486570632323,1.09767822354161
^BVSP,2024-02-29,130155,130155,128669,129020,12003100,129020,-0.00872037186431562,-0.00872037186431562,1.08810606124497
^BVSP,2024-03-01,129026,129716,128717,129180,9765100,129180,0.00124011781119204,0.00124011781119204,1.08945544095199
^BVSP,2024-03-04,129176,129307,128278,128341,7967700,128341,-0.0064948134386128,-0.0064948134386128,1.08237963111332
^BVSP,2024-03-05,128336,128989,127823,128098,9692200,128098,-0.00189339338169403,-0.00189339338169403,1.08033026068329
^BVSP,2024-03-06,128099,129323,128099,128890,11057900,128890,0.00618276631953663,0.00618276631953663,1.08700969023302
^BVSP,2024-03-07,128890,129188,128033,128340,7350000,128340,-0.00426720459306384,-0.00426720459306384,1.08237119749015
^BVSP,2024-03-08,128335,128338,125802,127071,11937900,127071,-0.00988779803646567,-0.00988779803646567,1.07166892968888
^BVSP,2024-03-11,127068,127068,126065,126124,8899100,126124,-0.00745252654028061,-0.00745252654028061,1.06368228854798
^BVSP,2024-03-12,126124,128039,126121,127668,9483700,127668,0.0122419206495195,0.0122419206495195,1.07670380272069
^BVSP,2024-03-13,127668,128530,127439,128006,8837200,128006,0.00264749193219904,0.00264749193219904,1.07955436735176
^BVSP,2024-03-14,127992,128256,127192,127690,9292600,127690,-0.002468634282768,-0.002468634282768,1.0768893424304
^BVSP,2024-03-15,127682,127957,126502,126742,14992400,126742,-0.00742423055838359,-0.00742423055838359,1.06889426766633
^BVSP,2024-03-18,126758,127540,126272,126954,10512100,126954,0.00167268940051435,0.00167268940051435,1.07068219577813
^BVSP,2024-03-19,126955,128000,126955,127529,11184800,127529,0.00452919955259379,0.00452919955259379,1.07553152910021
^BVSP,2024-03-20,127534,129210,127349,129125,10819300,129125,0.0125148005551678,0.0125148005551678,1.0889915916777
^BVSP,2024-03-21,129125,129556,128093,128159,9570800,128159,-0.00748112294288483,-0.00748112294288483,1.08084471169659
^BVSP,2024-03-22,128159,128159,126879,127027,9367800,127027,-0.00883277803353644,-0.00883277803353644,1.07129785026945
^BVSP,2024-03-25,127027,127224,126750,126931,8060500,126931,-0.000755744841647865,-0.000755744841647865,1.07048822244524
^BVSP,2024-03-26,126931,127193,126591,126863,9435700,126863,-0.000535724133584381,-0.000535724133584381,1.06991473606976
^BVSP,2024-03-27,126863,127756,126223,127691,9918200,127691,0.00652672568045842,0.00652672568045842,1.07689777605357
^BVSP,2024-03-28,127689,128364,127270,128106,9943400,128106,0.00325003328347329,0.00325003328347329,1.08039772966864
^BVSP,2024-04-01,128106,128659,126772,126990,9372600,126990,-0.00871153575944916,-0.00871153575944916,1.0709858062122
^BVSP,2024-04-02,126990,127654,126669,127549,9073600,127549,0.00440192141113482,0.00440192141113482,1.07570020156359
^BVSP,2024-04-03,127546,127694,126181,127318,11032700,127318,-0.00181106868732805,-0.00181106868732805,1.07375203461159
^BVSP,2024-04-04,127313,129627,127178,127428,13229200,127428,0.000863978384831654,0.000863978384831654,1.07467973316016
^BVSP,2024-04-05,127422,127432,126394,126795,9101300,126795,-0.00496751106507209,-0.00496751106507209,1.06934124969428
^BVSP,2024-04-08,126796,129178,126796,128857,8128300,128857,0.0162624709176229,0.0162624709176229,1.08673138066845
^BVSP,2024-04-09,128858,129956,128826,129890,8489700,129890,0.00801663859937762,0.00801663859937762,1.09544331340187
^BVSP,2024-04-10,129872,129872,127732,128054,10451800,128054,-0.0141350373392871,-0.0141350373392871,1.07995918126386
^BVSP,2024-04-11,128051,128051,127069,127396,8882900,127396,-0.00513845721336315,-0.00513845721336315,1.07440985721876
^BVSP,2024-04-12,127396,127640,125635,125946,10246600,125946,-0.0113818330245847,-0.0113818330245847,1.06218110362393
^BVSP,2024-04-15,125946,126250,125034,125334,13504500,125334,-0.00485922538230665,-0.00485922538230665,1.05701972624459
^BVSP,2024-04-16,125316,125316,123756,124389,14009800,124389,-0.00753985351141751,-0.00753985351141751,1.04904995235003
^BVSP,2024-04-17,124389,125301,123642,124171,11370900,124171,-0.00175256654527334,-0.00175256654527334,1.04721142249922
^BVSP,2024-04-18,124171,125140,123397,124196,10662400,124196,0.000201335255413992,0.000201335255413992,1.04742226307844
^BVSP,2024-04-19,124197,125509,124056,125124,13604100,125124,0.00747206029179681,0.00747206029179681,1.05524866537913
^BVSP,2024-04-22,125124,126081,124633,125573,10264100,125573,0.0035884402672548,0.0035884402672548,1.05903536218194
^BVSP,2024-04-23,125572,125826,124310,125148,11257800,125148,-0.00338448551838377,-0.00338448551838377,1.05545107233518
^BVSP,2024-04-24,125149,125473,124556,124741,10526300,124741,-0.00325214945504526,-0.00325214945504526,1.05201858770546
^BVSP,2024-04-25,124718,124732,123703,124646,10093100,124646,-0.00076157798959442,-0.00076157798959442,1.05121739350442
^BVSP,2024-04-26,124651,126826,124651,126526,8900000,126526,0.0150827142467469,0.0150827142467469,1.06707260506186
^BVSP,2024-04-29,126527,127352,126467,127352,8385100,127352,0.00652830248328407,0.00652830248328407,1.07403877779933
^BVSP,2024-04-30,127352,127352,125856,125924,10889600,125924,-0.0112130158929581,-0.0112130158929581,1.06199556391421
^BVSP,2024-05-02,125926,127670,125926,127122,11547800,127122,0.00951367491502819,0.00951367491502819,1.07209904447049
^BVSP,2024-05-03,127130,128787,127130,128509,12799200,128509,0.010910778622111,0.010910778622111,1.08379647980569
^BVSP,2024-05-06,128506,129181,128294,128466,8779100,128466,-0.000334606914690783,-0.000334606914690783,1.08343383400943
^BVSP,2024-05-07,128466,129745,128464,129210,10177500,129210,0.0057914156274812,0.0057914156274812,1.08970844964705
^BVSP,2024-05-08,129210,129564,128048,129481,9788900,129481,0.00209736088538048,0.00209736088538048,1.09199396152581
^BVSP,2024-05-09,129468,129468,127376,128188,13369000,128188,-0.00998602111506708,-0.00998602111506708,1.08108928676849
^BVSP,2024-05-10,128188,129022,127467,127600,12574200,127600,-0.00458701282491336,-0.00458701282491336,1.0761303163452
^BVSP,2024-05-13,127600,128669,127599,128155,8917300,128155,0.00434952978056424,0.00434952978056424,1.08081097720391
^BVSP,2024-05-14,128155,128965,127962,128515,11886800,128515,0.0028090983574578,0.0028090983574578,1.0838470815447
^BVSP,2024-05-15,128514,128646,127029,128028,10855600,128028,-0.00378944092129319,-0.00378944092129319,1.07973990706147
^BVSP,2024-05-16,128029,128965,127922,128284,9852200,128284,0.00199956259568213,0.00199956259568213,1.0818989145927
^BVSP,2024-05-17,128280,128464,127696,128151,10262600,128151,-0.00103676218390447,-0.00103676218390447,1.08077724271124
^BVSP,2024-05-20,128151,128730,127488,127751,9340300,127751,-0.00312131782038372,-0.00312131782038372,1.0774037934437
^BVSP,2024-05-21,127754,128272,127205,127412,9138500,127412,-0.00265359958043376,-0.00265359958043376,1.07454479518946
^BVSP,2024-05-22,127412,127412,125524,125650,12403500,125650,-0.0138291526700782,-0.0138291526700782,1.05968475116595
^BVSP,2024-05-23,125650,125665,124431,124729,9985400,124729,-0.00732988460007955,-0.00732988460007955,1.05191738422744
^BVSP,2024-05-24,124731,125257,124259,124306,9211500,124306,-0.00339135245211619,-0.00339135245211619,1.04834996162701
^BVSP,2024-05-27,124297,124535,124081,124496,4327600,124496,0.00152848615513324,0.00152848615513324,1.04995235002909
^BVSP,2024-05-28,124498,125392,123537,123780,9179800,123780,-0.00575118879321424,-0.00575118879321424,1.0439138758402
^BVSP,2024-05-29,123780,123780,122458,122707,8257700,122707,-0.00866860559056393,-0.00866860559056393,1.03486459818002
^BVSP,2024-05-31,122704,122837,121929,122098,15918600,122098,-0.00496304204324116,-0.00496304204324116,1.02972852167019
^BVSP,2024-06-03,122100,122495,121496,122032,8428100,122032,-0.000540549394748457,-0.000540549394748457,1.02917190254105
^BVSP,2024-06-04,122032,122032,120878,121802,8529300,121802,-0.00188475154057954,-0.00188475154057954,1.02723216921221
^BVSP,2024-06-05,121803,122170,121253,121407,8768700,121407,-0.00324296809576197,-0.00324296809576197,1.02390088806052
^BVSP,2024-06-06,121408,123246,121377,122899,8404200,122899,0.0122892419712208,0.0122892419712208,1.03648385382844
^BVSP,2024-06-07,122899,122899,120679,120767,9801200,120767,-0.0173475780925801,-0.0173475780925801,1.01850336923245
^BVSP,2024-06-10,120769,121421,120540,120760,6568400,120760,-5.79628540909871e-05,-5.79628540909871e-05,1.01844433387027
^BVSP,2024-06-11,120760,121759,120757,121635,7477000,121635,0.00724577674726734,0.00724577674726734,1.02582375414302
^BVSP,2024-06-12,121644,122483,119544,119936,11278800,119936,-0.0139680190734575,-0.0139680190734575,1.01149502837914
^BVSP,2024-06-13,119936,120222,119171,119568,8543000,119568,-0.00306830309498396,-0.00306830309498396,1.008391455053
^BVSP,2024-06-14,119558,120214,118828,119662,7847600,119662,0.000786163522012551,0.000786163522012551,1.00918421563088
^BVSP,2024-06-17,119663,119663,118685,119138,7380600,119138,-0.00437900085240095,-0.00437900085240095,1.0047649970904
^BVSP,2024-06-18,119138,120109,118872,119630,8100100,119630,0.00412966475851539,0.00412966475851539,1.00891433968947
^BVSP,2024-06-19,119630,120383,118960,120261,5646300,120261,0.00527459667307539,0.00527459667307539,1.01423595590902
^BVSP,2024-06-20,120267,121607,120156,120446,8659500,120446,0.0015383208188855,0.0015383208188855,1.01579617619525
^BVSP,2024-06-21,120446,121580,120061,121341,12906900,121341,0.00743071583946331,0.00743071583946331,1.02334426893137
^BVSP,2024-06-24,121343,122840,121307,122637,7836100,122637,0.0106806438054738,0.0106806438054738,1.0342742445582
^BVSP,2024-06-25,122804,122849,121997,122331,6942900,122331,-0.00249516866850952,-0.00249516866850952,1.03169355586853
^BVSP,2024-06-26,122331,122701,121402,122641,8178800,122641,0.00253410827999434,0.00253410827999434,1.03430797905088
^BVSP,2024-06-27,122642,124308,122642,124308,8707300,124308,0.0135925179996901,0.0135925179996901,1.04836682887335
^BVSP,2024-06-28,124308,124500,123298,123907,9070800,123907,-0.00322585835183575,-0.00322585835183575,1.04498494598264
^BVSP,2024-07-01,123905,125220,123735,124718,0,124718,0.00654523150427333,0.00654523150427333,1.05182461437258
^BVSP,2024-07-02,124720,125491,124310,124787,8368000,124787,0.000553248127776351,0.000553248127776351,1.05240653437123
^BVSP,2024-07-03,124787,126581,124787,125662,8534200,125662,0.00701194836000552,0.00701194836000552,1.05978595464397
^BVSP,2024-07-04,125666,126660,125666,126164,6535700,126164,0.00399484330983113,0.00399484330983113,1.06401963347474
^BVSP,2024-07-05,126165,126662,125556,126267,8085600,126267,0.000816397704574978,0.000816397704574978,1.06488829666113
^BVSP,2024-07-08,126280,126551,125614,126548,7430300,126548,0.00222544291065763,0.00222544291065763,1.06725814477157
^BVSP,2024-07-09,126548,127295,125937,127108,6684600,127108,0.00442519834371158,0.00442519834371158,1.07198097374613
^BVSP,2024-07-10,127109,127769,126928,127218,8152600,127218,0.000865405796645291,0.000865405796645291,1.0729086722947
^BVSP,2024-07-11,127221,128326,127221,128294,7972900,128294,0.00845792262101286,0.00845792262101286,1.08198325082438
^BVSP,2024-07-12,128293,129015,128002,128897,7206600,128897,0.00470014186166146,0.00470014186166146,1.0870687255952
^BVSP,2024-07-15,128898,129485,128723,129321,5826900,129321,0.00328944816403798,0.00328944816403798,1.09064458181879
^BVSP,2024-07-16,129322,129521,128761,129110,6818900,129110,-0.00163159888958486,-0.00163159888958486,1.08886508733017
^BVSP,2024-07-17,129112,129658,128741,129450,6672400,129450,0.00263341336844558,0.00263341336844558,1.09173251920757
^BVSP,2024-07-18,129450,129454,127523,127652,7591500,127652,-0.0138895326380842,-0.0138895326380842,1.07656886474998
^BVSP,2024-07-19,127652,128360,127413,127616,7620400,127616,-0.000282016732992774,-0.000282016732992774,1.0762652543159
^BVSP,2024-07-22,127616,128151,127456,127860,6098200,127860,0.00191198595787356,0.00191198595787356,1.0783230583691
^BVSP,2024-07-23,127860,127860,126530,126590,7022900,126590,-0.00993273893320823,-0.00993273893320823,1.06761235694466
^BVSP,2024-07-24,126596,126823,126218,126423,7304800,126423,-0.00131921952760883,-0.00131921952760883,1.06620394187547
^BVSP,2024-07-25,126423,126423,125626,125954,7134100,125954,-0.00370976800107581,-0.00370976800107581,1.06224857260928
^BVSP,2024-07-26,125964,127700,125953,127492,8272000,127492,0.0122108071200597,0.0122108071200597,1.07521948504297
^BVSP,2024-07-29,127492,127657,126606,126954,7075400,126954,-0.00421987261945844,-0.00421987261945844,1.07068219577813
^BVSP,2024-07-30,126951,126951,125973,126139,6848600,126139,-0.00641964806150264,-0.00641964806150264,1.06380879289551
^BVSP,2024-07-31,126139,127853,126139,127652,9471900,127652,0.0119947042548301,0.0119947042548301,1.07656886474998
^BVSP,2024-08-01,127652,128762,127150,127395,9814200,127395,-0.0020132861216432,-0.0020132861216432,1.07440142359559
^BVSP,2024-08-02,127395,128104,125731,125854,9950900,125854,-0.0120962361160171,-0.0120962361160171,1.06140521029239
^BVSP,2024-08-05,125851,125851,123073,125270,10886100,125270,-0.004640297487565,-0.004640297487565,1.05647997436178
^BVSP,2024-08-06,125270,126966,125261,126267,10052600,126267,0.00795880897261925,0.00795880897261925,1.06488829666113
^BVSP,2024-08-07,126268,127517,126268,127514,8837900,127514,0.00987589789889687,0.00987589789889687,1.07540502475268
^BVSP,2024-08-08,127515,128793,127515,128661,8624000,128661,0.00899509073513505,0.00899509073513505,1.08507839052735
^BVSP,2024-08-09,128662,130631,128662,130615,11324800,130615,0.0151871973636144,0.0151871973636144,1.10155769019928
^BVSP,2024-08-12,130615,131662,130615,131116,8601600,131116,0.00383570034069591,0.00383570034069591,1.10578293540688
^BVSP,2024-08-13,131115,132430,131115,132398,9798900,132398,0.00977760151316387,0.00977760151316387,1.11659484030934
^BVSP,2024-08-14,132398,133777,132112,133318,12158400,133318,0.00694874544932711,0.00694874544932711,1.12435377362468
^BVSP,2024-08-15,133319,134575,133319,134153,10534800,134153,0.00626322027033099,0.00626322027033099,1.13139584897067
^BVSP,2024-08-16,134154,134781,133852,133953,10871900,133953,-0.00149083509127634,-0.00149083509127634,1.1297091243369
^BVSP,2024-08-19,133953,136179,133953,135778,11281500,135778,0.0136241816159399,0.0136241816159399,1.14510048662005
^BVSP,2024-08-20,135779,136330,135312,136087,8106800,136087,0.00227577368940479,0.00227577368940479,1.14770647617923
^BVSP,2024-08-21,136088,137040,136086,136464,9572200,136464,0.00277028665486045,0.00277028665486045,1.15088595211389
^BVSP,2024-08-22,136462,136462,134836,135173,8050200,135173,-0.00946037050064485,-0.00946037050064485,1.1399981446029
^BVSP,2024-08-23,135174,136478,135174,135608,8649400,135608,0.00321809828885944,0.00321809828885944,1.14366677068135
^BVSP,2024-08-26,135608,137013,135596,136889,7560000,136889,0.00944634534835709,0.00944634534835709,1.15447024196065
^BVSP,2024-08-27,136888,137213,136664,136776,6745900,136776,-0.000825486342949433,-0.000825486342949433,1.15351724254257
^BVSP,2024-08-28,136776,137469,135746,137344,7457100,137344,0.00415277534070313,0.00415277534070313,1.15830754050247
^BVSP,2024-08-29,137349,137370,135858,136041,8385100,136041,-0.00948712721342027,-0.00948712721342027,1.14731852951346
^BVSP,2024-08-30,136041,136139,134910,136004,18397900,136004,-0.000271976830514276,-0.000271976830514276,1.14700648545621
^BVSP,2024-09-02,136004,136004,134497,134981,3666100,134981,-0.00752183759301195,-0.00752183759301195,1.13837888895448
^BVSP,2024-09-03,134907,135011,134171,134353,8802400,134353,-0.0046525066490839,-0.0046525066490839,1.13308257360444
^BVSP,2024-09-04,134359,136838,134359,136111,9419500,136111,0.0130849329750731,0.0130849329750731,1.14790888313528
^BVSP,2024-09-05,136112,136656,135959,136502,7528700,136502,0.00287265540624926,0.00287265540624926,1.1512064297943
^BVSP,2024-09-06,136508,136653,134476,134572,7563300,134572,-0.0141389869745499,-0.0141389869745499,1.13492953707842
^BVSP,2024-09-09,134574,135250,134399,134737,6587600,134737,0.00122610944327195,0.00122610944327195,1.13632108490128
^BVSP,2024-09-10,134738,134738,133754,134320,8253500,134320,-0.00309491824814268,-0.00309491824814268,1.13280426403987
^BVSP,2024-09-11,134319,135087,133757,134677,7947300,134677,0.00265783204288272,0.00265783204288272,1.13581506751115
^BVSP,2024-09-12,134677,134777,133591,134029,7004900,134029,-0.0048115119879415,-0.0048115119879415,1.13035007969774
^BVSP,2024-09-13,134031,135879,134031,134882,8866000,134882,0.00636429429451835,0.00636429429451835,1.13754396026077
^BVSP,2024-09-16,134885,135715,134870,135118,6707000,135118,0.00174967749588539,0.00174967749588539,1.13953429532861
^BVSP,2024-09-17,135118,135118,134180,134960,7314500,134960,-0.00116934827336102,-0.00116934827336102,1.13820178286794
^BVSP,2024-09-18,134960,135203,133748,133748,9792800,133748,-0.00898043864848841,-0.00898043864848841,1.12798023158729
^BVSP,2024-09-19,133748,134759,133123,133123,9254500,133123,-0.00467296707240483,-0.00467296707240483,1.12270921710676
^BVSP,2024-09-20,133121,133128,130907,131065,13605800,131065,-0.0154593871832817,-0.0154593871832817,1.10535282062527
^BVSP,2024-09-23,131065,131065,130100,130568,9140800,130568,-0.00379201159729903,-0.00379201159729903,1.10116130991035
^BVSP,2024-09-24,130570,133073,130570,132156,9367100,132156,0.0121622449604804,0.0121622449604804,1.11455390350248
^BVSP,2024-09-25,132156,132982,131489,131586,10527200,131586,-0.00431308453645696,-0.00431308453645696,1.10974673829624
^BVSP,2024-09-26,131595,133313,131594,133010,11618300,133010,0.0108218199504506,0.0108218199504506,1.12175621768868
^BVSP,2024-09-27,133010,133923,132628,132730,9338900,132730,-0.00210510487933235,-0.00210510487933235,1.1193948032014
^BVSP,2024-09-30,132761,133120,131816,131816,9131600,131816,-0.00688615987342722,-0.00688615987342722,1.11168647162507
^BVSP,2024-10-01,131817,133405,131817,132495,9841100,132495,0.00515111974267168,0.00515111974267168,1.11741290175672
^BVSP,2024-10-02,132495,134922,132495,133515,9398700,133515,0.00769840371334762,0.00769840371334762,1.12601519738895
^BVSP,2024-10-03,133514,133514,131176,131672,9821200,131672,-0.0138036924690109,-0.0138036924690109,1.11047202988876
^BVSP,2024-10-04,131672,131936,131156,131792,7054700,131792,0.000911355489397803,0.000911355489397803,1.11148406466902
^BVSP,2024-10-07,131792,132943,131676,132018,7702100,132018,0.00171482335801865,0.00171482335801865,1.11339006350518
^BVSP,2024-10-08,132016,132016,130371,131512,9093200,131512,-0.00383281067733188,-0.00383281067733188,1.10912265018174
^BVSP,2024-10-09,131510,131520,129719,129962,9220400,129962,-0.0117859967151287,-0.0117859967151287,1.09605053427003
^BVSP,2024-10-10,129963,130418,129835,130353,7617300,130353,0.00300857173635372,0.00300857173635372,1.09934808092905
^BVSP,2024-10-11,130354,130354,129338,129992,7973300,129992,-0.00276940308239937,-0.00276940308239937,1.09630354296509
^BVSP,2024-10-14,129992,131220,129729,131005,8502100,131005,0.00779278724844601,0.00779278724844601,1.10484680323514
^BVSP,2024-10-15,131005,131457,130200,131043,7982900,131043,0.000290065264684447,0.000290065264684447,1.10516728091555
^BVSP,2024-10-16,131045,132233,130780,131750,10282800,131750,0.00539517562937353,0.00539517562937353,1.11112985249593
^BVSP,2024-10-17,131716,131716,129902,130793,7086000,130793,-0.00726375711574956,-0.00726375711574956,1.10305887512334
^BVSP,2024-10-18,130793,131725,130121,130499,8683700,130499,-0.00224782671855528,-0.00224782671855528,1.1005793899117
^BVSP,2024-10-21,130499,131124,130157,130362,7774900,130362,-0.0010498164736894,-0.0010498164736894,1.09942398353756
^BVSP,2024-10-22,130346,130346,129094,129721,5522000,129721,-0.00491707706233413,-0.00491707706233413,1.09401803108633
^BVSP,2024-10-23,129949,129949,128589,129233,7962200,129233,-0.00376191981252072,-0.00376191981252072,1.08990242297993
^BVSP,2024-10-24,129233,130130,128798,130067,8310600,130067,0.00645346002955893,0.00645346002955893,1.09693606470275
^BVSP,2024-10-25,130067,130529,129806,129893,8513300,129893,-0.00133777207131713,-0.00133777207131713,1.09546861427137
^BVSP,2024-10-28,129894,131421,129894,131213,7135300,131213,0.0101622104347425,0.0101622104347425,1.10660099685426
^BVSP,2024-10-29,131214,131765,130693,130730,7636400,130730,-0.00368103770205697,-0.00368103770205697,1.1025275568637
^BVSP,2024-10-30,130730,131027,130473,130639,7327100,130639,-0.000696091180295233,-0.000696091180295233,1.10176009715534
^BVSP,2024-10-31,130639,130798,129642,129713,9068100,129713,-0.0070882355192553,-0.0070882355192553,1.09395056210098
^BVSP,2024-11-01,129718,129902,128070,128121,9897900,128121,-0.0122732494044544,-0.0122732494044544,1.08052423401617
^BVSP,2024-11-04,128130,130609,128128,130515,9013500,130515,0.0186854613997705,0.0186854613997705,1.1007143278824
^BVSP,2024-11-05,130515,130769,129692,130661,8556100,130661,0.00111864536643291,0.00111864536643291,1.10194563686505
^BVSP,2024-11-06,130613,130670,128822,130341,10540900,130341,-0.00244908580219039,-0.00244908580219039,1.09924687745102
^BVSP,2024-11-07,130341,131319,129406,129682,10520800,129682,-0.00505596857473856,-0.00505596857473856,1.09368911978275
^BVSP,2024-11-08,129647,129647,126973,127830,13183200,127830,-0.0142810875834735,-0.0142810875834735,1.07807004967404
^BVSP,2024-11-11,127829,128095,127306,127874,8395300,127874,0.000344207150121179,0.000344207150121179,1.07844112909347
^BVSP,2024-11-12,127873,128210,127411,127698,9522100,127698,-0.00137635484930476,-0.00137635484930476,1.07695681141575
^BVSP,2024-11-13,127698,128100,126869,127734,12692800,127734,0.000281915143541811,0.000281915143541811,1.07726042184983
^BVSP,2024-11-14,127734,128423,127389,127792,13138300,127792,0.000454068611333014,0.000454068611333014,1.07774957199362
^BVSP,2024-11-18,127791,128277,127226,127768,10742000,127768,-0.000187805183423095,-0.000187805183423095,1.07754716503757
^BVSP,2024-11-19,127768,128579,127235,128197,9103600,128197,0.00335764823743023,0.00335764823743023,1.08116518937701
^BVSP,2024-11-21,128197,128197,126594,126922,10271900,126922,-0.00994563055297704,-0.00994563055297704,1.07041231983672
^BVSP,2024-11-22,126944,129126,126944,129126,9186200,129126,0.017364995824207,0.017364995824207,1.08900002530087
^BVSP,2024-11-25,129125,129495,128932,129036,14411200,129036,-0.000696993634124787,-0.000696993634124787,1.08824099921567
^BVSP,2024-11-26,129043,130361,129042,129922,9745200,129922,0.00686630087727447,0.00686630087727447,1.09571318934327
^BVSP,2024-11-27,129923,130283,127669,127669,12318800,127669,-0.0173411739351304,-0.0173411739351304,1.07671223634385
^BVSP,2024-11-28,127667,127668,124390,124610,12833100,124610,-0.0239603975906446,-0.0239603975906446,1.05091378307034
^BVSP,2024-11-29,124611,126056,123946,125668,16398000,125668,0.00849049032982907,0.00849049032982907,1.05983655638298
^BVSP,2024-12-02,125668,125901,124734,125236,11517200,125236,-0.00343762930897285,-0.00343762930897285,1.05619323117404
^BVSP,2024-12-03,125235,126417,125233,126139,9990000,126139,0.00721038678974106,0.00721038678974106,1.06380879289551
^BVSP,2024-12-04,126139,126720,125828,126087,9388600,126087,-0.000412243635988907,-0.000412243635988907,1.06337024449073
^BVSP,2024-12-05,126088,127989,126087,127858,9530800,127858,0.0140458572255664,0.0140458572255664,1.07830619112277
^BVSP,2024-12-06,127856,127872,125833,125946,11223300,125946,-0.0149540896932534,-0.0149540896932534,1.06218110362393
^BVSP,2024-12-09,125946,127542,125946,127210,9367300,127210,0.0100360471948295,0.0100360471948295,1.07284120330935
^BVSP,2024-12-10,127213,128511,127213,128228,9141300,128228,0.00800251552550901,0.00800251552550901,1.08142663169524
^BVSP,2024-12-11,128228,130899,127362,129593,13170900,129593,0.010645100913997,0.010645100913997,1.09293852732072
^BVSP,2024-12-12,129587,129587,125829,126042,13453200,126042,-0.0274011713595642,-0.0274011713595642,1.06299073144813
^BVSP,2024-12-13,126102,126290,124578,124612,11762700,124612,-0.0113454245410261,-0.0113454245410261,1.05093065031668
^BVSP,2024-12-16,124610,124956,123495,123560,11071100,123560,-0.00844220460308798,-0.00844220460308798,1.04205847874305
^BVSP,2024-12-17,123560,125301,123560,124698,17561100,124698,0.00921010035610226,0.00921010035610226,1.0516559419092
^BVSP,2024-12-18,124699,124699,120457,120772,19742800,120772,-0.0314840655022535,-0.0314840655022535,1.0185455373483
^BVSP,2024-12-19,120768,121770,120768,121188,13682900,121188,0.00344450700493493,0.00344450700493493,1.02205392458654
^BVSP,2024-12-20,121183,122209,120700,122102,18128200,122102,0.00754200085817081,0.00754200085817081,1.02976225616287
^BVSP,2024-12-23,122105,122105,120617,120767,9953300,120767,-0.0109334818430492,-0.0109334818430492,1.01850336923245
^BVSP,2024-12-26,120767,121612,120428,121078,8338500,121078,0.00257520680318302,0.00257520680318302,1.02112622603797
^BVSP,2024-12-27,121078,121609,120252,120269,8937000,120269,-0.00668164323824316,-0.00668164323824316,1.01430342489437
^BVSP,2024-12-30,120267,121050,120158,120283,8895300,120283,0.000116405723835644,0.000116405723835644,1.01442149561873
^BVSP,2025-01-02,120283,120782,119120,120125,9373600,120125,-0.00131356883350098,-0.00131356883350098,1.01308898315805
^BVSP,2025-01-03,120125,120356,118404,118533,9804400,118533,-0.0132528616024974,-0.0132528616024974,0.999662655073243
^BVSP,2025-01-06,118534,120322,118534,120022,9685600,120022,0.012561902592527,0.012561902592527,1.01222031997166
^BVSP,2025-01-07,120022,121713,120022,121163,11116400,121163,0.00950659045841595,0.00950659045841595,1.02184308400732
^BVSP,2025-01-08,121160,121160,119351,119625,10230700,119625,-0.0126936440992712,-0.0126936440992712,1.00887217157363
^BVSP,2025-01-09,119625,120145,119502,119781,6611500,119781,0.00130407523510967,0.00130407523510967,1.01018781678797
^BVSP,2025-01-10,119781,120052,118732,118856,9255500,118856,-0.00772242676217427,-0.00772242676217427,1.00238671535678
^BVSP,2025-01-13,118856,119729,118743,119007,8161500,119007,0.00127044490812422,0.00127044490812422,1.00366019245528
^BVSP,2025-01-14,119007,119451,118223,119299,9349300,119299,0.00245363718100622,0.00245363718100622,1.00612281042058
^BVSP,2025-01-15,119309,122988,119303,122650,11928800,122650,0.0280890870837141,0.0280890870837141,1.0343838816594
^BVSP,2025-01-16,122649,122660,120796,121234,11312100,121234,-0.0115450468813697,-0.0115450468813697,1.02244187125231
^BVSP,2025-01-17,121258,122674,121074,122350,10242300,122350,0.00920533843641214,0.00920533843641214,1.03185379470874
^BVSP,2025-01-20,122349,123098,121511,122543,4185300,122543,0.00157744176542707,0.00157744176542707,1.03348148398033
^BVSP,2025-01-21,122850,123462,122290,123338,7819600,123338,0.00648751866691688,0.00648751866691688,1.04018621439957
^BVSP,2025-01-22,123345,123865,122926,122972,9975100,122972,-0.00296745528547571,-0.00296745528547571,1.03709950831977
^BVSP,2025-01-23,122965,123958,122159,122483,9491400,122483,-0.00397651497901963,-0.00397651497901963,1.0329754665902
^BVSP,2025-01-24,122483,122908,122196,122447,7777800,122447,-0.000293918339687949,-0.000293918339687949,1.03267185615612
^BVSP,2025-01-27,122443,124862,122207,124862,11021500,124862,0.019722818852238,0.019722818852238,1.05303905610889
^BVSP,2025-01-28,124861,124881,123973,124056,8313500,124056,-0.00645512645961144,-0.00645512645961144,1.0462415558348
^BVSP,2025-01-29,124056,124767,123278,123432,7348500,123432,-0.00502998645772879,-0.00502998645772879,1.04097897497744
^BVSP,2025-01-30,123433,127169,123432,126913,11688100,126913,0.0282017629139932,0.0282017629139932,1.0703364172282
^BVSP,2025-01-31,126914,127532,126057,126135,10242600,126135,-0.00613018366912765,-0.00613018366912765,1.06377505840284
^BVSP,2025-02-03,126135,126473,125566,125970,9548900,125970,-0.00130812224997023,-0.00130812224997023,1.06238351057998
^BVSP,2025-02-04,125964,125964,124694,125147,9784500,125147,-0.00653330157974119,-0.00653330157974119,1.05544263871201
^BVSP,2025-02-05,125146,125846,124637,125534,9957400,125534,0.00309236338066432,0.00309236338066432,1.05870645087836
^BVSP,2025-02-06,125531,126399,125249,126225,10028600,126225,0.00550448484076038,0.00550448484076038,1.06453408448803
^BVSP,2025-02-07,126219,126524,124320,124619,10952400,124619,-0.0127233115468409,-0.0127233115468409,1.05098968567886
^BVSP,2025-02-10,124619,126386,124619,125572,8908600,125572,0.00764730899782529,0.00764730899782529,1.05902692855878
^BVSP,2025-02-11,125571,126886,125570,126522,11242800,126522,0.00756538081737967,0.00756538081737967,1.06703887056918
^BVSP,2025-02-12,126513,126513,124116,124380,14625100,124380,-0.0169298620002846,-0.0169298620002846,1.04897404974151
^BVSP,2025-02-13,124372,124853,123778,124850,9048100,124850,0.00377874256311306,0.00377874256311306,1.05293785263087
^BVSP,2025-02-14,124849,128482,124849,128219,12560100,128219,0.026984381257509,0.026984381257509,1.08135072908672
^BVSP,2025-02-17,128229,129534,128229,128869,7032800,128869,0.00506945148534932,0.00506945148534932,1.08683258414647
^BVSP,2025-02-18,128553,129294,128012,128532,10994100,128532,-0.00261505870302403,-0.00261505870302403,1.08399045313857
^BVSP,2025-02-19,128528,128528,127028,127309,9295100,127309,-0.00951514019854982,-0.00951514019854982,1.07367613200307
^BVSP,2025-02-20,127309,127871,127063,127601,10640300,127601,0.00229363202915733,0.00229363202915733,1.07613874996837
^BVSP,2025-02-21,127601,127654,126483,127128,11093300,127128,-0.00370686750103844,-0.00370686750103844,1.07214964620951
^BVSP,2025-02-24,127129,127275,125162,125401,10148900,125401,-0.013584733496948,-0.013584733496948,1.0575847789969
^BVSP,2025-02-25,125401,126718,125382,125980,11078000,125980,0.00461718806070133,0.00461718806070133,1.06246784681167
^BVSP,2025-02-26,125980,126563,124732,124769,11361800,124769,-0.00961263692649628,-0.00961263692649628,1.05225472915419
^BVSP,2025-02-27,124768,125497,124352,124799,12554000,124799,0.000240444341142343,0.000240444341142343,1.05250773784925
^BVSP,2025-02-28,124798,124916,122659,122799,24873800,122799,-0.0160257694372551,-0.0160257694372551,1.03564049151156
^BVSP,2025-03-05,122799,123364,122747,123047,9604100,123047,0.00201956041987317,0.00201956041987317,1.03773203005743
^BVSP,2025-03-06,123048,124112,122681,123358,10060600,123358,0.00252748949588377,0.00252748949588377,1.04035488686294
^BVSP,2025-03-07,123357,125822,122530,125035,9975600,125035,0.0135945783816209,0.0135945783816209,1.0544980729171
^BVSP,2025-03-10,125031,125031,123471,124519,9370800,124519,-0.00412684448354461,-0.00412684448354461,1.05014632336198
^BVSP,2025-03-11,124519,124625,122636,123507,8810400,123507,-0.0081272737493876,-0.0081272737493876,1.0416114967151
^BVSP,2025-03-12,123507,124048,122969,123864,8254800,123864,0.00289052442371696,0.00289052442371696,1.04462230018638
^BVSP,2025-03-13,123863,125774,123590,125637,11259000,125637,0.014314086417361,0.014314086417361,1.05957511406475
^BVSP,2025-03-14,125647,129194,125647,128957,14572600,128957,0.0264253364852711,0.0264253364852711,1.08757474298533
^BVSP,2025-03-17,128959,131313,128957,130834,11063200,130834,0.014555239343347,0.014555239343347,1.10340465367326
^BVSP,2025-03-18,130832,131834,130722,131475,10992400,131475,0.00489933809254484,0.00489933809254484,1.10881060612449
^BVSP,2025-03-19,131476,132984,131451,132508,12204900,132508,0.00785700703555814,0.00785700703555814,1.11752253885792
^BVSP,2025-03-20,132505,132713,131813,131955,14187500,131955,-0.00417333293084188,-0.00417333293084188,1.11285874524554
^BVSP,2025-03-21,132005,132588,131776,132345,14192000,132345,0.00295555302944184,0.00295555302944184,1.11614785828139
^BVSP,2025-03-24,132344,132424,130992,131321,8301200,131321,-0.00773735313007673,-0.00773735313007673,1.10751182815649
^BVSP,2025-03-25,131327,133471,131325,132068,9237600,132068,0.00568835144417124,0.00568835144417124,1.11381174466362
^BVSP,2025-03-26,132069,132984,132068,132520,9404600,132520,0.00342247932883066,0.00342247932883066,1.11762374233594
^BVSP,2025-03-27,132522,133904,132479,133149,10016200,133149,0.0047464533655297,0.0047464533655297,1.12292849130915
^BVSP,2025-03-28,133143,133143,131315,131902,8905500,131902,-0.00936544773148873,-0.00936544773148873,1.11241176321759
^BVSP,2025-03-31,131900,131901,130115,130260,9994900,130260,-0.0124486361086261,-0.0124486361086261,1.09856375397434
^BVSP,2025-04-01,130267,131982,130081,131147,8966100,131147,0.00680945800706279,0.00680945800706279,1.10604437772511
^BVSP,2025-04-02,131151,131424,130393,131190,8819500,131190,0.000327876352489875,0.000327876352489875,1.10640702352137
^BVSP,2025-04-03,131185,132552,130182,131141,12327500,131141,-0.000373504078054698,-0.000373504078054698,1.1059937759861
^BVSP,2025-04-04,131139,131139,126466,127256,13176400,127256,-0.029624602527051,-0.029624602527051,1.07322914997512
^BVSP,2025-04-07,127229,128411,123876,125588,14045900,125588,-0.0131074369774313,-0.0131074369774313,1.05916186652948
^BVSP,2025-04-08,125588,127652,123454,123932,12814700,123932,-0.0131859731821512,-0.0131859731821512,1.04519578656186
^BVSP,2025-04-09,123928,128649,122887,127796,16919800,127796,0.0311783881483394,0.0311783881483394,1.0777833064863
^BVSP,2025-04-10,127796,127797,124895,126355,11456300,126355,-0.0112757832796019,-0.0112757832796019,1.06563045549999
^BVSP,2025-04-11,126355,128386,126078,127682,10084200,127682,0.0105021566222152,0.0105021566222152,1.07682187344505
^BVSP,2025-04-14,127683,129955,127683,129454,10608700,129454,0.0138782287244874,0.0138782287244874,1.09176625370025
^BVSP,2025-04-15,129452,129927,128951,129245,8837800,129245,-0.00161447309468998,-0.00161447309468998,1.09000362645796
^BVSP,2025-04-16,129245,129605,128149,128317,11540200,128317,-0.00718016170838332,-0.00718016170838332,1.08217722415727
^BVSP,2025-04-17,128316,130091,127973,129650,9983400,129650,0.0103883351387579,0.0103883351387579,1.09341924384135
^BVSP,2025-04-22,129650,130877,128726,130464,8605300,130464,0.00627844195912064,0.00627844195912064,1.10028421310079
^BVSP,2025-04-23,130468,133318,130468,132216,11342700,132216,0.013428991905813,0.013428991905813,1.11505992089261
^BVSP,2025-04-24,132245,134938,132223,134580,14113400,134580,0.0178798330005445,0.0178798330005445,1.13499700606377
^BVSP,2025-04-25,134579,134992,134186,134739,13051800,134739,0.00118145341061071,0.00118145341061071,1.13633795214762
^BVSP,2025-04-28,134741,135709,134711,135016,11449700,135016,0.00205582644965441,0.00205582644965441,1.13867406576539
^BVSP,2025-04-29,135017,136150,134899,135093,12761100,135093,0.000570302778929888,0.000570302778929888,1.13932345474939
^BVSP,2025-04-30,135094,135171,133955,135067,15452400,135067,-0.000192460009030837,-0.000192460009030837,1.139104180547
^BVSP,2025-05-02,135067,135275,134355,135134,12739100,135134,0.000496050108464763,0.000496050108464763,1.13966923329932
^BVSP,2025-05-05,135131,135198,133390,133491,10796300,133491,-0.0121583021297379,-0.0121583021297379,1.1258127904329
^BVSP,2025-05-06,133499,134135,133260,133516,11139700,133516,0.000187278543122726,0.000187278543122726,1.12602363101212
^BVSP,2025-05-07,133517,134110,132872,133398,9938200,133398,-0.000883789208783958,-0.000883789208783958,1.12502846347819
^BVSP,2025-05-08,133458,137635,133458,136232,17202900,136232,0.0212446963222837,0.0212446963222837,1.14892935153871
^BVSP,2025-05-09,136232,137286,136105,136512,13881800,136512,0.00205531739972997,0.00205531739972997,1.15129076602599
^BVSP,2025-05-12,136516,137519,136356,136563,10915800,136563,0.000373593530239136,0.000373593530239136,1.1517208808076
^BVSP,2025-05-13,136565,139419,136550,138963,13071200,138963,0.0175743063640956,0.0175743063640956,1.17196157641284
^BVSP,2025-05-14,138965,139362,138228,138423,11155300,138423,-0.00388592646963581,-0.00388592646963581,1.16740741990166
^BVSP,2025-05-15,138425,139408,138321,139334,11500800,139334,0.00658127623299598,0.00658127623299598,1.17509045060848
^BVSP,2025-05-16,139335,139335,137713,139187,12106000,139187,-0.00105501887550774,-0.00105501887550774,1.17385070800266
^BVSP,2025-05-19,139186,140203,138587,139636,9590600,139636,0.00322587597979696,0.00322587597979696,1.17763740480548
^BVSP,2025-05-20,139636,140244,138966,140110,9650800,140110,0.00339454008994822,0.00339454008994822,1.18163494218751
^BVSP,2025-05-21,140109,140109,137538,137881,10150400,137881,-0.0159089286988795,-0.0159089286988795,1.16283639614415
^BVSP,2025-05-22,137881,138837,137088,137273,13223200,137273,-0.00440959958224851,-0.00440959958224851,1.15770875325748
^BVSP,2025-05-23,137273,137824,134997,137824,10682600,137824,0.00401389931013374,0.00401389931013374,1.16235567962352
^BVSP,2025-05-26,137824,138800,137795,138136,5553800,138136,0.00226375667517997,0.00226375667517997,1.1649869700522
^BVSP,2025-05-27,138136,140382,138136,139541,11187800,139541,0.0101711356923611,0.0101711356923611,1.17683621060444
^BVSP,2025-05-28,139541,139547,138580,138888,9735000,138888,-0.00467962820963019,-0.00467962820963019,1.17132905467518
^BVSP,2025-05-29,138869,139108,137993,138534,8826400,138534,-0.00254881631242443,-0.00254881631242443,1.1683435520734
^BVSP,2025-05-30,138546,138637,136726,137027,15141600,137027,-0.0108781959663332,-0.0108781959663332,1.15563408195795
^BVSP,2025-06-02,137026,138471,136483,136787,9100100,136787,-0.00175147963540034,-0.00175147963540034,1.15361001239742
^BVSP,2025-06-03,136787,137672,136175,137546,9696700,137546,0.00554877290970635,0.00554877290970635,1.16001113238258
^BVSP,2025-06-04,137547,138797,136695,137002,10199100,137002,-0.00395504049554329,-0.00395504049554329,1.15542324137873
^BVSP,2025-06-05,137003,137451,136031,136236,9484500,136236,-0.00559115925314957,-0.00559115925314957,1.14896308603139
^BVSP,2025-06-06,136236,136890,135601,136102,9119300,136102,-0.000983587304383526,-0.000983587304383526,1.14783298052676
^BVSP,2025-06-09,136102,136106,134119,135699,7763800,135699,-0.00296101453321773,-0.00296101453321773,1.14443423038972
^BVSP,2025-06-10,135716,137369,135716,136436,8186500,136436,0.00543113803344175,0.00543113803344175,1.15064981066516
^BVSP,2025-06-11,136443,137531,135628,137128,8767100,137128,0.00507197513852642,0.00507197513852642,1.156485877898
^BVSP,2025-06-12,137127,137931,136175,137800,7124600,137800,0.00490053089084652,0.00490053089084652,1.16215327266747
^BVSP,2025-06-13,137800,137800,136586,137213,8628300,137213,-0.00425979680696664,-0.00425979680696664,1.15720273586735
^BVSP,2025-06-16,137212,139988,137212,139256,7620500,139256,0.0148892597640165,0.0148892597640165,1.17443262800131
^BVSP,2025-06-17,139256,139497,138293,138840,8377000,138840,-0.0029873039581777,-0.0029873039581777,1.17092424076307
^BVSP,2025-06-18,138844,139161,138443,138717,8323400,138717,-0.000885911840967979,-0.000885911840967979,1.1698869051133
^BVSP,2025-06-20,138715,138719,136815,137116,11289300,137116,-0.011541483740277,-0.011541483740277,1.15638467441998
^BVSP,2025-06-23,137116,137130,135835,136551,7727800,136551,-0.00412059861722924,-0.00412059861722924,1.15161967732958
^BVSP,2025-06-24,136552,138156,136254,137165,8083700,137165,0.00449648849147932,0.00449648849147932,1.15679792195525
^BVSP,2025-06-25,137163,137163,135565,135767,7705700,135767,-0.0101921043998104,-0.0101921043998104,1.1450077167652
^BVSP,2025-06-26,135767,137353,135756,137114,8023300,137114,0.00992140947358333,0.00992140947358333,1.15636780717364
^BVSP,2025-06-27,137113,137209,136469,136866,6244500,136866,-0.00180871391688664,-0.00180871391688664,1.15427626862776
^BVSP,2025-06-30,136865,139103,136430,138855,7680300,138855,0.014532462408487,0.014532462408487,1.17105074511061
^BVSP,2025-07-01,138855,139695,138855,139549,6345700,139549,0.00499801951676204,0.00499801951676204,1.17690367958979
^BVSP,2025-07-02,139586,140049,138384,139051,8811900,139051,-0.00356863897269055,-0.00356863897269055,1.1727037352517
^BVSP,2025-07-03,139051,141304,139051,140928,6082200,140928,0.0134986443822771,0.0134986443822771,1.18853364593963
^BVSP,2025-07-04,140928,141537,140597,141478,2114300,141478,0.00390270208900989,0.00390270208900989,1.1931721386825
^BVSP,2025-07-07,141265,141342,139295,139490,6117300,139490,-0.014051654674225,-0.014051654674225,1.17640609582282
^BVSP,2025-07-08,139491,139591,138770,139303,6750100,139303,-0.00134059789232199,-0.00134059789232199,1.17482900829025
^BVSP,2025-07-09,139303,139331,137299,137481,7584500,137481,-0.0130794024536443,-0.0130794024536443,1.15946294687661
^BVSP,2025-07-10,137472,137472,136015,136743,9566200,136743,-0.00536801448927493,-0.00536801448927493,1.15323893297799
^BVSP,2025-07-11,136742,136742,135528,136187,7401900,136187,-0.00406602166107228,-0.00406602166107228,1.14854983849611
^BVSP,2025-07-14,136187,136187,134840,135299,7325600,135299,-0.00652044615124792,-0.00652044615124792,1.14106078112218
^BVSP,2025-07-15,135298,136022,134380,135250,6904200,135250,-0.000362160843760839,-0.000362160843760839,1.1406475335869
^BVSP,2025-07-16,135250,135641,134265,135511,7833200,135511,0.00192975970425135,0.00192975970425135,1.14284870923397
^BVSP,2025-07-17,135515,135793,135016,135565,6800000,135565,0.000398491635365428,0.000398491635365428,1.14330412488509
^BVSP,2025-07-18,135563,135563,133296,133382,10071800,133382,-0.0161029764319699,-0.0161029764319699,1.12489352550749
^BVSP,2025-07-21,133382,134865,133367,134167,6726700,134167,0.00588535184657602,0.00588535184657602,1.13151391969504
^BVSP,2025-07-22,134180,135300,133986,134036,7052100,134036,-0.000976395089701598,-0.000976395089701598,1.13040911505992
^BVSP,2025-07-23,134036,135782,133676,135368,6527600,135368,0.00993762869676806,0.00993762869676806,1.14164270112083
^BVSP,2025-07-24,135357,135363,133648,133808,5976800,133808,-0.0115241415991962,-0.0115241415991962,1.12848624897742
^BVSP,2025-07-25,133820,134204,133285,133524,5560900,133524,-0.00212244409900753,-0.00212244409900753,1.12609109999747
^BVSP,2025-07-28,133538,133902,131550,132129,6625600,132129,-0.0104475599892154,-0.0104475599892154,1.11432619567692
^BVSP,2025-07-29,132130,133346,132130,132726,6324800,132726,0.00451831164997851,0.00451831164997851,1.11936106870873
^BVSP,2025-07-30,132702,134368,131883,133990,8655300,133990,0.0095233789913054,0.0095233789913054,1.13002116839415
^BVSP,2025-07-31,133987,133987,132096,133071,9196800,133071,-0.00685872080005967,-0.00685872080005967,1.12227066870198
^BVSP,2025-08-01,132920,133237,132140,132437,8497100,132437,-0.00476437390565943,-0.00476437390565943,1.11692375161293
^BVSP,2025-08-04,132440,133929,132440,132971,6136600,132971,0.00403210583145186,0.00403210583145186,1.12142730638509
^BVSP,2025-08-05,132971,134233,132682,133151,6606300,133151,0.00135367862165436,0.00135367862165436,1.12294535855549
^BVSP,2025-08-06,133169,135241,133169,134538,8681700,134538,0.010416744898649,0.010416744898649,1.13464279389068
^BVSP,2025-08-07,134538,137007,134534,136528,9501000,136528,0.0147913600618412,0.0147913600618412,1.15142570399669
^BVSP,2025-08-08,136526,136761,135659,135913,9890600,135913,-0.00450457049103481,-0.00450457049103481,1.14623902574785
^BVSP,2025-08-11,135913,136307,135496,135623,6947300,135623,-0.00213371789306394,-0.00213371789306394,1.14379327502888
^BVSP,2025-08-12,135629,138414,135629,137914,8342100,137914,0.0168924150033549,0.0168924150033549,1.16311470570872
^BVSP,2025-08-13,137911,137913,136535,136687,9398500,136687,-0.00889684876082198,-0.00889684876082198,1.15276665008054
^BVSP,2025-08-14,136681,137437,135588,136356,9667800,136356,-0.00242159093403171,-0.00242159093403171,1.14997512081165
^BVSP,2025-08-15,136354,136431,135583,136341,9291000,136341,-0.000110006160344955,-0.000110006160344955,1.14984861646412
^BVSP,2025-08-18,136341,137902,136341,137322,8089900,137322,0.00719519440227079,0.00719519440227079,1.15812200079276
^BVSP,2025-08-19,137321,137321,133997,134432,8684100,134432,-0.0210454260788512,-0.0210454260788512,1.13374882983478
^BVSP,2025-08-20,134431,134964,134122,134667,6845000,134667,0.00174809569150192,0.00174809569150192,1.13573073127946
^BVSP,2025-08-21,134664,134837,133874,134511,6516300,134511,-0.00115841297422536,-0.00115841297422536,1.13441508606512
^BVSP,2025-08-22,134512,138072,134512,137968,9315600,137968,0.0257005003308279,0.0257005003308279,1.16357012135984
^BVSP,2025-08-25,137971,138890,137971,138025,5991700,138025,0.000413139278673258,0.000413139278673258,1.16405083788046
^BVSP,2025-08-26,138026,138037,137059,137771,8453400,137771,-0.00184024633218616,-0.00184024633218616,1.16190869759557
^BVSP,2025-08-27,137773,139281,137456,139206,6609100,139206,0.010415834972527,0.010415834972527,1.17401094684287
^BVSP,2025-08-28,139206,142138,139206,141049,9294800,141049,0.0132393718661552,0.0132393718661552,1.18955411434306
^BVSP,2025-08-29,141049,142379,141000,141422,9333200,141422,0.00264447107033727,0.00264447107033727,1.19269985578504
^BVSP,2025-09-01,141423,141950,140878,141125,3388000,141125,-0.00210009758029162,-0.00210009758029162,1.19019506970389
^BVSP,2025-09-02,141279,141279,139625,140335,8785200,140335,-0.00559787422497782,-0.00559787422497782,1.1835325074005
^BVSP,2025-09-03,140332,140496,139582,139864,7579800,139864,-0.00335625467631029,-0.00335625467631029,1.17956027088797
^BVSP,2025-09-04,139832,141482,139832,140993,8032400,140993,0.00807212720928896,0.00807212720928896,1.18908183144561
^BVSP,2025-09-05,141004,143409,141004,142640,8379400,142640,0.011681430993028,0.011681430993028,1.2029720088047
^BVSP,2025-09-08,142640,143089,141329,141792,7440900,141792,-0.00594503645541222,-0.00594503645541222,1.19582029635752
^BVSP,2025-09-09,141794,142286,141606,141618,7481900,141618,-0.0012271496276236,-0.0012271496276236,1.19435284592614
^BVSP,2025-09-10,141612,143182,141612,142349,7138700,142349,0.00516177322091815,0.00516177322091815,1.20051782446257
^BVSP,2025-09-11,142349,144013,142349,143151,7570400,143151,0.00563404028128045,0.00563404028128045,1.20728159024398
^BVSP,2025-09-12,143151,143202,142241,142272,6388600,142272,-0.00614036926043127,-0.00614036926043127,1.19986843547856
^BVSP,2025-09-15,142292,144194,142292,143547,6614000,143547,0.00896170715249656,0.00896170715249656,1.21062130501885
^BVSP,2025-09-16,143547,144584,143547,144062,8478200,144062,0.00358767511686064,0.00358767511686064,1.2149646209508
^BVSP,2025-09-17,144059,146331,143910,145594,9604400,145594,0.010634310227541,0.010634310227541,1.22788493164548
^BVSP,2025-09-18,145594,145726,144993,145500,8372000,145500,-0.000645631001277569,-0.000645631001277569,1.22709217106761
^BVSP,2025-09-19,145500,146399,145496,145865,10279800,145865,0.002508591065292,0.002508591065292,1.23017044352424
^BVSP,2025-09-22,145864,145864,144117,145109,9428100,145109,-0.00518287457580635,-0.00518287457580635,1.22379462440859
^BVSP,2025-09-23,145112,147179,145107,146425,8143800,146425,0.00906904464919478,0.00906904464919478,1.2348932724988
^BVSP,2025-09-24,146426,146585,146067,146492,7292900,146492,0.000457572135905693,0.000457572135905693,1.23545832525111
^BVSP,2025-09-25,146492,146519,145187,145306,8293800,145306,-0.00809600524260712,-0.00809600524260712,1.22545604817285
^BVSP,2025-09-26,145326,146235,145146,145447,6338200,145447,0.000970365986263433,0.000970365986263433,1.22664518903966
^BVSP,2025-09-29,145447,147558,145447,146337,7074100,146337,0.00611906742662272,0.00611906742662272,1.23415111365994
^BVSP,2025-09-30,146337,147578,145774,146237,9477300,146237,-0.000683354175635698,-0.000683354175635698,1.23330775134305
^BVSP,2025-10-01,146237,146879,145193,145517,8340700,145517,-0.00492351456881635,-0.00492351456881635,1.22723554266148
^BVSP,2025-10-02,145517,145621,143635,143950,7245600,143950,-0.0107685012747651,-0.0107685012747651,1.21402005515589
^BVSP,2025-10-03,143950,144518,143676,144201,6177600,144201,0.00174366099340051,0.00174366099340051,1.21613689457127
^BVSP,2025-10-06,144202,144532,143376,143608,5981500,143608,-0.00411231544857527,-0.00411231544857527,1.21113575603215
^BVSP,2025-10-07,143606,143606,141035,141356,9272700,141356,-0.0156815776279873,-0.0156815776279873,1.1921432366559
^BVSP,2025-10-08,141356,142385,141356,142145,7525200,142145,0.00558165199920757,0.00558165199920757,1.19879736533612
^BVSP,2025-10-09,142148,143212,141603,141708,6821400,141708,-0.00307432551268072,-0.00307432551268072,1.19511187201133
^BVSP,2025-10-10,141725,142274,140231,140680,8280800,140680,-0.00725435402376717,-0.00725435402376717,1.18644210739376
^BVSP,2025-10-13,140682,142303,140682,141783,5531200,141783,0.00784048905317025,0.00784048905317025,1.195744393749
^BVSP,2025-10-14,141788,142589,141334,141683,7122300,141683,-0.000705303174569627,-0.000705303174569627,1.19490103143211
^BVSP,2025-10-15,141683,142905,141154,142604,10321000,142604,0.00650042700959186,0.00650042700959186,1.20266839837062
^BVSP,2025-10-16,142604,143191,141446,142200,7391900,142200,-0.00283302011163777,-0.00283302011163777,1.19926121461041
^BVSP,2025-10-17,142200,143425,141248,143399,8875100,143399,0.00843178621659635,0.00843178621659635,1.20937312878986
^BVSP,2025-10-20,143399,145216,143396,144509,6793400,144509,0.00774063975341521,0.00774063975341521,1.21873445050728
^BVSP,2025-10-21,144509,144795,143829,144085,6193200,144085,-0.00293407331031281,-0.00293407331031281,1.21515859428369
^BVSP,2025-10-22,144094,145048,144039,144873,7025000,144873,0.00546899399659928,0.00546899399659928,1.22180428934074
^BVSP,2025-10-23,144881,146358,144881,145721,6599600,145721,0.00585340263541179,0.00585340263541179,1.22895600178793
^BVSP,2025-10-24,145721,147240,145721,146172,6491300,146172,0.00309495542852445,0.00309495542852445,1.23275956583708
^BVSP,2025-10-27,146174,147977,146174,146969,6445200,146969,0.00545248063924686,0.00545248063924686,1.23948116350265
^BVSP,2025-10-28,146970,147811,146575,147429,7108000,147429,0.00312991175009691,0.00312991175009691,1.24336063016032
^BVSP,2025-10-29,147430,149067,147430,148633,7999500,148633,0.00816664292642555,0.00816664292642555,1.25351471245562
^BVSP,2025-10-30,148632,149234,147547,148780,7300600,148780,0.000989013207026712,0.000989013207026712,1.25475445506144
^BVSP,2025-10-31,148774,149636,148774,149540,8911000,149540,0.00510821346955237,0.00510821346955237,1.26116400866976
^BVSP,2025-11-03,149551,150761,149551,150454,7667600,150454,0.00611207703624439,0.00611207703624439,1.26887234024609
^BVSP,2025-11-04,150454,150888,149979,150704,7541200,150704,0.00166163744400283,0.00166163744400283,1.2709807460383
^BVSP,2025-11-05,150709,153583,150296,153294,9803000,153294,0.0171860070071133,0.0171860070071133,1.29282383004562
^BVSP,2025-11-06,153297,154352,153235,153339,9387600,153339,0.000293553563740279,0.000293553563740279,1.29320334308822
^BVSP,2025-11-07,153339,154066,152368,154064,9474100,154064,0.00472808613594711,0.00472808613594711,1.29931771988564
^BVSP,2025-11-10,154061,155601,154058,155257,7751600,155257,0.00774353515422166,0.00774353515422166,1.30937903232608
^BVSP,2025-11-11,155257,158467,155252,157749,12876000,157749,0.0160508060828175,0.0160508060828175,1.33039562126285
^BVSP,2025-11-12,157749,158134,156560,157633,11226600,157633,-0.00073534539046205,-0.00073534539046205,1.32941732097526
^BVSP,2025-11-13,157633,158319,156509,157162,10560800,157162,-0.00298795303013966,-0.00298795303013966,1.32544508446273
^BVSP,2025-11-14,157162,158366,156656,157739,7977300,157739,0.00367137094208525,0.00367137094208525,1.33031128503116
^BVSP,2025-11-17,157742,157901,156568,156993,8419200,156993,-0.00472933136383524,-0.00472933136383524,1.3240198021472
^BVSP,2025-11-18,156990,157040,155834,156522,8723000,156522,-0.00300013376392583,-0.00300013376392583,1.32004756563467
^BVSP,2025-11-19,156522,156522,155212,155381,8815200,155381,-0.0072897100727054,-0.0072897100727054,1.31042480159901
^BVSP,2025-11-21,155381,155387,153571,154770,7848000,154770,-0.00393226971122596,-0.00393226971122596,1.30527185784285
^BVSP,2025-11-24,154769,155832,154529,155278,9277600,155278,0.003282289849454,0.003282289849454,1.30955613841262
^BVSP,2025-11-25,155278,156373,154821,155910,6929400,155910,0.00407011939875579,0.00407011939875579,1.31488618825533
^BVSP,2025-11-26,155915,158714,155914,158555,8596500,158555,0.0169649156564684,0.0169649156564684,1.33719312153694
^BVSP,2025-11-27,158554,158864,158167,158292,3121400,158292,-0.00165873040900633,-0.00165873040900633,1.33497507864353
^BVSP,2025-11-28,158358,159689,158078,159072,8017000,159072,0.00492760215298316,0.00492760215298316,1.34155330471524
^BVSP,2025-12-01,159074,159224,158030,158611,7504300,158611,-0.00289805874069604,-0.00289805874069604,1.3376654044344
^BVSP,2025-12-02,158612,161092,158612,161092,8430000,161092,0.0156420424812906,0.0156420424812906,1.35858922351631
^BVSP,2025-12-03,161094,161964,161093,161755,8292000,161755,0.00411566061629376,0.00411566061629376,1.36418071567726
^BVSP,2025-12-04,161760,164551,161759,164456,10592300,164456,0.0166980927946585,0.0166980927946585,1.38695993185632
^BVSP,2025-12-05,164461,165036,157007,157369,14529000,157369,-0.0430935934231649,-0.0430935934231649,1.32719084445869
^BVSP,2025-12-08,157369,159235,157369,158187,9024100,158187,0.00519797418805479,0.00519797418805479,1.3340895482108
^BVSP,2025-12-09,158187,158851,155188,157981,8703800,157981,-0.0013022561904581,-0.0013022561904581,1.33235222183802
^BVSP,2025-12-10,157984,159691,157628,159075,8239900,159075,0.00692488337205099,0.00692488337205099,1.34157860558474
^BVSP,2025-12-11,159072,159850,158098,159189,7018000,159189,0.000716643092880664,0.000716643092880664,1.34254003862599
^BVSP,2025-12-12,159189,161263,159189,160766,7671200,160766,0.00990646338628931,0.00990646338628931,1.35583986236327
^BVSP,2025-12-15,160766,163073,160766,162482,8229000,162482,0.0106738987099262,0.0106738987099262,1.37031195972101
^BVSP,2025-12-16,162482,162482,158558,158578,9920300,158578,-0.0240272768675915,-0.0240272768675915,1.33738709486982
^BVSP,2025-12-17,158578,158611,156351,157327,11344300,157327,-0.00788886226336572,-0.00788886226336572,1.32683663228559
^BVSP,2025-12-18,157327,158496,157124,157923,7800100,157923,0.00378828808786791,0.00378828808786791,1.33186307169423
^BVSP,2025-12-19,157928,159552,157906,158473,9946500,158473,0.00348270992825617,0.00348270992825617,1.3365015644371
^BVSP,2025-12-22,158480,158634,157306,158142,8424000,158142,-0.00208868387674876,-0.00208868387674876,1.33371003516821
^BVSP,2025-12-23,158144,160456,158144,160456,6569800,160456,0.0146324189652338,0.0146324189652338,1.35322543918092
^BVSP,2025-12-26,160456,160913,159359,160897,4790000,160897,0.00274841701151707,0.00274841701151707,1.35694466699839
^BVSP,2025-12-29,160897,161133,159702,160490,5605600,160490,-0.00252956860600262,-0.00252956860600262,1.35351218236866
^BVSP,2025-12-30,160491,162075,160491,161125,5870100,161125,0.00395663281201331,0.00395663281201331,1.35886753308088
^BVSP,2026-01-02,161124,161957,160059,160539,7459400,160539,-0.0036369278510473,-0.0036369278510473,1.35392542990394
^BVSP,2026-01-05,160542,162166,160215,161870,7985200,161870,0.00829082029911743,0.00829082029911743,1.36515058234168
^BVSP,2026-01-06,161870,164135,161870,163664,8412600,163664,0.0110829678136777,0.0110829678136777,1.38028050230659
^BVSP,2026-01-07,163661,163661,161746,161975,8846600,161975,-0.0103199237462117,-0.0103199237462117,1.36603611277441
^BVSP,2026-01-08,161975,162937,161748,162937,8607700,162937,0.00593918814631889,0.00593918814631889,1.37414925826284
^BVSP,2026-01-09,162938,164263,162638,163370,8301300,163370,0.00265746883764884,0.00265746883764884,1.37780101709495
^BVSP,2026-01-12,163370,163493,162277,163150,6896600,163150,-0.00134663646936406,-0.00134663646936406,1.3759456199978
^BVSP,2026-01-13,163146,163146,161765,161973,9668600,161973,-0.00721422004290528,-0.00721422004290528,1.36601924552807
^BVSP,2026-01-14,161974,165147,161974,165146,9928900,165146,0.0195896847005366,0.0195896847005366,1.39277913184283
^BVSP,2026-01-15,165180,166070,164833,165568,9406500,165568,0.00255531469124293,0.00255531469124293,1.39633812082008
^BVSP,2026-01-16,165557,165872,164100,164800,11489200,164800,-0.00463857750289909,-0.00463857750289909,1.38986109822641
^BVSP,2026-01-19,164800,165155,164265,164849,4804300,164849,0.000297330097087434,0.000297330097087434,1.39027434576168
^BVSP,2026-01-20,164846,166468,163575,166277,8369200,166277,0.00866247292977218,0.00866247292977218,1.4023175596468
^BVSP,2026-01-21,166278,171969,166278,171817,14067700,171817,0.033317897243756,0.033317897243756,1.44903983200222
^BVSP,2026-01-22,171817,177742,171817,175589,14023500,175589,0.0219535901569694,0.0219535901569694,1.48085145859512
^BVSP,2026-01-23,175590,180532,175590,178859,11778000,178859,0.0186230344725467,0.0186230344725467,1.50842940635726
^BVSP,2026-01-26,178859,179543,177694,178721,9569200,178721,-0.000771557483828067,-0.000771557483828067,1.50726556635996
^BVSP,2026-01-27,178853,183360,178853,181919,11340800,181919,0.0178938121429491,0.0178938121429491,1.53423629325394
^BVSP,2026-01-28,181921,185065,181921,184691,11856200,184691,0.0152375507780935,0.0152375507780935,1.55761429667799
^BVSP,2026-01-29,184692,186450,181567,183134,12945700,183134,-0.00843029709081655,-0.00843029709081655,1.54448314540409
^BVSP,2026-01-30,183133,183620,180089,181364,11105300,181364,-0.00966505400417184,-0.00966505400417184,1.52955563239523
^BVSP,2026-02-02,181369,182890,181348,182793,8740500,182793,0.00787918219712847,0.00787918219712847,1.54160727990352
^BVSP,2026-02-03,182816,187334,182816,185674,10758800,185674,0.0157609974123736,0.0157609974123736,1.56590454825297
^BVSP,2026-02-04,185671,185671,180269,181708,10728100,181708,-0.0213600180962332,-0.0213600180962332,1.53245679876531
^BVSP,2026-02-05,181709,184017,181569,182127,9832100,182127,0.0023058973738086,0.0023058973738086,1.53599048687306
^BVSP,2026-02-06,182128,183262,181391,182950,9896700,182950,0.00451882477611787,0.00451882477611787,1.54293135874103
^BVSP,2026-02-09,182950,186460,182950,186241,8921800,186241,0.0179885214539492,0.0179885214539492,1.57068641258971
^BVSP,2026-02-10,186241,186959,185083,185929,10298000,185929,-0.00167524873685176,-0.00167524873685176,1.56805512216103
^BVSP,2026-02-11,185936,190561,185936,189699,11642200,189699,0.0202765571804291,0.0202765571804291,1.59984988150759
^BVSP,2026-02-12,189694,189990,186959,187766,12361300,187766,-0.0101898270417873,-0.0101898270417873,1.58354768792221
^BVSP,2026-02-13,187766,187766,183662,186464,11594000,186464,-0.00693416273446734,-0.00693416273446734,1.57256711055636
^BVSP,2026-02-18,186464,187657,185001,186016,7790700,186016,-0.00240260854642183,-0.00240260854642183,1.56878884737672
^BVSP,2026-02-19,186020,188687,185928,188534,9228700,188534,0.0135364699810769,0.0135364699810769,1.59002471051588
^BVSP,2026-02-20,188531,190727,186700,190534,9988100,190534,0.0106081661663149,0.0106081661663149,1.60689195685358
^BVSP,2026-02-23,190532,191003,188526,188854,9901300,188854,-0.0088173239421836,-0.0088173239421836,1.59272346992991
^BVSP,2026-02-24,188855,191781,188855,191490,11037300,191490,0.013957872218751,0.013957872218751,1.614954500603
^BVSP,2026-02-25,191491,192624,190419,191248,9134900,191248,-0.00126377356519924,-0.00126377356519924,1.61291356379614
^BVSP,2026-02-26,191248,191978,188977,191005,8797400,191005,-0.00127060152263025,-0.00127060152263025,1.61086419336611
^BVSP,2026-02-27,191005,191005,188478,188787,11002300,188787,-0.0116122614591241,-0.0116122614591241,1.5921584171776
^BVSP,2026-03-02,188786,190110,186638,189307,9090200,189307,0.00275442694677075,0.00275442694677075,1.5965439012254
^BVSP,2026-03-03,189284,189602,180518,183105,14367500,183105,-0.0327615988843519,-0.0327615988843519,1.5442385703322
^BVSP,2026-03-04,183110,186306,183110,185366,9113300,185366,0.0123481062778188,0.0123481062778188,1.56330699231697
^BVSP,2026-03-05,185365,185366,179895,180464,10596200,180464,-0.0264449791223849,-0.0264449791223849,1.52196537154327
^BVSP,2026-03-06,180463,181091,178557,179365,9918300,179365,-0.00608985725684896,-0.00608985725684896,1.5126968196807
^BVSP,2026-03-09,179367,181952,177637,180915,11419300,180915,0.00864159674406939,0.00864159674406939,1.52576893559242
^BVSP,2026-03-10,180921,185324,180693,183447,10083000,183447,0.0139955227593069,0.0139955227593069,1.54712286945594
^BVSP,2026-03-11,183446,185714,182021,183969,8956100,183969,0.00284550851199539,0.00284550851199539,1.55152522075008
^BVSP,2026-03-12,183969,183992,178495,179285,12075300,179285,-0.025460811332344,-0.025460811332344,1.51202212982719
^BVSP,2026-03-13,179285,180996,177322,177653,9525600,177653,-0.00910282511085703,-0.00910282511085703,1.49825845681563
^BVSP,2026-03-16,177656,181255,177656,179875,7370100,179875,0.0125075287217216,0.0125075287217216,1.51699796749681
^BVSP,2026-03-17,179882,182800,179850,180410,9332600,180410,0.00297428769979158,0.00297428769979158,1.52150995589215
^BVSP,2026-03-18,180409,181551,179576,179640,9750200,179640,-0.00426805609445158,-0.00426805609445158,1.51501606605213
^BVSP,2026-03-19,179624,181251,176296,180271,12560400,180271,0.00351258071698957,0.00351258071698957,1.52033768227168
^BVSP,2026-03-20,180262,180305,175039,176219,15348900,176219,-0.0224772703318892,-0.0224772703318892,1.4861646411915
^BVSP,2026-03-23,176221,182973,176221,181932,9874700,181932,0.0324198866183556,0.0324198866183556,1.53434593035514
^BVSP,2026-03-24,181932,182649,179915,182509,7563900,182509,0.00317151463184051,0.00317151463184051,1.53921213092356
^BVSP,2026-03-25,182529,186401,182524,185424,9074000,185424,0.015971815088571,0.015971815088571,1.56379614246076
^BVSP,2026-03-26,185424,185424,182570,182733,7806700,182733,-0.0145126844421434,-0.0145126844421434,1.54110126251339
^BVSP,2026-03-27,182733,183351,180976,181557,8073000,181557,-0.00643561918208535,-0.00643561918208535,1.53118332166682
^BVSP,2026-03-30,181561,184414,181560,182514,7704600,182514,0.00527107189477682,0.00527107189477682,1.53925429903941
^BVSP,2026-03-31,182515,187508,182515,187462,11389100,187462,0.0271102490767832,0.0271102490767832,1.58098386647888
^BVSP,2026-04-01,187463,189131,187256,187953,10556000,187953,0.00261919749069151,0.00261919749069151,1.58512477545478
^BVSP,2026-04-02,187923,189251,185214,188052,7082900,188052,0.000526727426537477,0.000526727426537477,1.5859597041485
^BVSP,2026-04-06,188054,189220,187811,188162,5697600,188162,0.000584944589794301,0.000584944589794301,1.58688740269707
^BVSP,2026-04-07,188162,188259,185885,188259,8753200,188259,0.00051551322796306,0.00051551322796306,1.58770546414445
^BVSP,2026-04-08,188261,193759,188260,192201,12594000,192201,0.0209392379647189,0.0209392379647189,1.62095080667605
^BVSP,2026-04-09,192206,195514,192206,195129,9382900,195129,0.0152340518519676,0.0152340518519676,1.64564445531445
^BVSP,2026-04-10,195130,197554,195129,197324,9661000,197324,0.0112489686310082,0.0112489686310082,1.66415625817007
^BVSP,2026-04-13,197324,198173,196223,198001,9947000,198001,0.0034309055158015,0.0034309055158015,1.66986582105538
^BVSP,2026-04-14,198002,199355,198002,198657,9222400,198657,0.00331311458022943,0.00331311458022943,1.67539827785415
^BVSP,2026-04-15,198657,199233,196966,197738,10709900,197738,-0.00462606401989363,-0.00462606401989363,1.66764777816197
^BVSP,2026-04-16,197738,198587,196354,196819,9286300,196819,-0.00464756394825472,-0.00464756394825472,1.6598972784698
^BVSP,2026-04-17,196819,198666,195368,195734,12187300,195734,-0.00551267916207276,-0.00551267916207276,1.6507467973316
^BVSP,2026-04-20,195734,196724,195282,196132,6767400,196132,0.00203337182094065,0.00203337182094065,1.6541033793528
^BVSP,2026-04-22,196132,196132,192687,192889,8398100,192889,-0.0165347826973671,-0.0165347826973671,1.62675313941622
^BVSP,2026-04-23,192889,193347,190930,191378,7763400,191378,-0.00783352083322531,-0.00783352083322531,1.61400993480809
^BVSP,2026-04-24,191378,191390,189963,190745,7223800,190745,-0.00330759021413118,-0.00330759021413118,1.60867145134221
^BVSP,2026-04-27,190745,191340,189579,189579,6663800,189579,-0.00611287320768561,-0.00611287320768561,1.59883784672733
^BVSP,2026-04-28,189579,189579,187237,188619,7511500,188619,-0.00506385200892501,-0.00506385200892501,1.59074156848524
^BVSP,2026-04-29,188619,188710,184504,184750,9054900,184750,-0.0205122495612849,-0.0205122495612849,1.55811188044496
^BVSP,2026-04-30,184759,187921,184759,187318,8991200,187318,0.0138998646820028,0.0138998646820028,1.57976942474256
^BVSP,2026-05-04,187318,187666,185538,185600,7544200,185600,-0.00917156920317319,-0.00917156920317319,1.56528046013848
^BVSP,2026-05-05,185597,187428,185364,186754,8631700,186754,0.00621767241379301,0.00621767241379301,1.57501286127533
^BVSP,2026-05-06,186762,188674,186762,187691,8844600,187691,0.00501729547961483,0.00501729547961483,1.58291516618454
^BVSP,2026-05-07,187690,187779,182868,183218,9643100,183218,-0.0238317234177451,-0.0238317234177451,1.54519156975028
^BVSP,2026-05-08,183222,185585,183217,184108,9214400,184108,0.00485760132738045,0.00485760132738045,1.55269749437055
^BVSP,2026-05-11,184103,184530,181615,181909,8780300,181909,-0.0119440763030395,-0.0119440763030395,1.53415195702225
^BVSP,2026-05-12,181897,181897,179939,180342,9056000,180342,-0.00861419720849432,-0.00861419720849432,1.52093646951667
^BVSP,2026-05-13,180342,180513,176787,177098,12621300,177098,-0.0179880449368423,-0.0179880449368423,1.49357779595692
^BVSP,2026-05-14,177104,179476,177104,178366,9295700,178366,0.00715987758190373,0.00715987758190373,1.50427163013502
^BVSP,2026-05-15,178341,178341,175417,177284,9772200,177284,-0.00606617853178293,-0.00606617853178293,1.49514644986633
^BVSP,2026-05-18,177281,177330,175811,176976,7367400,176976,-0.00173732542135785,-0.00173732542135785,1.49254889393032
^BVSP,2026-05-19,176973,176973,173544,174279,9086100,174279,-0.0152393544887443,-0.0152393544887443,1.46980341224393
^BVSP,2026-05-20,174279,178199,174279,177356,9365700,177356,0.017655598207472,0.017655598207472,1.49575367073448
^BVSP,2026-05-21,177352,178547,175805,177650,7354500,177650,0.00165768285256762,0.00165768285256762,1.49823315594612
^BVSP,2026-05-22,177649,177649,174893,176210,6760900,176210,-0.00810582606248245,-0.00810582606248245,1.48608873858298
^BVSP,2026-05-25,176210,177512,176210,177359,2377600,177359,0.00652062879518756,0.00652062879518756,1.49577897160399
^BVSP,2026-05-26,177816,177816,175516,176589,7402600,176589,-0.00434147689150255,-0.00434147689150255,1.48928508176398
^BVSP,2026-05-27,176602,177640,175555,175744,7310400,175744,-0.00478512251612506,-0.00478512251612506,1.4821586701863
^BVSP,2026-05-28,175744,176627,174686,175063,7376200,175063,-0.00387495447924258,-0.00387495447924258,1.47641537280831
^BVSP,2026-05-29,175064,175064,172686,173788,15551600,173788,-0.00728309237246017,-0.00728309237246017,1.46566250326803
^BVSP,2026-06-01,173790,173975,171793,172198,9892300,172198,-0.00914907818721666,-0.00914907818721666,1.45225304242956
^BVSP,2026-06-02,172199,174894,172199,174198,7503900,174198,0.0116145367542015,0.0116145367542015,1.46912028876726
^BVSP,2026-06-03,174192,174192,170008,170331,9974200,170331,-0.0221988771398064,-0.0221988771398064,1.43650746797331
^BVSP,2026-06-05,170331,170457,168910,169019,8585100,169019,-0.00770264954705835,-0.00770264954705835,1.42544255437578
^BVSP,2026-06-08,169042,169646,168130,168669,7438000,168669,-0.0020707731083488,-0.0020707731083488,1.42249078626669
^BVSP,2026-06-09,168673,170601,168406,169813,8440200,169813,0.00678251486639514,0.00678251486639514,1.43213885117185
^BVSP,2026-06-10,169813,169813,168071,168619,8732300,168619,-0.00703126380194685,-0.00703126380194685,1.42206910510824
^BVSP,2026-06-11,168619,171927,168280,171497,10576900,171497,0.0170680646902188,0.0170680646902188,1.44634107258819
^BVSP,2026-06-12,171497,172545,169993,171133,7013700,171133,-0.00212248610762866,-0.00212248610762866,1.44327123375473
^BVSP,2026-06-15,171139,174228,170351,170415,8709200,170415,-0.00419556719043079,-0.00419556719043079,1.4372158923195
^BVSP,2026-06-16,170416,170416,169121,169649,8765700,169649,-0.00449490948566733,-0.00449490948566733,1.43075573697216
^BVSP,2026-06-17,169649,171878,167916,168454,10732100,168454,-0.00704395546098124,-0.00704395546098124,1.42067755728538
^BVSP,2026-06-18,168467,169542,167911,168278,9236700,168278,-0.00104479561185844,-0.00104479561185844,1.41919323960767
^BVSP,2026-06-19,168279,168787,167658,168576,4847900,168576,0.00177087914047003,0.00177087914047003,1.42170645931198
^BVSP,2026-06-22,168334,170750,168326,170370,8544200,170370,0.0106420842824602,0.0106420842824602,1.4368363792769
^BVSP,2026-06-23,170367,171720,168495,171259,7598800,171259,0.00521805482185833,0.00521805482185833,1.44433387027401
^BVSP,2026-06-24,171256,171342,169668,170507,9571200,170507,-0.00439101010749798,-0.00439101010749798,1.43799178565103
^BVSP,2026-06-25,170508,173277,170508,171990,7620600,171990,0.00869759012826443,0.00869759012826443,1.45049884881044
^BVSP,2026-06-26,171990,173964,171124,173295,6921000,173295,0.00758765044479337,0.00758765044479337,1.46150472704579
^BVSP,2026-06-29,173294,173892,172393,173205,4909900,173205,-0.000519345624513168,-0.000519345624513168,1.46074570096059
^BVSP,2026-06-30,173205,173205,170539,172024,7692000,172024,-0.00681850985826049,-0.00681850985826049,1.45078559199818
^BVSP,2026-07-01,172017,172098,169666,171689,7659700,171689,-0.00194740268799698,-0.00194740268799698,1.44796032823661
^BVSP,2026-07-02,171698,174426,171697,172788,6513500,172788,0.00640110898193824,0.00640110898193824,1.45722888009918
^BVSP,2026-07-03,172790,174664,172790,174266,2949700,174266,0.0085538347570433,0.0085538347570433,1.46969377514274
^BVSP,2026-07-06,174058,174058,171622,172448,5740300,172448,-0.0104323275911538,-0.0104323275911538,1.45436144822177
^BVSP,2026-07-07,172439,173544,171417,172021,6763100,172021,-0.00247610874002602,-0.00247610874002602,1.45076029112867
^BVSP,2026-07-08,172018,172018,169972,170654,7237000,170654,-0.00794670418146626,-0.00794670418146626,1.43923152825685
^BVSP,2026-07-09,170655,172933,170653,172742,6832100,172742,0.0122352830874166,0.0122352830874166,1.45684093343341
^BVSP,2026-07-10,172761,177866,172761,177866,8425700,177866,0.0296627340195204,0.0296627340195204,1.5000548185506
^BVSP,2026-07-13,177868,178154,175567,175739,6119200,175739,-0.0119584406238404,-0.0119584406238404,1.48211650207045
^BVSP,2026-07-14,175743,177179,175743,176641,7258300,176641,0.00513261142944943,0.00513261142944943,1.48972363016876
^BVSP,2026-07-15,176663,176663,175288,176011,7072400,176011,-0.00356655589585653,-0.00356655589585653,1.48441044757238
^BVSP,2026-07-16,176010,176011,173537,173825,6135900,173825,-0.0124196783155598,-0.0124196783155598,1.46597454732528
^BVSP,2026-07-17,173825,174505,173285,173714,7299200,173714,-0.000638573277721877,-0.000638573277721877,1.46503841515353
^BVSP,2026-07-20,173714,174311,173222,173371,5028800,173371,-0.00197450982649638,-0.00197450982649638,1.46214568240662
^BVSP,2026-07-21,173373,173720,172219,173326,5858100,173326,-0.000259558980452379,-0.000259558980452379,1.46176616936402
^BVSP,2026-07-22,173331,177641,173328,177548,7435200,177548,0.0243587228690445,0.0243587228690445,1.4973729263829
^BVSP,2026-07-23,177546,177896,176293,176724,6346800,176724,-0.004640998490549,-0.004640998490549,1.49042362089177
^BVSP,2026-07-24,176720,176720,174042,174042,5418400,174042,-0.0151762069667957,-0.0151762069667957,1.46780464355292
^BVSP,2026-07-27,174048,175555,174048,175335,5839400,175335,0.00742924121763711,0.00742924121763711,1.47870931831024
^BVSP,2026-07-28,175326,178539,175326,176565,6741100,176565,0.00701514244161183,0.00701514244161183,1.48908267480792
^BVSP,2026-07-29,176564,176564,173885,173885,7338700,173885,-0.0151785461444793,-0.0151785461444793,1.46648056471541
^BVSP,2026-07-30,173891,177159,173885,177159,7200400,177159,0.0188285361014464,0.0188285361014464,1.49409224697022
^BVSP,2026-07-31,177060,178719,177014,177999,5884100,177999,0.00474150339525514,0.00474150339525514,1.50117649043205
^BVSP,2026-08-03,178009,178557,176783,178000,7355200,178000,5.61800908993604e-06,5.61800908993604e-06,1.50118492405522
^BVSP,2026-08-04,178003,180680,177581,177895,7966200,177895,-0.000589887640449427,-0.000589887640449427,1.50029939362249
^BVSP,2026-08-05,177896,180195,177691,177726,7606700,177726,-0.000949998594676593,-0.000949998594676593,1.49887411130696
^BVSP,2026-08-06,177720,177720,175515,175546,7933600,175546,-0.0122660724936138,-0.0122660724936138,1.48048881279887
^BVSP,2026-08-07,175546,176117,172131,172513,9159200,172513,-0.0172775227006027,-0.0172775227006027,1.45490963372775
^BVSP,2026-08-10,172513,172936,171524,172180,7832600,172180,-0.00193028931153016,-0.00193028931153016,1.45210123721252
^BVSP,2026-08-11,172180,172386,167569,167875,9889100,167875,-0.0250029039377396,-0.0250029039377396,1.41579448947062
^BVSP,2026-08-12,167878,168310,167142,167491,10593900,167491,-0.00228741623231576,-0.00228741623231576,1.41255597817378
^BVSP,2026-08-13,167489,168516,166197,167101,10721100,167101,-0.00232848332149194,-0.00232848332149194,1.40926686513793
^BVSP,2026-08-14,167100,167100,164835,166934,10883000,166934,-0.000999395575131179,-0.000999395575131179,1.40785845006873
^BVSP,2026-08-17,166933,168007,166464,166784,9037400,166784,-0.000898558711826203,-0.000898558711826203,1.40659340659341
^BVSP,2026-08-18,166789,168390,166211,166335,7598900,166335,-0.00269210475825021,-0.00269210475825021,1.40280670979059
^BVSP,2026-08-19,166337,170341,166335,167830,9254200,167830,0.00898788589292687,0.00898788589292687,1.41541497642802
^BVSP,2026-08-20,167827,169752,166966,167927,10127200,167927,0.000577965798724822,0.000577965798724822,1.4162330378754
^BVSP,2026-08-21,167928,171980,167928,171032,10806400,171032,0.018490177279413,0.018490177279413,1.44241943781468
^BVSP,2026-08-24,171031,173109,169330,171907,8442500,171907,0.00511600168389537,0.00511600168389537,1.44979885808742
^BVSP,2026-08-25,171898,174785,171179,174577,9449100,174577,0.0155316537430121,0.0155316537430121,1.47231663194825
^BVSP,2026-08-26,174580,176297,174209,174586,8850900,174586,5.15531828362281e-05,5.15531828362281e-05,1.47239253455677
^BVSP,2026-08-27,174584,175558,173661,175135,7119800,175135,0.00314458203979706,0.00314458203979706,1.47702259367647
^BVSP,2026-08-28,175137,176421,173894,175665,6597600,175665,0.00302623690296056,0.00302623690296056,1.48149241395596
^BVSP,2026-08-31,175665,178586,175665,177419,9998200,177419,0.00998491446787919,0.00998491446787919,1.49628498899412
^BVSP,2026-09-01,177436,181061,177300,179723,9836300,179723,0.0129862077905973,0.0129862077905973,1.51571605677515
^BVSP,2026-09-02,179734,186028,179734,185205,13716400,185205,0.0305024955069746,0.0305024955069746,1.56194917898678
^BVSP,2026-09-03,185218,188892,184718,185188,11170900,185188,-9.17901784509567e-05,-9.17901784509567e-05,1.56180580739291
^BVSP,2026-09-04,185191,186545,183252,185147,8300200,185147,-0.000221396634771165,-0.000221396634771165,1.56146002884299
^BVSP,2026-09-08,185208,189488,185208,187367,9250000,187367,0.0119904724354163,0.0119904724354163,1.58018267227784
^BVSP,2026-09-09,187362,187362,184810,185629,8314900,185629,-0.00927591304765518,-0.00927591304765518,1.56552503521038
^BVSP,2026-09-10,185622,188539,184601,188269,10299400,188269,0.0142219157566974,0.0142219157566974,1.58778980037614
PETR4.SA,2020-01-02,30.5100002288818,30.7000007629395,30.3099994659424,30.7000007629395,37774500,8.28942584991455,,,1
PETR4.SA,2020-01-03,30.8799991607666,31.2399997711182,30.4500007629395,30.4500007629395,71595600,8.22192096710205,-0.00814349317247298,-0.0081433222731967,0.991856506827527
PETR4.SA,2020-01-06,30.4300003051758,30.9400005340576,29.9500007629395,30.8099994659424,81844000,8.31912612915039,0.0118226826111905,0.0118226172079798,1.00358291150359
PETR4.SA,2020-01-07,30.8199996948242,30.8799991607666,30.4699993133545,30.6900005340576,32822000,8.28672504425049,-0.0038947702435197,-0.00389480473757919,0.999674186642964
PETR4.SA,2020-01-08,30.6900005340576,30.7700004577637,30.2399997711182,30.5,48215600,8.23542213439941,-0.00619097527396173,-0.00619095896876143,0.99348522847144
PETR4.SA,2020-01-09,30.4699993133545,30.6200008392334,30.25,30.3999996185303,36102700,8.20841884613037,-0.00327891974793249,-0.00327870103179428,0.990227670136525
PETR4.SA,2020-01-10,30.3899993896484,30.4400005340576,30.1299991607666,30.2700004577637,25397500,8.17331981658936,-0.00427597935716473,-0.00427628823677229,0.985993477060128
PETR4.SA,2020-01-13,30.3500003814697,30.4300003051758,30.2099990844727,30.3299999237061,30676800,8.18951892852783,0.00198195008906876,0.00198214288189735,0.987947666919809
PETR4.SA,2020-01-14,30.2299995422363,30.2700004577637,29.7700004577637,30,39796500,8.10041427612305,-0.0108803280366558,-0.0108803140302063,0.977198472220672
PETR4.SA,2020-01-15,29.8999996185303,29.9300003051758,29.5400009155273,29.5499992370605,34405700,7.97890710830689,-0.0150001177315485,-0.0150000254313151,0.962540380090273
PETR4.SA,2020-01-16,29.6000003814697,29.7000007629395,29.3299999237061,29.5200004577637,28997400,7.97080755233765,-0.0010151209757544,-0.0010151871428562,0.961563285160433
PETR4.SA,2020-01-17,29.7199993133545,29.8500003814697,29.5400009155273,29.8500003814697,34908000,8.05991172790527,0.0111788140640148,0.0111788590307853,0.972312422336024
PETR4.SA,2020-01-20,29.7000007629395,30.1000003814697,29.6499996185303,30,31241400,8.10041427612305,0.00502518508702088,0.00502511278436657,0.977198472220673
PETR4.SA,2020-01-21,29.7999992370606,29.9400005340576,29.5499992370605,29.6200008392334,28577400,7.99780988693237,-0.012666560708273,-0.0126666386922201,0.964820728448258
PETR4.SA,2020-01-22,29.7299995422363,29.8099994659424,29.2700004577637,29.2900009155273,32491500,7.90870428085327,-0.011141250834768,-0.0111411179728581,0.954071418702032
PETR4.SA,2020-01-23,29.0900001525879,29.7600002288818,28.8199996948242,29.6499996185303,53752100,8.00590991973877,0.0122909689670443,0.0122908395954364,0.965797880901643
PETR4.SA,2020-01-24,29.5599994659424,29.7800006866455,29.1399993896484,29.2999992370606,36898700,7.91140460968018,-0.0118044433432343,-0.0118043975032966,0.954397174535524
PETR4.SA,2020-01-27,28.6299991607666,28.6399993896484,27.670000076294,28.0300006866455,66105300,7.56848764419556,-0.0433446375710623,-0.0433446615523683,0.913029174906436
PETR4.SA,2020-01-28,28.4300003051758,29.1399993896484,28.4200000762939,28.7999992370606,47259100,7.77639865875244,0.0274706155748747,0.0274705148609538,0.938110648378935
PETR4.SA,2020-01-29,29,29.0799999237061,28.670000076294,28.8500003814697,42297500,7.78989982604981,0.00173617221670686,0.00173615089353318,0.939739370022848
PETR4.SA,2020-01-30,28.2800006866455,29.0400009155273,28.1800003051758,28.9400005340576,44266800,7.81419849395752,0.00311925293653448,0.00311958930321876,0.942670654812368
PETR4.SA,2020-01-31,28.6299991607666,28.8400001525879,28.3099994659424,28.4500007629395,55446700,7.68189525604248,-0.0169311335023477,-0.0169315743633631,0.926710172106995
PETR4.SA,2020-02-03,28.5200004577637,28.7299995422363,28.1599998474121,28.1800003051758,39452800,7.60899019241333,-0.00949050477768543,-0.00949034975476659,0.917915224791084
PETR4.SA,2020-02-04,28.6499996185303,29.0400009155273,28.5599994659424,28.6299991607666,57658400,7.73049402236939,0.0159684566392531,0.0159687313952288,0.93257291425667
PETR4.SA,2020-02-05,29.0499992370606,29.2199993133545,28.3899993896484,28.3899993896484,67994500,7.66569137573242,-0.0083827303209143,-0.00838280748003129,0.924755407011867
PETR4.SA,2020-02-06,28.7000007629395,29.5100002288818,28.1200008392334,29.1800003051758,126114000,7.87900447845459,0.0278269881040947,0.0278267323885675,0.950488564721984
PETR4.SA,2020-02-07,29,29.3500003814697,28.7299995422363,28.9300003051758,54514600,7.81150102615356,-0.00856751033529879,-0.00856751190491445,0.942345244120145
PETR4.SA,2020-02-10,28.8899993896484,29.1299991607666,28.6399993896484,29.1299991607666,45328100,7.86550331115723,0.00691317645902601,0.00691319922160671,0.948859843078072
PETR4.SA,2020-02-11,29.3999996185303,29.6299991607666,29.2600002288818,29.4799995422363,37518200,7.96000814437866,0.0120151031005709,0.0120151181446349,0.960260491920646
PETR4.SA,2020-02-12,29.6399993896484,30.2800006866455,29.6299991607666,30.1299991607666,64851000,8.13551616668701,0.0220487239617075,0.0220488340781353,0.981433010438338
PETR4.SA,2020-02-13,29.7700004577637,30.2099990844727,29.6399993896484,29.7199993133545,55277100,8.02481079101563,-0.0136076646402227,-0.0136076952815182,0.968077999165449
PETR4.SA,2020-02-14,29.8600006103516,29.9599990844727,29.3400001525879,29.4200000762939,30399900,7.94380474090576,-0.0100944498530178,-0.0100941872137172,0.958305784349063
PETR4.SA,2020-02-17,29.6299991607666,29.7700004577637,29.3099994659424,29.3600006103516,38684900,7.92760515213013,-0.00203927328326903,-0.00203941080172632,0.956351536965838
PETR4.SA,2020-02-18,29.0599994659424,29.7700004577637,28.9500007629395,29.75,33890900,8.03291130065918,0.0132834754643094,0.0132833576819114,0.969055209142379
PETR4.SA,2020-02-19,29.8700008392334,30.5499992370606,29.7600002288818,30.5499992370606,44181800,8.24892139434815,0.0268906359853915,0.0268907306574975,0.995113720021174
PETR4.SA,2020-02-20,30.7999992370605,30.8899993896484,29.75,29.920000076294,73522900,8.07881164550781,-0.0206220596255027,-0.0206219043044146,0.974592425552741
PETR4.SA,2020-02-21,29.5100002288818,29.6800003051758,29.0300006866455,29.1399993896484,47805100,7.86820316314697,-0.0260692403291699,-0.0260695415994839,0.949185541388018
PETR4.SA,2020-02-26,27.0400009155273,27.3899993896484,26.0300006866455,26.2099990844727,89207100,7.07706165313721,-0.100549197015566,-0.100549086017367,0.853745697382668
PETR4.SA,2020-02-27,25.7199993133545,26.5300006866455,24.8899993896484,25.2999992370606,100112100,6.83134984970093,-0.0347194662812295,-0.0347195680732096,0.824104102429646
PETR4.SA,2020-02-28,25.1599998474121,25.5599994659424,24.6200008392334,25.3400001525879,89095300,6.8421516418457,0.00158120904102854,0.00158106390251378,0.825407183287156
PETR4.SA,2020-03-02,25.5,26.75,25.4799995422363,26.5300006866455,71596400,7.16346788406372,0.0469612863083726,0.046961346759743,0.864169366342492
PETR4.SA,2020-03-03,26.5699996948242,27.4799995422363,25.7600002288818,26.0499992370606,86855700,7.03385972976685,-0.0180929343712435,-0.0180927793879244,0.848534006711618
PETR4.SA,2020-03-04,26.9099998474121,26.9400005340576,26.2399997711182,26.8899993896484,42320500,7.26067209243774,0.0322457898486435,0.032245688183854,0.875895655971468
PETR4.SA,2020-03-05,26.3299999237061,26.6700000762939,24.7099990844727,25.2900009155273,69722300,6.82864952087402,-0.0595017329061987,-0.0595016180899218,0.823778346596154
PETR4.SA,2020-03-06,24.1000003814697,24.1299991607666,22.5499992370606,22.8299999237061,138597600,6.16441488265991,-0.0972717425581235,-0.0972716845696482,0.743647991341096
PETR4.SA,2020-03-09,17.8099994659424,18.2299995422363,15.4099998474121,16.0499992370605,254813800,4.33372211456299,-0.296977540114398,-0.29697769204131,0.522801240161605
PETR4.SA,2020-03-10,18.6499996185303,18.6499996185303,16.3700008392334,17.5599994659424,170478000,4.74144172668457,0.0940807004564244,0.0940810156174427,0.571986747035496
PETR4.SA,2020-03-11,16.7000007629395,17.1299991607666,15,15.8500003814697,132482400,4.27971887588501,-0.0973802647833907,-0.0973803608473451,0.516286526156589
PETR4.SA,2020-03-12,13.6599998474121,13.8599996566772,11.0799999237061,12.6000003814697,151535900,3.40217447280884,-0.205047207194118,-0.205047313677013,0.410423415856227
PETR4.SA,2020-03-13,15.1000003814697,15.3999996185303,12.6999998092651,15.3999996185303,174972600,4.15821313858032,0.222222191076314,0.222222154943613,0.501628606596824
PETR4.SA,2020-03-16,12.9099998474121,14.1000003814697,12.5500001907349,13.0900001525879,126432800,3.53448128700256,-0.149999971331607,-0.149999969036547,0.426384329988186
PETR4.SA,2020-03-17,13.6000003814697,13.8400001525879,13,13,149228500,3.51017999649048,-0.00687548993439258,-0.00687548904039526,0.42345272881917
PETR4.SA,2020-03-18,11.789999961853,12.2700004577637,10.8699998855591,11.289999961853,162515200,3.04845595359802,-0.131538565929409,-0.131538464472844,0.367752364131401
PETR4.SA,2020-03-19,11.0699996948242,13.0699996948242,10.8500003814697,12.210000038147,157065200,3.2968692779541,0.0814882445858805,0.0814880495484913,0.397719858726777
PETR4.SA,2020-03-20,13.1099996566772,13.5,11.8299999237061,12,149029900,3.2401659488678,-0.0171991438864362,-0.0171990202695235,0.390879417650042
PETR4.SA,2020-03-23,12.1099996566772,12.1800003051758,11.2799997329712,11.5,107092400,3.10515880584717,-0.0416667371829536,-0.0416666666666666,0.374592747684592
PETR4.SA,2020-03-24,12.5699996948242,13.539999961853,12.2799997329712,13.25,114259200,3.57768297195435,0.152173913043478,0.152173913043478,0.431595991897464
PETR4.SA,2020-03-25,13.2399997711182,14.789999961853,12.8299999237061,14.3199996948242,158286200,3.86659812927246,0.0807548236059308,0.0807546939489976,0.466449450092171
PETR4.SA,2020-03-26,14.3999996185303,15.1899995803833,13.8100004196167,14.3900003433228,130618400,3.88549828529358,0.00488805802652026,0.00488831354681074,0.46872948207066
PETR4.SA,2020-03-27,13.3000001907349,13.6899995803833,13.25,13.3000001907349,101405900,3.59118413925171,-0.0757468217540681,-0.0757470553566506,0.433224713541377
PETR4.SA,2020-03-30,13.1499996185303,13.7399997711182,12.8299999237061,13.3800001144409,110947200,3.61278533935547,0.00601506335129365,0.00601503177133678,0.435830587638674
PETR4.SA,2020-03-31,13.6000003814697,14.539999961853,13.6000003814697,13.9899997711182,156116500,3.77749276161194,0.0455901490914081,0.0455904074334708,0.455700169107717
PETR4.SA,2020-04-01,13.4499998092651,14.5500001907349,13.3199996948242,14.3000001907349,114455000,3.86119818687439,0.0221589902469415,0.02215871513141,0.465798024710505
PETR4.SA,2020-04-02,15.3999996185303,16.5499992370605,15.0100002288818,15.5100002288818,234951200,4.18791484832764,0.0846153565916081,0.0846153861543963,0.505211690671051
PETR4.SA,2020-04-03,16.2999992370605,16.3600006103516,14.9300003051758,15.3400001525879,142898700,4.14201164245605,-0.010960873736464,-0.0109606752924079,0.49967412911942
PETR4.SA,2020-04-06,16.0499992370605,16.1000003814697,15.1800003051758,15.7700004577637,123934200,4.25811910629272,0.0280316604247453,0.0280313103584449,0.513680824629926
PETR4.SA,2020-04-07,16.6100006103516,17.0699996948242,16.3400001525879,16.3999996185303,140498900,4.42822694778442,0.0399490566715972,0.0399492163905708,0.534201889004179
PETR4.SA,2020-04-08,16.5,17.5300006866455,16.3999996185303,17.3199996948242,116151600,4.67664003372192,0.0560976410799787,0.0560975669325285,0.564169354837782
PETR4.SA,2020-04-09,17.9400005340576,18.6900005340576,16.5,16.8199996948242,185771300,4.54163265228272,-0.0288684569403908,-0.0288683607857924,0.54788265611056
PETR4.SA,2020-04-13,16.8199996948242,17.0900001525879,16.3299999237061,16.9300003051758,93724000,4.57133388519287,0.00653976998673111,0.00653986993741818,0.551465682661242
PETR4.SA,2020-04-14,17.0200004577637,17.2999992370605,16.6100006103516,16.7299995422363,91017200,4.51733064651489,-0.0118134531483036,-0.0118133939358708,0.544950968656226
PETR4.SA,2020-04-15,16.0400009155273,16.4699993133545,15.8599996566772,16.3799991607666,86749600,4.4228253364563,-0.0209206094159843,-0.0209205254660121,0.533550262290107
PETR4.SA,2020-04-16,16.6700000762939,16.7600002288818,15.5299997329712,15.7200002670288,115633300,4.24461650848389,-0.0402929834247532,-0.0402929748200856,0.512051930415379
PETR4.SA,2020-04-17,15.75,16.1299991607666,15.5600004196167,16.1299991607666,116733000,4.35532379150391,0.0260818104058975,0.0260813541204401,0.525407171782447
PETR4.SA,2020-04-20,15.4799995422363,16.3299999237061,15.3400001525879,15.9499998092651,133739400,4.30672073364258,-0.0111594591327836,-0.0111592908162873,0.519543911920869
PETR4.SA,2020-04-22,15.8500003814697,16.75,15.7799997329712,16.75,114967100,4.52273082733154,0.0501565128199677,0.0501567523700004,0.545602422799664
PETR4.SA,2020-04-23,17.2000007629395,17.4300003051758,16.6200008392334,16.9500007629395,94759000,4.57673454284668,0.0119405106288404,0.0119403440560868,0.552117194328225
PETR4.SA,2020-04-24,16.6900005340576,16.7900009155273,15.2799997329712,15.9499998092651,161188800,4.30672073364258,-0.0589970440007551,-0.058997103755935,0.519543911920869
PETR4.SA,2020-04-27,16.1399993896484,16.5300006866455,15.7799997329712,16.4500007629395,85944900,4.44172716140747,0.031347848192308,0.0313480225488074,0.535830495601002
PETR4.SA,2020-04-28,17.0400009155273,17.25,16.6299991607666,17.25,91613600,4.65773868560791,0.0486323261989805,0.0486321702101609,0.561889179050432
PETR4.SA,2020-04-29,17.7999992370605,18.4799995422363,17.5300006866455,18.2000007629395,94528400,4.91425228118897,0.055072560505308,0.05507250799649,0.592833854860964
PETR4.SA,2020-04-30,17.9799995422363,18.4200000762939,17.7000007629395,18.0499992370605,80263900,4.87374877929688,-0.00824204773676995,-0.00824184173576259,0.587947689929227
PETR4.SA,2020-05-04,17.4300003051758,17.6200008392334,17.1800003051758,17.3799991607666,60268400,4.69284057617188,-0.0371189019617665,-0.0371191193691738,0.566123717268097
PETR4.SA,2020-05-05,17.8999996185303,18.4799995422363,17.8700008392334,17.9400005340576,75043400,4.84404897689819,0.0322210819378963,0.0322210241848087,0.584364835949179
PETR4.SA,2020-05-06,17.8700008392334,18.0599994659424,17.2800006866455,17.2800006866455,67937500,4.66583919525147,-0.0367894260558947,-0.0367892880582223,0.562866389027361
PETR4.SA,2020-05-07,17.75,17.8700008392334,17.3500003814697,17.4400005340576,81265100,4.70904159545898,0.00925929900273625,0.00925925006101203,0.568078137221956
PETR4.SA,2020-05-08,17.7399997711182,18.5799999237061,17.7099990844727,18.4799995422363,83232700,4.98985576629639,0.0596329773574726,0.0596329688263342,0.601954327916188
PETR4.SA,2020-05-11,18.2999992370605,18.9300003051758,18.1100006103516,18.1499996185303,65061500,4.90075063705444,-0.0178572554829736,-0.0178571391710175,0.591205075693507
PETR4.SA,2020-05-12,18.5300006866455,18.8299999237061,18.1299991607666,18.1399993896484,71837200,4.8980507850647,-0.000550905808047619,-0.000550976809477466,0.590879377383561
PETR4.SA,2020-05-13,18.2600002288818,18.3500003814697,17.5200004577637,17.5900001525879,87222300,4.74954319000244,-0.0303197336203802,-0.0303196943531543,0.572964072059515
PETR4.SA,2020-05-14,17.3999996185303,17.4699993133545,16.7199993133545,17.3999996185303,119653200,4.69824028015137,-0.0108016514007209,-0.0108016220812632,0.56677511388799
PETR4.SA,2020-05-15,17.9899997711182,18.1900005340576,17.1499996185303,17.1499996185303,133733100,4.63073635101318,-0.0143679175846683,-0.0143678164069475,0.558631735762607
PETR4.SA,2020-05-18,18.1000003814697,18.5400009155273,17.9200000762939,18.5400009155273,116999500,5.00605630874634,0.0810497357836051,0.0810496401116649,0.603908690346503
PETR4.SA,2020-05-19,18.5100002288818,18.9300003051758,18.4099998474121,18.6800003051758,80131600,5.04385757446289,0.0075511067765075,0.00755120726726544,0.60846886935057
PETR4.SA,2020-05-20,19.0900001525879,19.4400005340576,19.0599994659424,19.2999992370605,74595100,5.211266040802,0.0331905617610422,0.0331905204366072,0.628664292938422
PETR4.SA,2020-05-21,19.5,19.7700004577637,19.0699996948242,19.1900005340576,81327000,5.18156623840332,-0.00569915298243162,-0.00569941488866521,0.625081438958373
PETR4.SA,2020-05-22,18.7999992370605,18.8999996185303,18.3500003814697,18.6700000762939,71259400,5.04115676879883,-0.027097881826511,-0.0270974696869235,0.608143055993534
PETR4.SA,2020-05-25,19.4799995422363,19.5599994659424,19.2600002288818,19.4799995422363,38033000,5.25986957550049,0.0433854404321121,0.043385081019409,0.634527610323544
PETR4.SA,2020-05-26,19.9799995422363,20.0900001525879,19.3299999237061,19.6700000762939,68716900,5.31117105484009,0.00975337479441563,0.00975362107404876,0.640716395924435
PETR4.SA,2020-05-27,19.7999992370605,19.9300003051758,19.1499996185303,19.9300003051758,74790800,5.38137578964233,0.0132183155235168,0.0132181102121696,0.649185587406854
PETR4.SA,2020-05-28,19.6900005340576,20.0799999237061,19.4500007629395,19.7700004577637,65023000,5.33817386627197,-0.00802804432530302,-0.00802809056508436,0.643973896735804
PETR4.SA,2020-05-29,19.5499992370605,20.3400001525879,19.2999992370605,20.3400001525879,128832600,5.4920802116394,0.0288312724956101,0.0288315468703178,0.662540483632654
PETR4.SA,2020-06-01,20.1499996185303,20.5599994659424,20,20.3299999237061,86579500,5.48938035964966,-0.000491590050710533,-0.000491653333668407,0.662214785322707
PETR4.SA,2020-06-02,20.75,21.3999996185303,20.6000003814697,21.3999996185303,77235100,5.77829599380493,0.0526317389625579,0.0526315641337771,0.697068301040958
PETR4.SA,2020-06-03,21.8600006103516,21.9099998474121,21.4099998474121,21.4699993133545,86219700,5.79719686508179,0.00327101126302964,0.00327101383514083,0.699348419304764
PETR4.SA,2020-06-04,21.3899993896484,21.7800006866455,21.0400009155273,21.4300003051758,107401400,5.78639650344849,-0.00186303171768321,-0.00186301860540028,0.698045511017888
PETR4.SA,2020-06-05,22.2900009155273,23.0300006866455,22.0599994659424,22.1000003814697,114137700,5.9673056602478,0.0312645627881707,0.0312645854760967,0.719869598726107
PETR4.SA,2020-06-08,22.5499992370606,22.5900001525879,22.0100002288818,22.5300006866455,82444400,6.08341360092163,0.0194573476346789,0.0194570270476704,0.733876351760158
PETR4.SA,2020-06-09,22.0300006866455,22.0400009155273,21.6399993896484,21.7199993133545,96488300,5.8646993637085,-0.0359525509131912,-0.0359521237729539,0.707491624859514
PETR4.SA,2020-06-10,21.8899993896484,21.8999996185303,21,21.3999996185303,102551100,5.77829599380493,-0.0147327875727509,-0.0147329514245181,0.697068301040958
PETR4.SA,2020-06-12,20.6200008392334,21.1700000762939,20.1000003814697,20.6000003814697,116746700,5.56228446960449,-0.0373832570072615,-0.0373831425850973,0.671009617591529
PETR4.SA,2020-06-15,19.8099994659424,21.0900001525879,19.5400009155273,20.7000007629395,99931000,5.58928680419922,0.00485454038575028,0.00485438736009347,0.674267060879354
PETR4.SA,2020-06-16,21.5599994659424,21.9099998474121,21.1700000762939,21.3700008392334,94510600,5.77019500732422,0.0323669565478522,0.0323671522511966,0.696091033540484
PETR4.SA,2020-06-17,21.4799995422363,21.8500003814697,21.1499996185303,21.4400005340576,63268700,5.78909540176392,0.00327552091665995,0.00327560561886853,0.698371094280745
PETR4.SA,2020-06-18,21.1800003051758,21.7700004577637,21.0799999237061,21.6000003814697,56893300,5.83229923248291,0.00746296747948394,0.00746267926430089,0.703583015045974
PETR4.SA,2020-06-19,22,22.2199993133545,21.2199993133545,21.4699993133545,91139800,5.79719686508179,-0.00601861564400208,-0.00601856786200616,0.699348419304764
PETR4.SA,2020-06-22,21.6000003814697,21.6000003814697,20.8999996185303,20.9500007629395,45419000,5.6567907333374,-0.024219659089049,-0.024219774897319,0.682410439004737
PETR4.SA,2020-06-23,21.2199993133545,22.0699996948242,21.1399993896484,21.6499996185303,78950900,5.84579944610596,0.033412710789293,0.0334128319856255,0.705211621642797
PETR4.SA,2020-06-24,21.4899997711182,21.5599994659424,20.7099990844727,21,65162400,5.67028903961182,-0.0300233369468487,-0.030023077597375,0.684038815507382
PETR4.SA,2020-06-25,20.9099998474121,21.4699993133545,20.7299995422363,21.4699993133545,47263500,5.79719686508179,0.0223811916082957,0.0223809196835472,0.699348419304764
PETR4.SA,2020-06-26,21.2099990844727,21.4699993133545,20.7800006866455,20.8400001525879,55499300,5.62708854675293,-0.0293432019453177,-0.0293432315284117,0.678827297406966
PETR4.SA,2020-06-29,21.1000003814697,21.6599998474121,20.9300003051758,21.6599998474121,59809600,5.84849882125855,0.0393472170672307,0.0393473938973263,0.705537262429199
PETR4.SA,2020-06-30,21.3400001525879,21.7999992370605,21.0900001525879,21.5499992370605,65010600,5.81879854202271,-0.00507827395431515,-0.00507851390242298,0.701954350925606
PETR4.SA,2020-07-01,21.75,22.25,21.5200004577637,21.7099990844727,78983900,5.86200046539307,0.00742454358204059,0.00742458714972716,0.707166041596656
PETR4.SA,2020-07-02,22.1000003814697,22.2099990844727,21.8600006103516,22.0599994659424,56345900,5.9565052986145,0.0161216011120018,0.0161216211989641,0.718566690439231
PETR4.SA,2020-07-03,21.9500007629395,22.1800003051758,21.7999992370605,21.9799995422363,24060000,5.93490314483643,-0.00362664896530873,-0.00362646988407966,0.715960701294844
PETR4.SA,2020-07-06,22.3899993896484,22.8600006103516,22.3099994659424,22.5100002288818,58070900,6.07801198959351,0.024113088497761,0.0241128615870565,0.733224725046086
PETR4.SA,2020-07-07,22.3400001525879,22.4699993133545,22.1399993896484,22.2299995422363,46591300,6.00240659713745,-0.0124391647442458,-0.0124389464148582,0.724104021896683
PETR4.SA,2020-07-08,22.4500007629395,22.7600002288818,22.3999996185303,22.6499996185303,49136300,6.11581325531006,0.0188935315089602,0.018893391135522,0.737784904050153
PETR4.SA,2020-07-09,22.7800006866455,22.8099994659424,22.0599994659424,22.1399993896484,57151500,5.97810554504395,-0.0225166636908916,-0.0225165667757715,0.721172449489439
PETR4.SA,2020-07-10,22.1900005340576,22.6499996185303,22.0599994659424,22.5100002288818,57428300,6.07801198959351,0.0167120576571931,0.0167118721514687,0.733224725046086
PETR4.SA,2020-07-13,22.6100006103516,22.6499996185303,22.1599998474121,22.1599998474121,55425500,5.98350620269775,-0.0155487990246745,-0.0155486618352253,0.721823961156422
PETR4.SA,2020-07-14,22.1299991607666,22.9599990844727,21.8600006103516,22.8999996185303,89380500,6.18331718444824,0.0333936282476652,0.0333934917063903,0.745928282175537
PETR4.SA,2020-07-15,23.2000007629395,23.4300003051758,22.8500003814697,23.3400001525879,58390600,6.30212211608887,0.0192137857555541,0.0192139974404879,0.760260388378266
PETR4.SA,2020-07-16,23.1599998474121,23.2800006866455,22.5200004577637,22.7199993133545,69698700,6.13471269607544,-0.0265639759004421,-0.0265638746863784,0.740064849743325
PETR4.SA,2020-07-17,22.8299999237061,23.0300006866455,22.5799999237061,22.7399997711182,49927600,6.14011383056641,0.00088042175054448,0.000880301864794264,0.740716418933852
PETR4.SA,2020-07-20,22.7000007629395,22.9099998474121,22.5200004577637,22.7399997711182,48679800,6.14011383056641,0,0,0.740716418933852
PETR4.SA,2020-07-21,23.1499996185303,23.6000003814697,23.1399993896484,23.3700008392334,101769600,6.31022310256958,0.0277045795399338,0.0277045327377441,0.76123765587874
PETR4.SA,2020-07-22,23.2999992370605,23.4099998474121,23.0100002288818,23.0499992370606,43085500,6.2238187789917,-0.013692752565705,-0.0136928365717315,0.750814217013095
PETR4.SA,2020-07-23,23.1599998474121,23.2299995422363,22.5400009155273,22.5699996948242,64072100,6.09433364868164,-0.0208047719427711,-0.0208242758405202,0.735193698456747
PETR4.SA,2020-07-24,22.5400009155273,23.0599994659424,22.4200000762939,22.7299995422363,43380300,6.13753700256348,0.00708910216807412,0.00708904960458634,0.740405561698432
PETR4.SA,2020-07-27,22.8700008392334,23.25,22.4500007629395,23.2000007629395,56539600,6.26444578170776,0.020677476826825,0.0206775728186788,0.755715280542903
PETR4.SA,2020-07-28,23.0400009155273,23.3199996948242,22.7999992370606,22.7999992370606,48353000,6.15643930435181,-0.0172411863905562,-0.0172414445139969,0.742685852532872
PETR4.SA,2020-07-29,23.0300006866455,23.25,22.9200000762939,23.1700000762939,44011500,6.25634479522705,0.0162278040822434,0.0162281075269501,0.754738013042429
PETR4.SA,2020-07-30,22.9200000762939,22.9200000762939,22.5,22.8199996948242,57859000,6.1618390083313,-0.0151055912020466,-0.015105756595479,0.743337249152765
PETR4.SA,2020-07-31,22.9200000762939,23.1399993896484,22.1599998474121,22.2000007629395,75397300,5.99442672729492,-0.0271692072464117,-0.0271691034257721,0.723141365376556
PETR4.SA,2020-08-03,22.5400009155273,22.5499992370606,21.7199993133545,21.7999992370605,63598500,5.88641786575317,-0.0180182136600223,-0.018018086132081,0.710111649748801
PETR4.SA,2020-08-04,21.4599990844727,22.0499992370605,21.25,21.7800006866455,63011900,5.881019115448,-0.000917153764530609,-0.00091736473004278,0.709460368175997
PETR4.SA,2020-08-05,22.2299995422363,23.2800006866455,22.2299995422363,23.1800003051758,137214700,6.25904560089111,0.0642790778302578,0.0642791356470751,0.755063826399465
PETR4.SA,2020-08-06,23.2800006866455,23.5300006866455,23.0100002288818,23.2199993133545,56375100,6.2698450088501,0.00172540809695443,0.00172558272873613,0.756366619639252
PETR4.SA,2020-08-07,22.8600006103516,22.9099998474121,22.5499992370606,22.7900009155273,56040200,6.1537389755249,-0.0185181664237805,-0.0185184500664409,0.74236009669938
PETR4.SA,2020-08-10,22.8999996185303,23.4500007629395,22.6399993896484,23.4500007629395,52390100,6.33195066452026,0.0289599038412514,0.0289600623474497,0.763858773715376
PETR4.SA,2020-08-11,23.7099990844727,23.8799991607666,23.0599994659424,23.0799999237061,66342300,6.2320442199707,-0.0157781463948171,-0.0157782868740094,0.75180649815873
PETR4.SA,2020-08-12,23.3600006103516,23.6800003051758,23.0799999237061,23.4799995422363,67008500,6.34005165100098,0.0173309795659282,0.017331006059468,0.764836041215851
PETR4.SA,2020-08-13,23.4500007629395,23.5799999237061,22.7099990844727,22.8400001525879,44588200,6.16723966598511,-0.0272571888256755,-0.0272572147413033,0.743988760819748
PETR4.SA,2020-08-14,22.7700004577637,22.9799995422363,22.5300006866455,22.670000076294,38422000,6.12133550643921,-0.00744322614849546,-0.00744308560237394,0.738451084221028
PETR4.SA,2020-08-17,22.6800003051758,22.8400001525879,22.1499996185303,22.6000003814697,52064300,6.1024341583252,-0.00308778175843016,-0.00308776773659647,0.736170908433677
PETR4.SA,2020-08-18,22.9300003051758,23.2399997711182,22.7700004577637,23.0200004577637,49361300,6.21584272384644,0.0185841522544776,0.0185840738586143,0.749852020681326
PETR4.SA,2020-08-19,22.9500007629395,23.3199996948242,22.75,22.8899993896484,51982100,6.18073987960815,-0.00564731860148471,-0.00564730953649439,0.745617367416571
PETR4.SA,2020-08-20,22.5200004577637,22.8700008392334,22.3500003814697,22.7299995422363,55251700,6.13753700256348,-0.00698991995880871,-0.00698994546432652,0.740405561698432
PETR4.SA,2020-08-21,22.5400009155273,22.6299991607666,22.3500003814697,22.5599994659424,38668300,6.0916337966919,-0.00747909232195421,-0.00747910601485302,0.734868000146801
PETR4.SA,2020-08-24,22.8600006103516,23.1299991607666,22.7999992370606,22.9699993133545,51841900,6.20234060287476,0.0181735819777908,0.0181737525318235,0.748223183990324
PETR4.SA,2020-08-25,23.0900001525879,23.1499996185303,22.6900005340576,22.8700008392334,37981400,6.17533922195435,-0.00435341795126432,-0.00435343827210977,0.744965855749588
PETR4.SA,2020-08-26,22.7800006866455,22.8999996185303,22.0400009155273,22.2199993133545,69925300,5.99982786178589,-0.0284213310168429,-0.0284215785757135,0.723792934567084
PETR4.SA,2020-08-27,22.3199996948242,22.4699993133545,22.0400009155273,22.1499996185303,35489800,5.98092460632324,-0.0031506329678298,-0.00315030139457062,0.721512528685554
PETR4.SA,2020-08-28,22.25,22.5400009155273,22.0599994659424,22.5400009155273,31071000,6.0862340927124,0.0176075595866605,0.0176072823347051,0.734216603526907
PETR4.SA,2020-08-31,22.3199996948242,22.4300003051758,21.8899993896484,21.8899993896484,48539700,5.91072177886963,-0.0288375884281102,-0.0288376885304886,0.713043567297313
PETR4.SA,2020-09-01,22.2000007629395,22.8899993896484,22.1200008392334,22.8700008392334,66299700,6.17533922195435,0.0447690574830817,0.0447693685203296,0.744965855749588
PETR4.SA,2020-09-02,22.9300003051758,23.1000003814697,22.5200004577637,22.7999992370606,53618000,6.15643930435181,-0.00306054727088456,-0.00306084825553499,0.742685852532872
PETR4.SA,2020-09-03,22.6100006103516,23.1200008392334,22.5699996948242,22.8799991607666,87642400,6.17804002761841,0.00350863903609544,0.00350876870101025,0.745291669106624
PETR4.SA,2020-09-04,23,23.0300006866455,22.5799999237061,22.9200000762939,52351100,6.18883991241455,0.00174810858263497,0.00174829182668579,0.746594519869956
PETR4.SA,2020-09-08,22.5,22.5,21.9099998474121,22.2600002288818,74490200,6.01062774658203,-0.0287957304364964,-0.0287958047650595,0.725095785330415
PETR4.SA,2020-09-09,22.4899997711182,22.7700004577637,22.4899997711182,22.7299995422363,42143500,6.13753700256348,0.0211141433694031,0.0211140749560585,0.740405561698431
PETR4.SA,2020-09-10,22.5799999237061,22.5799999237061,22.1100006103516,22.1200008392334,58350000,5.97282552719116,-0.0268367384674861,-0.0268367230658956,0.720535491279258
PETR4.SA,2020-09-11,22.1200008392334,22.2600002288818,21.75,21.8799991607666,71013700,5.90802097320557,-0.0108498990453637,-0.0108499850524921,0.712717753940277
PETR4.SA,2020-09-14,21.9400005340576,21.9799995422363,21.4300003051758,21.6800003051758,46453300,5.85401678085327,-0.00914082610695155,-0.00914071587120724,0.706202924888172
PETR4.SA,2020-09-15,21.9799995422363,22.0799999237061,21.5499992370605,21.6700000762939,58546700,5.85131692886353,-0.000461196489661031,-0.000461265163333446,0.705877226578225
PETR4.SA,2020-09-16,21.8500003814697,21.9899997711182,21.6000003814697,21.7299995422363,50379500,5.86751890182495,0.0027689446937158,0.002768780144492,0.707831761579174
PETR4.SA,2020-09-17,21.5100002288818,22.1700000762939,21.4599990844727,22.1499996185303,60432200,5.98092460632324,0.019327710126851,0.0193281217276418,0.721512528685554
PETR4.SA,2020-09-18,21.9899997711182,22.1499996185303,21.5499992370605,21.6499996185303,64243500,5.84591627120972,-0.0225731544869818,-0.0225733638199122,0.705225714911242
PETR4.SA,2020-09-21,21.2900009155273,21.4599990844727,20.8099994659424,20.8999996185303,73300000,5.64340114593506,-0.0346421528943232,-0.0346420329429509,0.680795177870278
PETR4.SA,2020-09-22,20.9599990844727,21.3500003814697,20.75,20.7999992370605,47207700,5.61640024185181,-0.00478450909035599,-0.0047847073346865,0.677537907153088
PETR4.SA,2020-09-23,20.7999992370605,20.9599990844727,20.2000007629395,20.2299995422363,57106300,5.46248817443848,-0.0274040418747976,-0.0274038324871002,0.658970629973702
PETR4.SA,2020-09-24,20.2399997711182,20.7099990844727,20.0599994659424,20.3999996185303,76310000,5.50839376449585,0.0084037875399321,0.00840336530601582,0.664508479143056
PETR4.SA,2020-09-25,20.1499996185303,20.2600002288818,19.8700008392334,20.1299991607666,40150400,5.43548536300659,-0.0132358732157433,-0.0132353168045365,0.655713129162332
PETR4.SA,2020-09-28,20.3299999237061,20.5599994659424,19.6299991607666,19.6299991607666,48797400,5.30047702789307,-0.0248383218971354,-0.0248385504642494,0.63942631538802
PETR4.SA,2020-09-29,19.6299991607666,19.8600006103516,19.25,19.3099994659424,52878100,5.2140703201294,-0.0163016851707815,-0.0163015643660233,0.629002588904652
PETR4.SA,2020-09-30,19.5,20.0400009155273,19.4300003051758,19.6100006103516,69505000,5.29507732391357,0.0155362315447578,0.0155360514089242,0.638774918768126
PETR4.SA,2020-10-01,19.6399993896484,20.0599994659424,19.1299991607666,19.8500003814697,77537300,5.35988235473633,0.0122387317235353,0.0122386416954763,0.646592713630653
PETR4.SA,2020-10-02,19.7299995422363,19.7399997711182,19.0200004577637,19.0200004577637,85306000,5.13576507568359,-0.0418138429577079,-0.0418135973680319,0.619556187445302
PETR4.SA,2020-10-05,19.3600006103516,20.1599998474121,19.2399997711182,20.0300006866455,73288500,5.40848588943481,0.053102275850287,0.0531020086526639,0.652456031015775
PETR4.SA,2020-10-06,20.4699993133545,20.7000007629395,19.9300003051758,19.9300003051758,77064600,5.38148307800293,-0.00499267484170263,-0.00499253010692102,0.649198530204405
PETR4.SA,2020-10-07,20,20.0499992370606,19.5599994659424,19.7900009155273,53521000,5.34368085861206,-0.00702449842226349,-0.0070245553188516,0.644638236153249
PETR4.SA,2020-10-08,20.0400009155273,20.5900001525879,19.8600006103516,20.4400005340576,78070400,5.51919269561768,0.0328447453449161,0.0328448503516885,0.665811214859298
PETR4.SA,2020-10-09,20.3400001525879,20.3899993896484,19.7999992370605,19.7999992370605,67962300,5.34638023376465,-0.0313111846937765,-0.0313112172345927,0.644963876939651
PETR4.SA,2020-10-13,19.9099998474121,20.1299991607666,19.7299995422363,20.1299991607666,55330600,5.43548536300659,0.0166664407217443,0.0166666634556418,0.655713129162332
PETR4.SA,2020-10-14,20.0900001525879,20.3700008392334,19.9699993133545,19.9699993133545,44584300,5.39228391647339,-0.00794803842674807,-0.00794832856843575,0.650501496014826
PETR4.SA,2020-10-15,19.6200008392334,19.7700004577637,19.4400005340576,19.75,56952100,5.33287906646729,-0.0110166398739915,-0.011016490782119,0.643335155295738
PETR4.SA,2020-10-16,19.6700000762939,19.7099990844727,19.3199996948242,19.3299999237061,49929000,5.21947145462036,-0.0212657385313726,-0.0212658266477948,0.629654158095179
PETR4.SA,2020-10-19,19.4099998474121,19.9400005340576,19.25,19.5200004577637,107419300,5.27077579498291,0.00982941296041262,0.00982930857773057,0.635843288837338
PETR4.SA,2020-10-20,19.6700000762939,20.2700004577637,19.5900001525879,20.1800003051758,68407700,5.44898700714111,0.0338111919554303,0.0338114667999205,0.657341908329789
PETR4.SA,2020-10-21,20.1599998474121,20.3299999237061,19.8299999237061,20.1599998474121,60594900,5.44358777999878,-0.000990868052219263,-0.0009911029465417,0.65669056923344
PETR4.SA,2020-10-22,20.1000003814697,20.8400001525879,20.0499992370606,20.8400001525879,98926900,5.62720108032227,0.0337301992259831,0.0337301741231446,0.678840872963508
PETR4.SA,2020-10-23,20.9400005340576,21.1399993896484,20.5400009155273,20.5699996948242,61711200,5.55429601669312,-0.012955830543197,-0.0129558759974454,0.670045925647597
PETR4.SA,2020-10-26,20.3299999237061,20.5300006866455,20.0300006866455,20.25,58229100,5.46788930892944,-0.0155567343735339,-0.0155566212723249,0.659622199164229
PETR4.SA,2020-10-27,20.2600002288818,20.3700008392334,19.8099994659424,19.8799991607666,48978400,5.36798143386841,-0.0182717442538346,-0.0182716463818963,0.647569751036948
PETR4.SA,2020-10-28,19.3500003814697,19.4400005340576,18.6700000762939,18.6700000762939,79247400,5.04125785827637,-0.0608652581267573,-0.0608651476636177,0.608155250985004
PETR4.SA,2020-10-29,18.4300003051758,19.3700008392334,17.7399997711182,19.2900009155273,86794800,5.20867156982422,0.0332087181918306,0.0332084004659774,0.628351307331847
PETR4.SA,2020-10-30,19.1399993896484,19.5400009155273,18.8700008392334,18.9400005340576,64185100,5.11416482925415,-0.0181441158850524,-0.0181441350367172,0.616950428395094
PETR4.SA,2020-11-03,19.5100002288818,19.8999996185303,19.3299999237061,19.6499996185303,66292400,5.30587720870972,0.0374865468470882,0.0374867510270629,0.640077769531458
PETR4.SA,2020-11-04,20.0100002288818,20.0699996948242,19.2700004577637,19.7199993133545,65777600,5.32477903366089,0.00356243165977221,0.00356232550550328,0.642358002842353
PETR4.SA,2020-11-05,19.9500007629395,19.9899997711182,19.7199993133545,19.8899993896484,40874800,5.37068176269531,0.00862058852475323,0.00862069382420416,0.647895506870439
PETR4.SA,2020-11-06,19.5499992370605,19.9500007629395,19.5400009155273,19.75,37273300,5.33287906646729,-0.00703871461731442,-0.00703868245070427,0.643335155295738
PETR4.SA,2020-11-09,21.1100006103516,22.6900005340576,21.0400009155273,21.6100006103516,164904100,5.83511638641357,0.0941775190636363,0.09417724609375,0.70392286414791
PETR4.SA,2020-11-10,21.8899993896484,23.1499996185303,21.8099994659424,23.0799999237061,163732600,6.2320442199707,0.0680239788329384,0.0680240292381267,0.751806498158729
PETR4.SA,2020-11-11,23.3500003814697,23.3600006103516,22.3999996185303,22.8799991607666,93072900,6.17804002761841,-0.00866556629672777,-0.00866554435011191,0.745291669106623
PETR4.SA,2020-11-12,22.7399997711182,22.8199996948242,21.7700004577637,21.9099998474121,77275000,5.91612052917481,-0.0423952414151922,-0.0423950764394168,0.713694848870117
PETR4.SA,2020-11-13,22.0200004577637,22.7999992370606,21.8899993896484,22.6299991607666,66065200,6.11053562164307,0.0328619221852431,0.0328616758726055,0.737148233457695
PETR4.SA,2020-11-16,23.2000007629395,23.6299991607666,23.1299991607666,23.2900009155273,101583300,6.28874826431274,0.0291648152804251,0.0291649040758686,0.75864702552078
PETR4.SA,2020-11-17,23.0499992370606,24.1399993896484,22.9799995422363,23.6900005340576,94082100,6.39675569534302,0.0171747105291511,0.017174736058666,0.771676568577901
PETR4.SA,2020-11-18,23.9899997711182,24.1299991607666,23.5499992370605,23.5499992370605,68540400,6.35895252227783,-0.00590974157301449,-0.0059097211414495,0.767116159479655
PETR4.SA,2020-11-19,23.5499992370605,23.9400005340576,23.3700008392334,23.8199996948242,65382100,6.43185806274414,0.0114650235570863,0.0114649879622404,0.775911164319111
PETR4.SA,2020-11-23,24.0499992370606,25.1000003814697,24.0400009155273,25.1000003814697,125649000,6.7774829864502,0.0537364040584245,0.0537363855182431,0.817605840158406
PETR4.SA,2020-11-24,25.6399993896484,26.6700000762939,25.6399993896484,26.2199993133545,153293500,7.07990503311157,0.0446215869912165,0.0446214707116743,0.854088710279561
PETR4.SA,2020-11-25,26.2000007629395,26.5,25.6700000762939,26.25,73971200,7.08800458908081,0.00114402042560702,0.00114419097754248,0.855065805209401
PETR4.SA,2020-11-26,25.9400005340576,25.9500007629395,25.5599994659424,25.8199996948242,41935900,6.97189712524414,-0.0163808392584192,-0.0163809640066964,0.841059109698895
PETR4.SA,2020-11-27,25.9200000762939,26.0599994659424,25.4500007629395,25.5,49863500,6.88548994064331,-0.0123936402170886,-0.0123934817430832,0.830635325691982
PETR4.SA,2020-11-30,25.2600002288818,25.8799991607666,24.8400001525879,24.8999996185303,90207700,6.72347927093506,-0.023529287110267,-0.023529426724303,0.811091068629845
PETR4.SA,2020-12-01,25.3999996185303,25.7700004577637,25.2900009155273,25.6000003814697,58866000,6.91249179840088,0.0281123090961108,0.0281124808700206,0.833892711456262
PETR4.SA,2020-12-02,25.6000003814697,26.5,25.3299999237061,25.9099998474121,88093300,6.99619722366333,0.0121092983114737,0.0121093539579309,0.84399056705905
PETR4.SA,2020-12-03,26.1499996185303,26.8899993896484,26.0499992370606,26.6399993896484,62424500,7.19331121444702,0.0281744474150887,0.0281744325177693,0.867769534909486
PETR4.SA,2020-12-04,27.1900005340576,27.5699996948242,27.0599994659424,27.5300006866455,61652400,7.43362951278687,0.0334085779379585,0.033408457859909,0.896760481048695
PETR4.SA,2020-12-07,27.2700004577637,27.7900009155273,26.6700000762939,27,72664200,7.29051876068115,-0.0192518004643012,-0.0192517498520298,0.879496227203275
PETR4.SA,2020-12-08,26.8099994659424,27.1399993896484,26.4599990844727,26.6599998474121,46276700,7.19871282577515,-0.0125925106181921,-0.0125925982439959,0.868421161623558
PETR4.SA,2020-12-09,26.6299991607666,26.9699993133545,26.3999996185303,26.9400005340576,52448300,7.27431917190552,0.0105027590293172,0.0105026514721713,0.87754197982005
PETR4.SA,2020-12-10,27.1900005340576,28.2000007629395,27.1299991607666,27.8199996948242,97537100,7.51193475723267,0.0326649930683347,0.0326651500861741,0.906206882508044
PETR4.SA,2020-12-11,27.4899997711182,27.8400001525879,27.2800006866455,27.5699996948242,48334300,7.44442987442017,-0.00898635105257073,-0.00898634086061878,0.898063389335572
PETR4.SA,2020-12-14,28.0300006866455,28.2700004577637,27.6200008392334,27.6200008392334,53159500,7.45793151855469,0.00181365723934279,0.00181360699900801,0.899692168503029
PETR4.SA,2020-12-15,27.6200008392334,27.9899997711182,27.6200008392334,27.8500003814697,47208200,7.52003526687622,0.00832720817655996,0.00832728223199841,0.907184092484974
PETR4.SA,2020-12-16,27.8500003814697,28.2399997711182,27.4699993133545,28.1900005340576,59399200,7.6118426322937,0.0122083689981971,0.0122082638395262,0.918259330635325
PETR4.SA,2020-12-17,28.2999992370605,28.3899993896484,28.0699996948242,28.2399997711182,39297700,7.62534379959106,0.00177370552040634,0.00177365151164643,0.919888052279238
PETR4.SA,2020-12-18,28.1000003814697,28.3199996948242,28.0200004577637,28.1000003814697,44707900,7.5875391960144,-0.00495775725924486,-0.00495748550931718,0.915327470610358
PETR4.SA,2020-12-21,27.1900005340576,27.4899997711182,26.5200004577637,27.0200004577637,99988800,7.29592037200928,-0.0384339133507619,-0.0384341604642201,0.880147853917347
PETR4.SA,2020-12-22,27.2000007629395,27.4699993133545,27.0499992370605,27.2800006866455,46513200,7.36612462997437,0.00962239914712137,0.00962251015829008,0.888616987876222
PETR4.SA,2020-12-23,27.4300003051758,28.25,27.3500003814697,27.9500007629395,49038900,7.54703712463379,0.0245600643143142,0.0245601194805662,0.910441478249254
PETR4.SA,2020-12-28,28.3600006103516,28.5200004577637,28.1800003051758,28.1800003051758,36313300,7.60914278030396,0.00822914405276354,0.00822896371943216,0.917933632325379
PETR4.SA,2020-12-29,28.3799991607666,28.4300003051758,27.9899997711182,28.2700004577637,29891100,7.63344430923462,0.00319372755017389,0.0031937598159415,0.920865262256167
PETR4.SA,2020-12-30,28.3500003814697,28.4899997711182,28.2000007629395,28.3400001525879,36968200,7.65234661102295,0.00247624807656788,0.0024761122635566,0.923145553090608
PETR4.SA,2021-01-04,28.6499996185303,29.1800003051758,28.5300006866455,28.9099998474121,74719700,7.80625534057617,0.0201126187007161,0.0201129037316596,0.94171242760518
PETR4.SA,2021-01-05,28.8999996185303,30.1800003051758,28.2399997711182,30.0400009155273,95181100,8.11137866973877,0.0390870290363929,0.0390868583216677,0.978521168606916
PETR4.SA,2021-01-06,30.1599998474121,30.8999996185303,30.0499992370606,30.1000003814697,96562500,8.12757968902588,0.00199732005454889,0.00199731904506595,0.980475588560776
PETR4.SA,2021-01-07,30.3400001525879,31.1499996185303,30.3400001525879,31,56171300,8.37059688568115,0.0299003154633357,0.0299003191735616,1.00979211796284
PETR4.SA,2021-01-08,31.4599990844727,31.7600002288818,30.3500003814697,31.1200008392334,67136300,8.40299606323242,0.00387059345871643,0.00387099481398057,1.01370061272929
PETR4.SA,2021-01-11,30.6100006103516,31.0599994659424,30.3999996185303,30.8600006103516,48744700,8.33279228210449,-0.00835461311651786,-0.00835476291356807,1.00523153629396
PETR4.SA,2021-01-12,31.1200008392334,31.5599994659424,30.6299991607666,30.6299991607666,65691900,8.27068996429443,-0.00745276201633272,-0.00745306043538474,0.997739784882651
PETR4.SA,2021-01-13,30.6800003051758,30.8600006103516,29,29.1499996185303,93826600,7.87106037139893,-0.0483187732366655,-0.0483186282333312,0.949530222467707
PETR4.SA,2021-01-14,29.1700000762939,29.6700000762939,28.7199993133545,29.4500007629395,50745400,7.95206499099731,0.0102914494078505,0.0102916345912565,0.959302264713458
PETR4.SA,2021-01-15,29.0499992370606,29.0799999237061,28.0300006866455,28.1200008392334,80673300,7.5929388999939,-0.0451613626661743,-0.0451612865619941,0.915978867230251
PETR4.SA,2021-01-18,28.3099994659424,28.8500003814697,28.0100002288818,28.0699996948242,68855700,7.57943964004517,-0.00177787021949316,-0.00177813452762832,0.914350375680518
PETR4.SA,2021-01-19,28.4799995422363,28.8600006103516,27.6399993896484,28.6900005340576,61656000,7.74685192108154,0.0220876857639807,0.0220876681857507,0.934546259456727
PETR4.SA,2021-01-20,28.9500007629395,29.1200008392334,28.1100006103516,28.2099990844727,60306200,7.61724138259888,-0.0167307365369869,-0.0167306183565649,0.91891061220813
PETR4.SA,2021-01-21,28.0200004577637,28.3999996185303,27.5100002288818,27.5499992370606,41284900,7.4390287399292,-0.0233959557953347,-0.0233959542301221,0.897411820145044
PETR4.SA,2021-01-22,26.9300003051758,27.2399997711182,26.5599994659424,27.0900001525879,51181900,7.31482124328613,-0.0166967356876011,-0.016696881931447,0.882427972181153
PETR4.SA,2021-01-26,27.25,27.9699993133545,26.8199996948242,27,64514600,7.29051876068115,-0.00332236179076639,-0.00332226475012742,0.879496227203275
PETR4.SA,2021-01-27,26.8099994659424,28.1700000762939,26.5300006866455,27.3999996185303,68337800,7.39852714538574,0.0148149107423048,0.0148148006863065,0.892525885307486
PETR4.SA,2021-01-28,27.3199996948242,28.4500007629395,27.3099994659424,27.7600002288818,67827000,7.49573421478272,0.0131387055135153,0.0131387085899117,0.90425252007773
PETR4.SA,2021-01-29,27.5200004577637,27.6800003051758,26.6900005340576,26.6900005340576,67555300,7.2068133354187,-0.038544707040735,-0.0385446572767308,0.869398371600487
PETR4.SA,2021-02-01,27.2600002288818,27.6800003051758,26.8299999237061,27.5300006866455,44449500,7.43362951278687,0.0314724645709152,0.0314724666833939,0.896760481048695
PETR4.SA,2021-02-02,28.3999996185303,29.1399993896484,28.2000007629395,28.6599998474121,91663000,7.73875093460083,0.0410460894357345,0.0410460999848341,0.933568991956252
PETR4.SA,2021-02-03,28.9799995422363,29.1399993896484,28.6599998474121,28.9400005340576,47486800,7.81435489654541,0.00976953032646999,0.00976973789728719,0.942689522535021
PETR4.SA,2021-02-04,28.8299999237061,28.9899997711182,28.2099990844727,28.8199996948242,41444100,7.78195476531982,-0.00414623237036615,-0.00414653894329331,0.938780912721481
PETR4.SA,2021-02-05,28.9799995422363,30.0900001525879,28.3199996948242,28.8400001525879,121098700,7.78735446929932,0.000693875014996959,0.000693978416913765,0.939432309341375
PETR4.SA,2021-02-08,28.5100002288818,29.2999992370606,27.7999992370606,28.1100006103516,98821700,7.59024047851563,-0.0253120609265687,-0.0253120505677537,0.915653341490939
PETR4.SA,2021-02-09,28.0499992370606,28.3700008392334,27.3799991607666,27.5400009155273,63662200,7.43633127212524,-0.02027725034879,-0.0202774700266039,0.897086409452821
PETR4.SA,2021-02-10,27.7399997711182,28.0400009155273,27.1200008392334,27.7999992370606,52949900,7.5065336227417,0.00944045498344126,0.00944075210203099,0.905555313317517
PETR4.SA,2021-02-11,28.1399993896484,28.5,27.8700008392334,28.0799999237061,61158600,7.58213996887207,0.0100720718683409,0.0100719674219356,0.914676131514009
PETR4.SA,2021-02-12,27.8099994659424,28.4899997711182,27.6100006103516,28.4400005340576,47801100,7.67934608459473,0.0128204063920909,0.0128205345915133,0.926402651237164
PETR4.SA,2021-02-17,28.5200004577637,29.6000003814697,28.1299991607666,29.5900001525879,54973400,7.98986959457398,0.040436191644257,0.0404359914534151,0.963862846382338
PETR4.SA,2021-02-18,30.3799991607666,30.9200000762939,29.0400009155273,29.2700004577637,105539200,7.90346240997315,-0.0108145926010496,-0.0108144539768187,0.953439062375425
PETR4.SA,2021-02-19,28.0300006866455,28.4899997711182,27.1700000762939,27.3299999237061,215834800,7.37962436676025,-0.0662795640745852,-0.0662794842404263,0.890245536949501
PETR4.SA,2021-02-22,22.7999992370606,23.2000007629395,21.3999996185303,21.6700000762939,490230400,5.85131692886353,-0.207098269768394,-0.207098421632363,0.705877226578224
PETR4.SA,2021-02-23,23.0499992370606,24.2600002288818,22.7099990844727,24.0599994659424,293503100,6.49666166305542,0.110290511014456,0.110290695949881,0.783728786611003
PETR4.SA,2021-02-24,24.5499992370605,25,24.0100002288818,24.3999996185303,155246400,6.58846998214722,0.014131614643546,0.0141313449765106,0.794804139808444
PETR4.SA,2021-02-25,25,25.25,23.1000003814697,23.1900005340576,170233000,6.26174736022949,-0.0495900600295737,-0.0495901271881061,0.75538975480359
PETR4.SA,2021-02-26,23.2000007629395,23.4200000762939,21.9699993133545,22.2399997711182,159881000,6.00522756576538,-0.0409661680209835,-0.0409659655481357,0.724444331186976
PETR4.SA,2021-03-01,22.7999992370606,23.0400009155273,21.9200000762939,22,90330100,5.94042491912842,-0.0107910392948953,-0.0107913567260841,0.716626823942174
PETR4.SA,2021-03-02,21.8400001525879,22.3299999237061,20.6700000762939,21.9899997711182,147772300,5.93772268295288,-0.000454889374468137,-0.00045455585826526,0.716300838014503
PETR4.SA,2021-03-03,21.7999992370605,21.8899993896484,20.4799995422363,21.1900005340576,185688500,5.72170782089233,-0.0363800860354632,-0.0363801384896453,0.690241751900261
PETR4.SA,2021-03-04,21.2999992370606,22.3999996185303,21.1200008392334,22.2199993133545,127843200,5.99982786178589,0.0486078719150991,0.0486077750513225,0.723792934567083
PETR4.SA,2021-03-05,22.4400005340576,23.2199993133545,22.2900009155273,22.3899993896484,126306300,6.04573011398315,0.00765059485950026,0.00765076874650372,0.729330381071624
PETR4.SA,2021-03-08,21.9400005340576,22.2800006866455,20.9599990844727,21.1000003814697,141142800,5.69740676879883,-0.0576147692035888,-0.0576149639724919,0.687310179493017
PETR4.SA,2021-03-09,21.3600006103516,21.9500007629395,20.8600006103516,21.5900001525879,122648000,5.82971620559692,0.0232227471492246,0.0232227375478384,0.703271410004472
PETR4.SA,2021-03-10,21.9400005340576,22.3400001525879,21.5799999237061,22.3400001525879,111744100,6.03223037719727,0.0347382555956866,0.0347383045252132,0.727701831998346
PETR4.SA,2021-03-11,22.6200008392334,23.4899997711182,22.6100006103516,23.2900009155273,130577500,6.28874826431274,0.0425245508005057,0.0425246533773815,0.758647025520781
PETR4.SA,2021-03-12,23.1499996185303,23.3799991607666,22.8600006103516,23.1700000762939,68123200,6.25634479522705,-0.00515261030077729,-0.00515246176540052,0.754738013042428
PETR4.SA,2021-03-15,23.1100006103516,23.6700000762939,23.1000003814697,23.6499996185303,68295000,6.3859543800354,0.020716502854387,0.0207164238522137,0.770373545243936
PETR4.SA,2021-03-16,23.6299991607666,23.6800003051758,23.2299995422363,23.2800006866455,43407900,6.28604793548584,-0.0156447162951713,-0.0156447753848953,0.758321269687289
PETR4.SA,2021-03-17,23.1399993896484,24.1299991607666,23.1100006103516,24.0799999237061,77966400,6.50206279754639,0.0343641767096787,0.034364227382496,0.784380355801531
PETR4.SA,2021-03-18,23.8799991607666,23.8999996185303,23.0699996948242,23.2399997711182,77198900,6.27524614334106,-0.0348837993830071,-0.0348837273774629,0.757018188829779
PETR4.SA,2021-03-19,23.2700004577637,24.0400009155273,23.1800003051758,24,90244500,6.48046112060547,0.0327022992527819,0.0327022476922025,0.781774424180689
PETR4.SA,2021-03-22,23.6900005340576,23.7800006866455,23.2299995422363,23.5200004577637,44129300,6.35085201263428,-0.0199999823406212,-0.0199999809265137,0.766138949502726
PETR4.SA,2021-03-23,23.1700000762939,23.6299991607666,22.7999992370606,22.7999992370606,57124700,6.15643930435181,-0.0306120671518891,-0.030612296202803,0.742685852532871
PETR4.SA,2021-03-24,23.1900005340576,23.5400009155273,22.8199996948242,22.8199996948242,63338300,6.1618390083313,0.000877082305623445,0.000877213089163664,0.743337249152765
PETR4.SA,2021-03-25,22.7000007629395,23.2999992370605,22.1599998474121,23.2000007629395,79214500,6.26444578170776,0.016651972444871,0.0166521066256378,0.755715280542903
PETR4.SA,2021-03-26,23.4799995422363,23.8799991607666,23.1100006103516,23.4599990844727,60918600,6.33465051651001,0.0112068548836746,0.0112068238354774,0.764184472025322
PETR4.SA,2021-03-29,23.3400001525879,23.8299999237061,23.2800006866455,23.8299999237061,50099700,6.43455839157105,0.0157716475124625,0.0157715623901404,0.776236920152603
PETR4.SA,2021-03-30,23.6399993896484,23.9899997711182,23.5699996948242,23.8299999237061,41959100,6.43455839157105,0,0,0.776236920152603
PETR4.SA,2021-03-31,23.7999992370606,24.2299995422363,23.7800006866455,24.1000003814697,68609400,6.50746297836304,0.0113301616607433,0.0113302752256863,0.78503180994497
PETR4.SA,2021-04-01,24.2900009155273,24.3899993896484,23.7800006866455,23.8899993896484,47232900,6.45076036453247,-0.00871347467040529,-0.00871373396254205,0.778191455153552
PETR4.SA,2021-04-05,24.1299991607666,24.2000007629395,23.6800003051758,24.0400009155273,40454400,6.49126195907593,0.00627857682733701,0.00627884176271265,0.783077389991111
PETR4.SA,2021-04-06,24.1800003051758,24.3700008392334,23.9099998474121,24.0200004577637,45934300,6.48586082458496,-0.000832062320858085,-0.000831965765473619,0.782425820800583
PETR4.SA,2021-04-07,23.9400005340576,24.3400001525879,23.9300003051758,24,55892200,6.48046112060547,-0.00083253466664357,-0.000832658508847284,0.781774424180689
PETR4.SA,2021-04-08,23.9799995422363,24.0400009155273,23.3700008392334,23.7000007629395,63231300,6.39945602416992,-0.0124998969869568,-0.0124999682108561,0.772002324411393
PETR4.SA,2021-04-09,23.5,23.7800006866455,23.3700008392334,23.6499996185303,47494400,6.3859543800354,-0.00210981122200504,-0.00210975286074122,0.770373545243936
PETR4.SA,2021-04-12,23.9599990844727,24.3700008392334,23.7800006866455,23.8899993896484,50592900,6.45076036453247,0.0101482066172718,0.0101479820291464,0.778191455153552
PETR4.SA,2021-04-13,23.9799995422363,24.1100006103516,23.6900005340576,23.9699993133545,53612300,6.47235918045044,0.003348258917929,0.00334867834867825,0.780797041633126
PETR4.SA,2021-04-14,24.2000007629395,24.5799999237061,23.9799995422363,24.3500003814697,90836500,6.57496786117554,0.0158533662709919,0.0158531947851799,0.793175303117443
PETR4.SA,2021-04-15,23.7000007629395,23.8299999237061,23.0200004577637,23.0900001525879,64193600,6.44457864761353,-0.0198311560322516,-0.0517453884658126,0.777445719920392
PETR4.SA,2021-04-16,23.1299991607666,23.2399997711182,22.8099994659424,22.9500007629395,59567300,6.4055027961731,-0.00606336792164053,-0.00606320436220298,0.77273178048141
PETR4.SA,2021-04-19,22.9500007629395,24.8899993896484,22.7700004577637,24.2800006866455,196519100,6.77671670913696,0.0579523457839477,0.0579520644658884,0.817513399822115
PETR4.SA,2021-04-20,24.3299999237061,24.5900001525879,23.7600002288818,23.8199996948242,94965400,6.64832735061646,-0.0189456582045701,-0.0189456745804089,0.802025070371429
PETR4.SA,2021-04-22,24.1399993896484,24.1900005340576,23.6499996185303,23.7099990844727,46600100,6.61762428283691,-0.00461816426302986,-0.00461799377669447,0.798321186853385
PETR4.SA,2021-04-23,23.8799991607666,23.9400005340576,23.5100002288818,23.6900005340576,60341000,6.61204338073731,-0.000843339219798844,-0.000843464832866014,0.797647931286516
PETR4.SA,2021-04-26,23.8500003814697,24.0499992370606,23.6100006103516,23.7800006866455,33281000,6.63716316223145,0.00379909508266718,0.00379907769349797,0.800678271619966
PETR4.SA,2021-04-27,23.8199996948242,24.1700000762939,23.1000003814697,23.1000003814697,76684900,6.44737052917481,-0.0285954448335171,-0.0285954703759811,0.777782520274461
PETR4.SA,2021-04-28,23.3999996185303,24.0900001525879,23.3600006103516,23.9400005340576,66374200,6.68182039260864,0.0363636403977305,0.0363636423686693,0.806065524149363
PETR4.SA,2021-04-29,24.1200008392334,24.2900009155273,23.4200000762939,23.6200008392334,49775900,6.59250593185425,-0.0133667856222525,-0.0133667371631416,0.795291019090569
PETR4.SA,2021-04-30,23.3999996185303,23.9300003051758,23.2800006866455,23.6200008392334,61039200,6.59250593185425,0,0,0.795291019090569
PETR4.SA,2021-05-03,23.7999992370606,23.8099994659424,23.2999992370605,23.4300003051758,49039900,6.53947591781616,-0.00804398427339303,-0.00804405280723031,0.788893710640234
PETR4.SA,2021-05-04,23.5400009155273,23.6399993896484,22.8799991607666,22.8899993896484,44765000,6.38875722885132,-0.0230475180058735,-0.0230474139348627,0.770711668639533
PETR4.SA,2021-05-05,23.1700000762939,23.9500007629395,23.1200008392334,23.8299999237061,75611900,6.65111827850342,0.0410660540468324,0.0410659920979601,0.802361755678408
PETR4.SA,2021-05-06,23.7099990844727,23.8500003814697,23.3999996185303,23.5,54091600,6.5590124130249,-0.0138481773472897,-0.0138480874847914,0.791250507789091
PETR4.SA,2021-05-07,23.6399993896484,24.4500007629395,23.4599990844727,24.3799991607666,74118200,6.80462646484375,0.0374468039321143,0.0374467727985788,0.820880310415455
PETR4.SA,2021-05-10,24.7999992370606,24.9799995422363,24.5799999237061,24.7000007629395,73804500,6.89394092559815,0.0131255493914089,0.0131255788838505,0.831654815474248
PETR4.SA,2021-05-11,24.4400005340576,25.170000076294,24.3199996948242,25.1499996185303,73729900,7.01953887939453,0.0182186002392368,0.0182185765866862,0.84680640209441
PETR4.SA,2021-05-12,24.9500007629395,25.5300006866455,24.6900005340576,24.7800006866455,89980700,6.91627025604248,-0.0147115964632933,-0.0147116873756195,0.834348528024263
PETR4.SA,2021-05-13,24.7600002288818,25.1000003814697,24.4300003051758,24.9899997711182,77282100,6.97488355636597,0.00847469780005761,0.00847453909013929,0.841419379659192
PETR4.SA,2021-05-14,25.7999992370605,26.3799991607666,25.5499992370606,26.2999992370606,196135500,7.34051132202148,0.0524206264808262,0.052420947496622,0.885527110674035
PETR4.SA,2021-05-17,26.2999992370606,26.6599998474121,26.2000007629395,26.6599998474121,83512600,7.44099092483521,0.0136883656200193,0.0136882365321238,0.89764852953138
PETR4.SA,2021-05-18,26.7000007629395,26.7999992370606,26.2700004577637,26.3500003814697,63510600,7.35446739196777,-0.0116279583917579,-0.0116278870111275,0.887210709779567
PETR4.SA,2021-05-19,25.8500003814697,26.3500003814697,25.7999992370605,26.1499996185303,84700500,7.29864501953125,-0.00759026717522604,-0.0075901616715004,0.880476543451618
PETR4.SA,2021-05-20,26.1499996185303,26.2800006866455,25.7199993133545,25.9300003051758,71371100,7.23724317550659,-0.00841277303668642,-0.00841297577681788,0.873069294127433
PETR4.SA,2021-05-21,26.0799999237061,26.3099994659424,25.9400005340576,25.9500007629395,82884500,7.2428240776062,0.000771136462361488,0.00077132501073196,0.873742549694303
PETR4.SA,2021-05-24,26.2800006866455,26.5200004577637,25.9899997711182,26.3899993896484,63029600,7.36563158035278,0.0169557483974083,0.0169556305885497,0.88855750853103
PETR4.SA,2021-05-25,26.4799995422363,26.6200008392334,25.7800006866455,25.8400001525879,63672000,7.21212339401245,-0.0208411437180489,-0.020841199309625,0.870038953793983
PETR4.SA,2021-05-26,25.9099998474121,26.1800003051758,25.6499996185303,26.0900001525879,46646900,7.28190088272095,0.00967502701997947,0.00967492254348779,0.878456604180375
PETR4.SA,2021-05-27,26.0799999237061,26.25,25.7700004577637,25.9099998474121,48877800,7.23166036605835,-0.006899368375339,-0.00689920675059585,0.872395808466385
PETR4.SA,2021-05-28,26.2000007629395,27.0200004577637,26.1499996185303,26.9899997711182,129526400,7.53309774398804,0.0416830109091513,0.041682745274656,0.908759892467787
PETR4.SA,2021-05-31,26.9599990844727,27.2000007629395,26.7800006866455,26.8700008392334,46298900,7.49960422515869,-0.00444618136756236,-0.00444605160809142,0.904719381166309
PETR4.SA,2021-06-01,27.3999996185303,27.7000007629395,27.0100002288818,27.2900009155273,90744900,7.61682987213135,0.0156309111058692,0.0156308173865292,0.918860969389076
PETR4.SA,2021-06-02,27.3500003814697,28.0699996948242,27.2600002288818,27.8700008392334,103985100,7.77871036529541,0.0212530010360812,0.0212532027939967,0.938389522523517
PETR4.SA,2021-06-04,28.0599994659424,28.6200008392334,27.9200000762939,28.5,102757300,7.95454740524292,0.0226049090003406,0.0226049207676999,0.959601732287034
PETR4.SA,2021-06-07,28.5,28.5499992370606,28.0100002288818,28.2900009155273,74548900,7.89593744277954,-0.00736810775993979,-0.00736838892886516,0.952531283316918
PETR4.SA,2021-06-08,28.1700000762939,28.7999992370606,27.9599990844727,28.6599998474121,88398600,7.99920558929443,0.0130786429430652,0.0130787882612504,0.96498909986352
PETR4.SA,2021-06-09,28.7199993133545,29.0799999237061,28.5200004577637,28.6599998474121,60724200,7.99920558929443,0,0,0.96498909986352
PETR4.SA,2021-06-10,28.8299999237061,29.0300006866455,28.5699996948242,28.6800003051758,35871000,8.00478649139404,0.000697682043211634,0.000697852682140843,0.96566235543039
PETR4.SA,2021-06-11,28.7999992370606,28.8500003814697,28.2600002288818,28.5699996948242,54894400,7.97408437728882,-0.00383546945795898,-0.00383544662416591,0.961958586959436
PETR4.SA,2021-06-14,28.8999996185303,29.3500003814697,28.6100006103516,28.75,64286600,8.02432632446289,0.00630065406846803,0.00630032576473538,0.968019555244059
PETR4.SA,2021-06-15,28.9599990844727,29.0599994659424,28.6299991607666,29.0300006866455,42597100,8.10247325897217,0.00973875330456586,0.00973915431810468,0.977446858886577
PETR4.SA,2021-06-16,29.0799999237061,29.2900009155273,28.7700004577637,29.1399993896484,77432900,8.13317680358887,0.00378940400484518,0.00378913883572629,0.981150799928165
PETR4.SA,2021-06-17,29.0100002288818,29.2000007629395,27.9099998474121,28.1299991607666,95264600,7.85127878189087,-0.0346602598843796,-0.0346602693904182,0.947143858216888
PETR4.SA,2021-06-18,28,28.4200000762939,27.6399993896484,28.3199996948242,115250700,7.90430736541748,0.00675413330742036,0.00675437396822298,0.953540994096589
PETR4.SA,2021-06-21,28.3999996185303,29,28.3999996185303,28.9500007629395,50709600,8.08014297485352,0.0222455430067587,0.0222458006675181,0.974753031289472
PETR4.SA,2021-06-22,29,29.2700004577637,28.670000076294,29.1000003814697,41602700,8.12201309204102,0.00518185350405376,0.00518133383686448,0.979804058700247
PETR4.SA,2021-06-23,29.25,29.5200004577637,29,29.2999992370606,57278500,8.17783260345459,0.00687262022124457,0.00687281281680585,0.986537879886928
PETR4.SA,2021-06-24,29.4899997711182,29.6499996185303,29.2199993133545,29.6499996185303,51447000,8.27552032470703,0.011945429307415,0.0119454058219572,0.998322498390204
PETR4.SA,2021-06-25,29.6900005340576,29.7900009155273,28.9500007629395,29.1000003814697,84950900,8.12201309204102,-0.0185495566010165,-0.018549721556044,0.979804058700246
PETR4.SA,2021-06-28,29.1800003051758,29.2700004577637,28.670000076294,29.0499992370606,40341200,8.10805702209473,-0.00171830182839339,-0.00171825236267076,0.978120459594715
PETR4.SA,2021-06-29,29.0900001525879,29.1800003051758,28.7399997711182,29.1800003051758,43215200,8.14434146881104,0.00447510995759304,0.00447507991495533,0.982497656203173
PETR4.SA,2021-06-30,29.0300006866455,29.5699996948242,28.920000076294,29.4300003051758,71367600,8.21411514282227,0.00856713514265461,0.00856751190491445,0.990914846401207
PETR4.SA,2021-07-01,29.7399997711182,29.8799991607666,28.920000076294,29.0599994659424,65084000,8.11084842681885,-0.0125718612665974,-0.0125722336186428,0.978457202425239
PETR4.SA,2021-07-02,29.2999992370606,29.3799991607666,28.7299995422363,29.1800003051758,37336700,8.14434146881104,0.00412941288379165,0.004129416429413,0.982497656203172
PETR4.SA,2021-07-05,29.0100002288818,29.1599998474121,28.3700008392334,28.8500003814697,56028600,8.05223560333252,-0.011309185135623,-0.0113091130998899,0.971386408313855
PETR4.SA,2021-07-06,28.7000007629395,28.7999992370606,27.670000076294,27.670000076294,97839700,7.7228889465332,-0.0409012692901102,-0.0409012232087765,0.931655471242657
PETR4.SA,2021-07-07,28.1499996185303,28.1499996185303,27.4099998474121,28.0499992370606,73793500,7.82895040512085,0.0137333916520006,0.0137332547784184,0.944450260713962
PETR4.SA,2021-07-08,27.3999996185303,27.6800003051758,27.2700004577637,27.4899997711182,80574200,7.67265033721924,-0.0199643706772464,-0.019964330879642,0.925594905622846
PETR4.SA,2021-07-12,27.5799999237061,27.7800006866455,27.2800006866455,27.7299995422363,53001200,7.73963594436646,0.00873043918374283,0.00873043918211724,0.933675755655169
PETR4.SA,2021-07-13,27.5599994659424,27.9699993133545,27.3799991607666,27.8999996185303,41594300,7.78708267211914,0.00613035653017002,0.00613054738911956,0.939399520920911
PETR4.SA,2021-07-14,28.1000003814697,28.2000007629395,27.5400009155273,27.670000076294,51654600,7.7228889465332,-0.00824361680604424,-0.00824371130398049,0.931655471242657
PETR4.SA,2021-07-15,27.4899997711182,27.6299991607666,26.9200000762939,27.0799999237061,67982600,7.55821752548218,-0.0213225157309748,-0.0213227376567074,0.911790232801237
PETR4.SA,2021-07-16,27.2299995422363,27.3799991607666,26.5799999237061,26.6800003051758,69024100,7.44657278060913,-0.0147713061309286,-0.0147710346993063,0.898321900145339
PETR4.SA,2021-07-19,25.9699993133545,26.4500007629395,25.8600006103516,26.2399997711182,80087700,7.32376718521118,-0.0164915591394923,-0.0164917739514515,0.883507171402791
PETR4.SA,2021-07-20,26.1900005340576,26.9400005340576,25.9099998474121,26.5900001525879,63408800,7.42145490646362,0.0133384525725642,0.0133384292882108,0.895291789906068
PETR4.SA,2021-07-21,26.7900009155273,27.2399997711182,26.5900001525879,26.9599990844727,51116600,7.52472114562988,0.0139145545540298,0.0139149653915573,0.907749376358491
PETR4.SA,2021-07-22,27,27.2199993133545,26.7099990844727,26.8999996185303,37736500,7.50797557830811,-0.00222540702807339,-0.00222549955415019,0.905729264516613
PETR4.SA,2021-07-23,27.1000003814697,27.1700000762939,26.6800003051758,26.7399997711182,34025500,7.46331882476807,-0.00594790873708495,-0.00594794980227031,0.900342069510761
PETR4.SA,2021-07-26,26.7399997711182,27.4699993133545,26.7199993133545,27.4699993133545,46802600,7.66706562042236,0.0272997577134364,0.0272999083202985,0.924921189867619
PETR4.SA,2021-07-27,27.3500003814697,27.3999996185303,26.8999996185303,27.1499996185303,51901800,7.57775259017944,-0.0116489195038348,-0.0116490608963594,0.91414685737946
PETR4.SA,2021-07-28,27.4300003051758,27.8999996185303,27.2000007629395,27.7099990844727,46727100,7.73405408859253,0.0206263660040378,0.0206261316320673,0.93300238504121
PETR4.SA,2021-07-29,27.7999992370606,27.9200000762939,27.5,27.8099994659424,43916600,7.76196432113648,0.00360874545538947,0.00360881937111879,0.936369353158095
PETR4.SA,2021-07-30,27.6000003814697,27.8299999237061,26.8299999237061,26.9099998474121,74150400,7.51076698303223,-0.0323625989132953,-0.032362446451409,0.906066007347138
PETR4.SA,2021-08-02,27.2000007629395,27.4099998474121,26.3700008392334,26.4099998474121,70528800,7.37121438980103,-0.018580338538856,-0.0185804534684189,0.889230994192078
PETR4.SA,2021-08-03,26.3600006103516,26.8700008392334,25.7900009155273,26.8500003814697,71850400,7.49401903152466,0.0166600284877818,0.0166603762438391,0.904045607887537
PETR4.SA,2021-08-04,26.5499992370606,26.7700004577637,25.9500007629395,26.2800006866455,87970600,7.33493041992188,-0.0212287440068613,-0.0212290386117685,0.884853855107165
PETR4.SA,2021-08-05,28.75,28.9799995422363,28.0599994659424,28.3500003814697,223915900,7.91268253326416,0.0787672248087172,0.0787671096171665,0.954551337635251
PETR4.SA,2021-08-06,28.5,28.5400009155273,28.0200004577637,28.3899993896484,51106100,7.9238452911377,0.00141074254231843,0.00141089974040542,0.95589796381608
PETR4.SA,2021-08-09,27.9500007629395,28.2099990844727,27.670000076294,28.1900005340576,75381900,7.86802434921265,-0.00704467841989309,-0.00704469390245022,0.949163970058765
PETR4.SA,2021-08-10,28.2999992370605,28.7800006866455,28.2399997711182,28.2800006866455,84380900,7.89314460754395,0.00319270215957235,0.0031926268493383,0.95219436791576
PETR4.SA,2021-08-11,28.1599998474121,28.9899997711182,27.9699993133545,28.670000076294,97863500,8.00199508666992,0.0137905086677295,0.013790642863478,0.965325612599866
PETR4.SA,2021-08-12,28.6599998474121,29.1900005340576,28.5,29.1000003814697,95319300,8.12201309204102,0.0149985102554018,0.0149982666212594,0.979804058700247
PETR4.SA,2021-08-13,29.0599994659424,29.6100006103516,29.0200004577637,29.3500003814697,85201800,8.19178867340088,0.00859092204963785,0.0085910651794765,0.988221478992459
PETR4.SA,2021-08-16,29.2000007629395,29.2399997711182,28.2399997711182,28.6399993896484,101262100,7.99362325668335,-0.0241907383867191,-0.0241908341599052,0.964315671726016
PETR4.SA,2021-08-17,26.8400001525879,27.6299991607666,26.4500007629395,27.0300006866455,93623700,7.99359703063965,-3.2808706214027e-06,-0.0562150397106798,0.964312507931059
PETR4.SA,2021-08-18,27.0300006866455,27.3099994659424,26.6499996185303,26.7900009155273,86103100,7.92262125015259,-0.00887907911982666,-0.00887901461418528,0.955750300876901
PETR4.SA,2021-08-19,26.2600002288818,26.8700008392334,26.1299991607666,26.6399993896484,80808200,7.87826061248779,-0.00559923745741864,-0.00559916090902279,0.950398827992292
PETR4.SA,2021-08-20,26.3999996185303,26.6299991607666,26.170000076294,26.6000003814697,88445600,7.86643123626709,-0.00150152131321379,-0.00150146430537279,0.948971783896008
PETR4.SA,2021-08-23,26.9400005340576,27.3099994659424,26.7700004577637,27.0200004577637,70161500,7.99063920974731,0.01578962171659,0.0157894763259676,0.963955689383443
PETR4.SA,2021-08-24,27.2900009155273,27.6299991607666,27.2399997711182,27.5799999237061,49831400,8.15624713897705,0.020725241733818,0.0207253684846433,0.983933904066604
PETR4.SA,2021-08-25,27.6299991607666,27.8299999237061,27.3799991607666,27.7299995422363,46031200,8.20060729980469,0.00543879557249416,0.00543870989649076,0.989285319427669
PETR4.SA,2021-08-26,27.5799999237061,27.8799991607666,27.4699993133545,27.4899997711182,41061300,8.1296329498291,-0.00865476755328554,-0.00865487829354683,0.980723284944144
PETR4.SA,2021-08-27,27.7000007629395,28.4899997711182,27.670000076294,28.4899997711182,76465300,8.42536163330078,0.0363766341354803,0.03637686461717,1.0163986970687
PETR4.SA,2021-08-30,28.3999996185303,28.7099990844727,28.2600002288818,28.2999992370605,61054000,8.36917495727539,-0.00666875541618484,-0.00666902546802517,1.00962058275262
PETR4.SA,2021-08-31,28.2000007629395,28.2299995422363,26.9899997711182,27.1900005340576,110574300,8.04091358184815,-0.0392226685549076,-0.0392225700681051,0.970020569269105
PETR4.SA,2021-09-01,27.3199996948242,27.3400001525879,26.3299999237061,27.0400009155273,69430400,7.99655342102051,-0.00551680606638738,-0.00551671995527869,0.964669153908041
PETR4.SA,2021-09-02,27,27.3500003814697,26.4599990844727,26.6000003814697,56052000,7.86643123626709,-0.0162722835579846,-0.0162722085488153,0.948971783896008
PETR4.SA,2021-09-03,26.6499996185303,26.7800006866455,26.1000003814697,26.3299999237061,58182700,7.78658485412598,-0.0101502676045768,-0.0101503930034438,0.939339466340271
PETR4.SA,2021-09-06,26.2099990844727,26.7099990844727,26.1499996185303,26.4599990844727,26770700,7.8250298500061,0.00493733730516732,0.00493730198037556,0.943977302129649
PETR4.SA,2021-09-08,26.2900009155273,26.3500003814697,24.7900009155273,24.9699993133545,80378400,7.38439083099365,-0.0563114809091888,-0.0563114067525622,0.890820542302067
PETR4.SA,2021-09-09,25.0799999237061,25.8799991607666,24.1399993896484,25.5,156617100,7.54112815856934,0.0212254918737276,0.0212254986471727,0.909728646483649
PETR4.SA,2021-09-10,26.0200004577637,26.1399993896484,25.3299999237061,25.3400001525879,78379900,7.49381303787231,-0.00627427616957488,-0.00627450382008277,0.904020757716237
PETR4.SA,2021-09-13,25.7999992370605,26.3899993896484,25.6399993896484,26.2299995422363,63317900,7.75701093673706,0.0351220263348704,0.0351223119293291,0.935771798576016
PETR4.SA,2021-09-14,25.9500007629395,26.25,25.7199993133545,25.8799991607666,65497300,7.6535062789917,-0.0133433688039765,-0.0133435145855091,0.923285450351256
PETR4.SA,2021-09-15,26,26.4599990844727,25.8700008392334,26.3299999237061,67274100,7.78658485412598,0.0173879226439742,0.0173879744023193,0.939339466340271
PETR4.SA,2021-09-16,26.0799999237061,26.2399997711182,25.5100002288818,26.1000003814697,65567700,7.71856594085693,-0.00873539742304363,-0.00873526558688853,0.931133962786639
PETR4.SA,2021-09-17,25.9699993133545,26.0200004577637,24.7700004577637,24.9300003051758,131694100,7.37256193161011,-0.0448274992917158,-0.0448275884748497,0.889393555729328
PETR4.SA,2021-09-20,24.0799999237061,24.6499996185303,23.7900009155273,24.6499996185303,80260600,7.28975534439087,-0.0112317248722187,-0.0112314754600054,0.879404132008252
PETR4.SA,2021-09-21,25.0799999237061,25.2900009155273,24.5300006866455,25.2099990844727,64570200,7.45536613464356,0.0227182919629965,0.022718031424285,0.899382691832681
PETR4.SA,2021-09-22,25.5300006866455,26.2199993133545,25.5200004577637,25.8500003814697,70231800,7.64463424682617,0.0253868299375837,0.0253868036588412,0.922215167279043
PETR4.SA,2021-09-23,25.9500007629395,26.9500007629395,25.9099998474121,26.8400001525879,84480600,7.93740749359131,0.0382978749946981,0.0382978629210324,0.957534048473711
PETR4.SA,2021-09-24,26.5499992370606,27.0599994659424,26.4699993133545,26.8999996185303,44821500,7.95515012741089,0.00223531850089653,0.00223544953805077,0.959674442047502
PETR4.SA,2021-09-27,27.1399993896484,27.4599990844727,26.5,27.1399993896484,89178700,8.02612590789795,0.00892199133269656,0.00892192470340558,0.968236649101661
PETR4.SA,2021-09-28,27.1900005340576,27.8899993896484,26.7199993133545,26.9599990844727,117874300,7.97289276123047,-0.00663248337720412,-0.0066322884754535,0.961814835621294
PETR4.SA,2021-09-29,27.2099990844727,27.5300006866455,26.8199996948242,27.3899993896484,58731700,8.10005950927734,0.0159498881842792,0.0159495667573459,0.977155674703434
PETR4.SA,2021-09-30,27.5300006866455,27.5799999237061,27.1700000762939,27.2299995422363,65744000,8.05274295806885,-0.00584150661538996,-0.00584154256945979,0.971447613365389
PETR4.SA,2021-10-01,27.1200008392334,28,27.0699996948242,28,60983200,8.28045463562012,0.0282775296240025,0.0282776522478205,0.998917752030495
PETR4.SA,2021-10-04,27.7600002288818,28.8099994659424,27.7199993133545,28.7900009155273,106937000,8.51408195495606,0.0282143106407395,0.0282143184116908,1.02710152779083
PETR4.SA,2021-10-05,29,29.4699993133545,28.8999996185303,29.4200000762939,100469100,8.70038986206055,0.0218823248460795,0.0218825682783088,1.04957689707186
PETR4.SA,2021-10-06,28.9500007629395,29.1700000762939,28.4699993133545,28.6399993896484,84599400,8.46972179412842,-0.0265123829609055,-0.0265125997492439,1.02175011242977
PETR4.SA,2021-10-07,28.7000007629395,28.9799995422363,28.25,28.6000003814697,60551100,8.45789432525635,-0.00139644124796046,-0.00139661344382458,1.02032329842766
PETR4.SA,2021-10-08,29,29.6100006103516,28.7099990844727,29.1200008392334,84170500,8.61167335510254,0.0181817156767954,0.0181818339450299,1.03887452653809
PETR4.SA,2021-10-11,29.5,29.8500003814697,29.1499996185303,29.3199996948242,76466700,8.67081832885742,0.00686800013377642,0.00686809237042874,1.04600951692533
PETR4.SA,2021-10-13,29.1700000762939,29.7000007629395,29.0799999237061,29.6299991607666,55605400,8.76249504089356,0.0105730172815435,0.0105729696169508,1.05706899362444
PETR4.SA,2021-10-14,29.8600006103516,30.2199993133545,29.5,29.6800003051758,76172700,8.77728080749512,0.00168739229324055,0.00168751757763763,1.0588526836977
PETR4.SA,2021-10-15,29.7999992370606,29.8400001525879,29.5100002288818,29.6000003814697,72479900,8.75362300872803,-0.00269534486658873,-0.00269541519149186,1.05599871055222
PETR4.SA,2021-10-18,29.3999996185303,29.6399993896484,28.9899997711182,29.4500007629395,68971300,8.70926380157471,-0.00506752542451172,-0.00506755461476871,1.05064741023825
PETR4.SA,2021-10-19,29.2399997711182,29.3199996948242,27.8600006103516,28.0100002288818,111484000,8.28341007232666,-0.048896639136255,-0.0488964515026344,0.999274282960388
PETR4.SA,2021-10-20,28.2700004577637,28.7999992370606,27.9500007629395,28.5,56063300,8.42831993103027,0.0174939858631085,0.017493743916964,1.01675557313986
PETR4.SA,2021-10-21,27.8600006103516,28.1800003051758,26.9200000762939,27.4500007629395,101567700,8.11780261993408,-0.0368421362308483,-0.0368420784933525,0.979296125800771
PETR4.SA,2021-10-22,27.1000003814697,27.7600002288818,25.7700004577637,27.1800003051758,138384700,8.03795433044434,-0.00983619499366373,-0.00983608197666075,0.969663578150856
PETR4.SA,2021-10-25,27.7600002288818,29.3099994659424,27.6499996185303,29.0400009155273,135830600,8.58801460266113,0.0684328685637592,0.068432692769226,1.03602043834552
PETR4.SA,2021-10-26,28.7999992370606,29.2299995422363,28.6000003814697,28.7600002288818,57865600,8.50521183013916,-0.0096416664797373,-0.0096418966190801,1.0260314748128
PETR4.SA,2021-10-27,28.8299999237061,29.0599994659424,28.4699993133545,28.6900005340576,57579200,8.48450756072998,-0.00243430379191867,-0.00243392539176412,1.02353380250303
PETR4.SA,2021-10-28,28.5300006866455,29.25,28.25,28.9599990844727,89578000,8.56435680389404,0.00941118180313016,0.00941089387901983,1.03316646520004
PETR4.SA,2021-10-29,29.1299991607666,29.1900005340576,26.9699993133545,27.1499996185303,157340000,8.02908229827881,-0.0625002575058358,-0.0624999835346281,0.968593295078643
PETR4.SA,2021-11-01,27.7099990844727,28.3199996948242,27.3700008392334,28,102157200,8.28045463562012,0.0313077295764168,0.0313075651349029,0.998917752030495
PETR4.SA,2021-11-03,27.7099990844727,27.8500003814697,26.7999992370606,26.8500003814697,83475800,7.94036293029785,-0.0410716223067378,-0.0410714149475098,0.957890579403603
PETR4.SA,2021-11-04,27.0200004577637,27.2399997711182,25.8500003814697,26,92603400,7.68899297714233,-0.0316572372525155,-0.0316573694373705,0.927566410069474
PETR4.SA,2021-11-05,26.2900009155273,26.5400009155273,25.7800006866455,25.8500003814697,86264000,7.64463424682617,-0.00576912093014403,-0.00576921609731818,0.922215167279044
PETR4.SA,2021-11-08,25.8099994659424,26.6599998474121,25.7199993133545,26.1200008392334,59704100,7.72448205947876,0.0104449487149418,0.010444891828985,0.931847657405415
PETR4.SA,2021-11-09,26.2000007629395,26.9500007629395,26.2000007629395,26.6399993896484,73021700,7.87826061248779,0.0199079435779557,0.0199080602491397,0.950398827992292
PETR4.SA,2021-11-10,26.6000003814697,26.9300003051758,26.1599998474121,26.4300003051758,68176300,7.81615686416626,-0.0078829263686826,-0.00788284869684552,0.942906904010347
PETR4.SA,2021-11-11,26.8799991607666,26.8799991607666,26.2399997711182,26.4500007629395,60848900,7.82207298278809,0.000756908890729768,0.000756733164310797,0.943620598629122
PETR4.SA,2021-11-12,26.3099994659424,27.1599998474121,26,26.9899997711182,85962500,7.98176765441895,0.0204159015113072,0.0204158409301574,0.962885463834775
PETR4.SA,2021-11-16,27.2600002288818,27.5599994659424,26.6299991607666,27.2700004577637,60978200,8.06457042694092,0.0103739893350729,0.0103742382000735,0.972874427367494
PETR4.SA,2021-11-17,27.3899993896484,27.4400005340576,26.4899997711182,26.5799999237061,82106800,7.86051607131958,-0.0253025697363449,-0.025302549412359,0.948258204324321
PETR4.SA,2021-11-18,26.6900005340576,26.75,26.0499992370606,26.5400009155273,63993000,7.84868860244751,-0.00150466823867013,-0.00150485358515884,0.946831390322216
PETR4.SA,2021-11-19,26.1000003814697,26.2800006866455,25.7800006866455,26.1000003814697,85893800,7.71856594085693,-0.0165789048567934,-0.0165787686088659,0.931133962786639
PETR4.SA,2021-11-22,26.2999992370606,27.1299991607666,26.2900009155273,26.3600006103516,59195200,7.79545593261719,0.00996169396613555,0.00996169444757666,0.940409634365394
PETR4.SA,2021-11-23,26.6100006103516,28.0499992370606,26.5,27.7999992370606,108382300,8.22130870819092,0.0546283346676244,0.0546281712202805,0.991782646596165
PETR4.SA,2021-11-24,27.7800006866455,28.4400005340576,27.5100002288818,28.3700008392334,64263300,8.38987445831299,0.0205035178832449,0.0205036553171187,1.01211767982694
PETR4.SA,2021-11-25,29.0499992370606,29.7900009155273,28.5599994659424,29.6200008392334,104052200,8.75953769683838,0.0440606400443948,0.0440606261199454,1.05671223260036
PETR4.SA,2021-11-26,28.3899993896484,29.1599998474121,28.0699996948242,28.4699993133545,108871800,8.41944789886475,-0.0388250852663586,-0.038825168578512,1.01568529006765
PETR4.SA,2021-11-29,29.3600006103516,29.8199996948242,28.8099994659424,29.4699993133545,84672200,8.71517848968506,0.0351247010935465,0.0351246935060841,1.05136093228639
PETR4.SA,2021-11-30,29.2999992370606,29.6399993896484,28.8600006103516,29.4300003051758,129384600,8.70334911346436,-0.00135733034437602,-0.001357278897546,1.04993388819011
PETR4.SA,2021-12-01,29.8400001525879,30.6700000762939,29.4799995422363,29.6000003814697,135078600,8.75362300872803,0.00577638499941324,0.00577642115294341,1.05599871055222
PETR4.SA,2021-12-02,26.9899997711182,28.4899997711182,26.2000007629395,28.3600006103516,191410300,9.42153072357178,0.0763007173347305,-0.0418918836195161,1.13657216967191
PETR4.SA,2021-12-03,28.4799995422363,28.9400005340576,28.2199993133545,28.7600002288818,105133000,9.55441761016846,0.014104596216431,0.0141043586009046,1.15260306119596
PETR4.SA,2021-12-06,28.7800006866455,29.2700004577637,28.6800003051758,28.8899993896484,66142300,9.59760093688965,0.00451972359625907,0.00452013768192017,1.15781250844877
PETR4.SA,2021-12-07,29.2800006866455,29.5699996948242,28.7999992370606,29.3600006103516,98989300,9.75374412536621,0.0162689811238563,0.0162686476508382,1.17664893829369
PETR4.SA,2021-12-08,29.3600006103516,30.0699996948242,29.2199993133545,29.3500003814697,71167700,9.75042057037354,-0.000340746584076568,-0.000340607243663027,1.17624799918731
PETR4.SA,2021-12-09,29.1000003814697,29.4899997711182,28.7900009155273,29.2900009155273,67668200,9.73048877716064,-0.00204419830601488,-0.00204427479259128,1.17384351501992
PETR4.SA,2021-12-10,29.5,30.1000003814697,29.4799995422363,29.6499996185303,38517500,9.85008430480957,0.0122908037188882,0.0122908395954364,1.18827099525972
PETR4.SA,2021-12-13,29.6700000762939,30.0499992370606,29.2900009155273,29.4699993133545,45448700,9.79028606414795,-0.00607083541736009,-0.00607083667762631,1.18105719761627
PETR4.SA,2021-12-14,29.6100006103516,29.8500003814697,29.0100002288818,29.1200008392334,56833800,9.67401218414307,-0.0118764537872573,-0.0118764330599251,1.16703042638867
PETR4.SA,2021-12-15,29.1000003814697,29.2999992370606,28.5900001525879,29.2999992370606,55085100,9.73381042480469,0.00618132782173242,0.00618126348350367,1.17424422403212
PETR4.SA,2021-12-16,29.6200008392334,29.9799995422363,29.5,29.6900005340576,56545700,9.86337184906006,0.0133104528032733,0.0133106248174837,1.18987394635561
PETR4.SA,2021-12-17,29.3199996948242,29.6399993896484,28.7800006866455,28.9899997711182,93593700,9.63082313537598,-0.0235769995537827,-0.0235769872127983,1.16182028885333
PETR4.SA,2021-12-20,28.4400005340576,28.5499992370606,27.6800003051758,28.1599998474121,106282500,9.35508823394775,-0.0286304605070975,-0.02863055985716,1.12855683895697
PETR4.SA,2021-12-21,28.5499992370606,28.7199993133545,28.1200008392334,28.2000007629395,40454500,9.36837768554688,0.00142055865928614,0.00142048706477604,1.13016002014705
PETR4.SA,2021-12-22,28.3999996185303,28.3999996185303,27.9699993133545,28.1599998474121,33734500,9.35508823394775,-0.00141854353498405,-0.00141847214344448,1.12855683895697
PETR4.SA,2021-12-23,28.3299999237061,28.4200000762939,28.1499996185303,28.3299999237061,28713600,9.41156578063965,0.00603709396208041,0.00603693456019561,1.1353700426353
PETR4.SA,2021-12-27,28.3199996948242,28.7800006866455,28.1499996185303,28.75,44227900,9.55109405517578,0.0148251925118723,0.0148252762945649,1.15220212208958
PETR4.SA,2021-12-28,29.0100002288818,29.2800006866455,28.7000007629395,28.7800006866455,30688100,9.56105995178223,0.00104342984676653,0.00104350214419147,1.15340436417328
PETR4.SA,2021-12-29,28.7000007629395,28.8999996185303,28.4200000762939,28.5400009155273,35508400,9.4813289642334,-0.00833913686881194,-0.00833911624017192,1.14378596731535
PETR4.SA,2021-12-30,28.5499992370606,28.7000007629395,28.3899993896484,28.4500007629395,43229100,9.45143127441406,-0.00315332269686242,-0.00315347406099509,1.14017924106426
PETR4.SA,2022-01-03,28.5400009155273,29.2199993133545,28.5300006866455,29.0900001525879,52704700,9.66404819488525,0.0224957378727142,0.0224955842701464,1.16582841439916
PETR4.SA,2022-01-04,29.1599998474121,29.3999996185303,28.9099998474121,29.2000007629395,51739200,9.70059013366699,0.00378122480815835,0.00378138912941117,1.17023667372174
PETR4.SA,2022-01-05,29.1900005340576,29.2700004577637,27.9400005340576,28.0699996948242,78459800,9.3251895904541,-0.0386987325554578,-0.038698665705154,1.12494999765879
PETR4.SA,2022-01-06,28.2900009155273,28.6499996185303,27.8400001525879,28.0499992370606,61163100,9.3185453414917,-0.000712505509722128,-0.000712520768832103,1.1241484645873
PETR4.SA,2022-01-07,28.1100006103516,28.2900009155273,27.8199996948242,28.1800003051758,47507600,9.36173343658447,0.00463463915343887,0.00463461931020204,1.12935848707555
PETR4.SA,2022-01-10,27.9899997711182,28.2399997711182,27.7199993133545,28.0100002288818,37455200,9.30525493621826,-0.00603291054469679,-0.00603264990961416,1.12254516835013
PETR4.SA,2022-01-11,28.1000003814697,29.0699996948242,27.8500003814697,28.8400001525879,73623800,9.58099365234375,0.0296325805166549,0.0296322712218411,1.15580907843485
PETR4.SA,2022-01-12,28.9500007629395,29.9099998474121,28.9500007629395,29.7199993133545,81378200,9.87333869934082,0.0305130195891066,0.0305131468831714,1.1910763034864
PETR4.SA,2022-01-13,29.5300006866455,30.6299991607666,29.5,30.3199996948242,76717500,10.0726642608643,0.0201882633213772,0.0201884386047115,1.21512206553704
PETR4.SA,2022-01-14,30.2800006866455,31.6000003814697,30.2399997711182,31.4500007629395,96458800,10.4480676651001,0.0372695241808476,0.0372691648907941,1.26040908674125
PETR4.SA,2022-01-17,31.3999996185303,31.8099994659424,31.25,31.5,35675900,10.4646768569946,0.00158969030704226,0.001589800821864,1.26241274684935
PETR4.SA,2022-01-18,31.5599994659424,31.9799995422363,30.9699993133545,31.6399993896484,78198800,10.5111875534058,0.00444454205769818,0.00444442506820431,1.2680235933969
PETR4.SA,2022-01-19,31.8999996185303,32.2099990844727,31.4400005340576,31.4899997711182,77480200,10.4613542556763,-0.0047409769330341,-0.00474082242173968,1.26201192279006
PETR4.SA,2022-01-20,31.5,32,31.1100006103516,31.7199993133545,85353100,10.5377616882324,0.00730378024572631,0.00730389151819799,1.2712293805416
PETR4.SA,2022-01-21,31.5699996948242,31.8799991607666,31.5300006866455,31.7700004577637,61345400,10.5543718338013,0.0015762498773717,0.00157632867249546,1.27323315569679
PETR4.SA,2022-01-24,31.6900005340576,32.25,31.0400009155273,31.9500007629395,79117100,10.6141710281372,0.00566582220880507,0.00566573190375252,1.28044706838733
PETR4.SA,2022-01-25,31.7000007629395,33.2299995422363,31.5799999237061,32.9900016784668,98358500,10.9596757888794,0.032551271298181,0.0325508885975896,1.32212724829336
PETR4.SA,2022-01-26,33.2999992370605,34.2700004577637,33.2999992370605,33.8699989318848,98679900,11.2520198822021,0.0266745202097485,0.0266746653120773,1.35739435829782
PETR4.SA,2022-01-27,34.25,34.6399993896484,33.1699981689453,33.8800010681152,90631000,11.2553434371948,0.000295374077496247,0.000295309611629602,1.35779529740421
PETR4.SA,2022-01-28,33.7999992370606,34.3499984741211,32.2200012207031,32.5400009155273,117400500,10.8101787567139,-0.039551408001452,-0.0395513609900378,1.30409258161412
PETR4.SA,2022-01-31,32.5,33,32.0699996948242,32.3499984741211,62450300,10.7470550537109,-0.00583928392152866,-0.00583904228827437,1.29647761477012
PETR4.SA,2022-02-01,32.3499984741211,33.3199996948242,31.9500007629395,33,57315200,10.9629936218262,0.0200928130577196,0.0200927838187963,1.32252749711721
PETR4.SA,2022-02-02,33.4099998474121,33.4900016784668,32.3600006103516,32.5200004577637,36271700,10.8035326004028,-0.0145453903307824,-0.0145454406738281,1.30329081844845
PETR4.SA,2022-02-03,32.3499984741211,32.9199981689453,31.6200008392334,32.0699996948242,51087800,10.6540365219116,-0.0138377032791697,-0.0138376616422224,1.28525626681629
PETR4.SA,2022-02-04,32.4099998474121,33.2299995422363,31.8799991607666,32.6300010681152,59346800,10.8400754928589,0.0174618296609599,0.0174618452952899,1.30769919281812
PETR4.SA,2022-02-07,32.5499992370606,32.7799987792969,32.1300010681152,32.1500015258789,48868100,10.6806154251099,-0.0147102359069428,-0.0147103747019293,1.28846262919644
PETR4.SA,2022-02-08,31.8999996185303,31.9500007629395,31.2600002288818,31.8299999237061,62590000,10.5743055343628,-0.00995353605721427,-0.00995339306330256,1.27563786995836
PETR4.SA,2022-02-09,31.7399997711182,32.689998626709,31.6499996185303,31.9500007629395,50960500,10.6141710281372,0.00377003422540279,0.00377005465036229,1.28044706838733
PETR4.SA,2022-02-10,32.2999992370606,32.9000015258789,31.9400005340576,32.439998626709,49534600,10.7769556045532,0.0153365322628105,0.0153363959958932,1.30008468616247
PETR4.SA,2022-02-11,32.7700004577637,33.9099998474121,32.6300010681152,33.7599983215332,88013400,11.2154769897461,0.0406906552540309,0.0406904978638754,1.35298598392815
PETR4.SA,2022-02-14,33.8600006103516,33.939998626709,32.8199996948242,33,55687000,10.9629936218262,-0.0225120490328462,-0.0225117997428469,1.32252749711721
PETR4.SA,2022-02-15,32.6599998474121,32.6800003051758,31.8899993896484,32.4799995422363,65689000,10.790244102478,-0.0157575134408743,-0.0157575896292022,1.30168775230546
PETR4.SA,2022-02-16,32.8300018310547,33.7000007629395,32.7700004577637,32.9300003051758,65811600,10.9397411346436,0.013854833194292,0.013854703487735,1.3197224189847
PETR4.SA,2022-02-17,32.8499984741211,33.2900009155273,32.5499992370606,32.7999992370606,43255200,10.8965520858765,-0.00394790408982537,-0.00394780039205778,1.31451228144936
PETR4.SA,2022-02-18,32.5699996948242,33.0900001525879,32.2700004577637,33,60304700,10.9629936218262,0.00609748252714049,0.00609758437779084,1.32252749711721
PETR4.SA,2022-02-21,33.0499992370606,34,33,33.8499984741211,51263800,11.2453737258911,0.0257575725942913,0.025757529518821,1.35659259513215
PETR4.SA,2022-02-22,34.2200012207031,34.6800003051758,33.2099990844727,33.7400016784668,80206700,11.2088346481323,-0.00324925419549749,-0.00324953620716972,1.35218468095084
PETR4.SA,2022-02-23,34.1800003051758,34.5999984741211,33.7999992370606,34.2200012207031,86530100,11.3682947158813,0.0142262842440621,0.0142264231878408,1.37142124457251
PETR4.SA,2022-02-24,34.7999992370606,35.2900009155273,32.6800003051758,33.3899993896484,139674100,11.0925569534302,-0.0242549801304826,-0.0242548743847658,1.33815744953488
PETR4.SA,2022-02-25,33.4500007629395,34,32.9000015258789,34,86189100,11.295205116272,0.0182688413223906,0.0182689614106635,1.36260403564481
PETR4.SA,2022-03-02,35.2599983215332,35.2900009155273,34.3899993896484,34.6699981689453,58071800,11.5177879333496,0.0197059561810862,0.0197058284983915,1.3894554510634
PETR4.SA,2022-03-03,34.8199996948242,34.9300003051758,34.1599998474121,34.2400016784668,69237400,11.3749370574951,-0.0124026311893509,-0.0124025530195635,1.37222254754983
PETR4.SA,2022-03-04,34.0800018310547,34.6800003051758,33.8199996948242,34.2299995422363,55418000,11.3716173171997,-0.000291846915603133,-0.000292118450355039,1.3718220686318
PETR4.SA,2022-03-07,34.5,34.5999984741211,31.6299991607666,31.7999992370606,110954100,10.5643396377563,-0.0709905774108616,-0.0709903691987319,1.27443562787467
PETR4.SA,2022-03-08,32,32.9700012207031,31.5100002288818,32.4599990844727,111633500,10.7835998535156,0.0207547488321611,0.0207547126807137,1.30088621923396
PETR4.SA,2022-03-09,32.5999984741211,32.8199996948242,31.7399997711182,32.560001373291,87779300,10.8168230056763,0.00308089623242225,0.00308078532467349,1.30489411468561
PETR4.SA,2022-03-10,32.5999984741211,34.5999984741211,32.5200004577637,33.7000007629395,136437700,11.1955451965332,0.0350123313155992,0.0350122647901232,1.35058149976076
PETR4.SA,2022-03-11,33.9099998474121,34.3800010681152,32.0699996948242,32.4900016784668,92153700,10.7935676574707,-0.0359051329797655,-0.0359050165305431,1.30208869141184
PETR4.SA,2022-03-14,32.4300003051758,32.8899993896484,31.5200004577637,31.8700008392334,52274100,10.5875930786133,-0.0190830859076385,-0.0190828195507393,1.27724082105426
PETR4.SA,2022-03-15,31.1399993896484,31.5400009155273,30.4699993133545,31.1000003814697,66272000,10.3317918777466,-0.0241604677255128,-0.0241606663786392,1.24638208541947
PETR4.SA,2022-03-16,31.5,31.5400009155273,30.3700008392334,30.8299999237061,72034900,10.2420921325684,-0.00868191560956866,-0.0086816866383238,1.23556110133658
PETR4.SA,2022-03-17,31.25,31.3999996185303,29.5,30.0100002288818,178319300,9.96967887878418,-0.0265974227001869,-0.0265974601639132,1.20269836045243
PETR4.SA,2022-03-18,30.0900001525879,30.8199996948242,29.8600006103516,30.6100006103516,93097100,10.1690073013306,0.0199934646812512,0.0199933481137491,1.22674446764433
PETR4.SA,2022-03-21,30.9099998474121,32.0900001525879,30.6399993896484,31.7600002288818,67700800,10.5510530471802,0.0375696205665641,0.0375694085462177,1.27283279182586
PETR4.SA,2022-03-22,31.9899997711182,32.0999984741211,31.3500003814697,31.6200008392334,56128600,10.5045413970947,-0.00440824720314337,-0.00440804120401506,1.26722183023122
PETR4.SA,2022-03-23,31.9300003051758,32.4700012207031,31.6900005340576,32.0499992370605,52956100,10.6473922729492,0.0135989635772202,0.0135989369517542,1.2844547337448
PETR4.SA,2022-03-24,32.0499992370605,32.5999984741211,31.6700000762939,32.4199981689453,49402800,10.7703094482422,0.0115443455206636,0.0115444287267541,1.2992829229968
PETR4.SA,2022-03-25,32.1500015258789,32.5499992370606,31.9200000762939,32.2999992370606,51780100,10.7304458618164,-0.00370124801124327,-0.00370138614010507,1.29447395466201
PETR4.SA,2022-03-28,32.060001373291,32.0800018310547,30.9799995422363,31.6000003814697,68610500,10.4978981018066,-0.0216717704934584,-0.021671791706659,1.26642041220682
PETR4.SA,2022-03-29,32.1300010681152,32.7599983215332,31.9200000762939,32.2999992370606,93809000,10.7304458618164,0.02215184008785,0.0221518622512833,1.29447395466201
PETR4.SA,2022-03-30,32.5,32.9900016784668,32.3800010681152,32.9900016784668,69648400,10.9596757888794,0.0213625724424638,0.0213623051920866,1.32212724829336
PETR4.SA,2022-03-31,32.5699996948242,33.5699996948242,32.5,33.4500007629395,94269500,11.1124877929688,0.0139431135585608,0.0139435908174841,1.34056181865519
PETR4.SA,2022-04-01,33.5499992370606,33.7900009155273,32.9099998474121,33.0099983215332,72545400,10.9663181304932,-0.0131536398688394,-0.0131540338227359,1.32292855127068
PETR4.SA,2022-04-04,32.9000015258789,32.9000015258789,32.25,32.7000007629395,56053000,10.8633308410645,-0.00939123671256104,-0.00939102012590931,1.31050461609189
PETR4.SA,2022-04-05,32.6599998474121,33.060001373291,32.3899993896484,32.3899993896484,45847200,10.7603454589844,-0.00948009257812377,-0.00948016409963992,1.29808091100728
PETR4.SA,2022-04-06,32.5999984741211,32.7799987792969,32.0400009155273,32.3600006103516,56947100,10.7503795623779,-0.000926168833931262,-0.000926174123561774,1.29687866892358
PETR4.SA,2022-04-07,32.6399993896484,34.060001373291,32.5,34.0400009155273,118469400,11.3084955215454,0.0519159305891548,0.0519159540633127,1.36420733188198
PETR4.SA,2022-04-08,34.0699996948242,34.4099998474121,33.8499984741211,34.2099990844727,60772700,11.364972114563,0.00499417388546308,0.00499407063375745,1.37102042051322
PETR4.SA,2022-04-11,33.9000015258789,34.0999984741211,33.7799987792969,33.9500007629395,48125400,11.2785940170288,-0.00760037918821599,-0.0076000680646382,1.36060014544253
PETR4.SA,2022-04-12,34.4000015258789,34.6800003051758,33.7999992370606,33.8499984741211,68522800,11.2453737258911,-0.00294542840069767,-0.00294557545128316,1.35659259513215
PETR4.SA,2022-04-13,34.3699989318848,34.7999992370606,34.0999984741211,34.5699996948242,101438800,11.4845666885376,0.0212703435632176,0.0212703472129718,1.38544778570593
PETR4.SA,2022-04-14,31.6000003814697,32.0699996948242,31.1599998474121,31.2700004577637,119382100,11.3647241592407,-0.0104350936824187,-0.095458468793525,1.37099050826999
PETR4.SA,2022-04-18,31.1599998474121,31.3899993896484,30.4699993133545,30.7199993133545,76350600,11.1648302078247,-0.0175889840012949,-0.0175887795445371,1.3468761781541
PETR4.SA,2022-04-19,31.1599998474121,32,31.1200008392334,31.6499996185303,88494100,11.5028285980225,0.0302734913031524,0.0302734481107718,1.38765082241987
PETR4.SA,2022-04-20,31.6499996185303,31.9500007629395,31.3299999237061,31.7999992370606,34694700,11.5573453903198,0.0047394249016921,0.00473932449725689,1.3942274892825
PETR4.SA,2022-04-22,31.0499992370606,31.2999992370606,30.3199996948242,30.5599994659424,74560900,11.1066846847534,-0.0389934444586099,-0.0389937044298113,1.3398617571165
PETR4.SA,2022-04-25,29.9699993133545,30.4400005340576,29.5400009155273,30.1100006103516,66413900,10.9431352615356,-0.0147253143363549,-0.0147250936994394,1.3201318715757
PETR4.SA,2022-04-26,30.1100006103516,30.5799999237061,29.8899993896484,30.0599994659424,48764100,10.9249610900879,-0.00166078285732563,-0.00166061585505217,1.31793941919397
PETR4.SA,2022-04-27,30.3700008392334,30.5599994659424,29.9500007629395,30.0599994659424,41881300,10.9249610900879,0,0,1.31793941919397
PETR4.SA,2022-04-28,30.4500007629395,30.6200008392334,30.25,30.2600002288818,43298500,10.9976530075073,0.00665374611589109,0.00665338544553373,1.32670865348542
PETR4.SA,2022-04-29,30.75,31.5900001525879,30.2800006866455,30.2800006866455,76243900,11.0049200057983,0.000660777193647988,0.000660953655399643,1.32758531230625
PETR4.SA,2022-05-02,30.170000076294,30.3299999237061,29.3299999237061,29.9799995422363,72456200,10.8958892822266,-0.00990745262249348,-0.00990756729214637,1.31443232372226
PETR4.SA,2022-05-03,30.1200008392334,30.3899993896484,29.8199996948242,30.25,52531000,10.9940166473389,0.00900590695909243,0.00900601940914947,1.32626997893373
PETR4.SA,2022-05-04,30.6000003814697,32.1699981689453,30.3999996185303,32.0699996948242,109417000,11.6554756164551,0.0601653599711729,0.0601652791677427,1.40606548963524
PETR4.SA,2022-05-05,31.8099994659424,32.5,31.0200004577637,32.0099983215332,99439900,11.6336669921875,-0.00187110547739378,-0.00187095022955985,1.40343459279601
PETR4.SA,2022-05-06,32.689998626709,33.1199989318848,31.8999996185303,33.060001373291,129570200,12.0152797698975,0.0328024498179491,0.0328023463547473,1.44947068559897
PETR4.SA,2022-05-09,32.7000007629395,33.0400009155273,32.060001373291,32.1599998474121,92314500,11.6881866455078,-0.0272230968112064,-0.0272232755140177,1.4100116047999
PETR4.SA,2022-05-10,32.3600006103516,32.8499984741211,32.2000007629395,32.439998626709,60330600,11.7899465560913,0.00870621882331135,0.0087064297458137,1.4222874743747
PETR4.SA,2022-05-11,32.7799987792969,33.9099998474121,32.689998626709,33.5699996948242,108895400,12.2006311416626,0.0348334560820471,0.0348335732414262,1.47183066264938
PETR4.SA,2022-05-12,33.2599983215332,34.0800018310547,33.2599983215332,33.8300018310547,114415900,12.2951288223267,0.00774531084227048,0.00774507413148884,1.48323044863878
PETR4.SA,2022-05-13,34.0999984741211,34.439998626709,33.9000015258789,34.2700004577637,67000100,12.4550371170044,0.0130058250701171,0.0130061662102863,1.50252108439245
PETR4.SA,2022-05-16,34.25,34.8800010681152,34.0099983215332,34.6100006103516,92075300,12.5786046981812,0.00992109296953081,0.00992121820969705,1.51742773575939
PETR4.SA,2022-05-17,35,35.1399993896484,34.1399993896484,34.1599998474121,90914700,12.415060043335,-0.0130018121063809,-0.0130020443514486,1.49769842545403
PETR4.SA,2022-05-18,34.1800003051758,34.560001373291,33.4300003051758,33.5999984741211,80986200,12.2115354537964,-0.0163933632884713,-0.0163934828979058,1.47314611106899
PETR4.SA,2022-05-19,33.5200004577637,34.2900009155273,33.3300018310547,34.1699981689453,63983100,12.4186954498291,0.0169642873180467,0.0169642774020731,1.49813698495863
PETR4.SA,2022-05-20,34.5900001525879,34.8300018310547,34.25,34.8300018310547,79589900,12.6585655212402,0.0193152390587397,0.0193152969703465,1.52707385896585
PETR4.SA,2022-05-23,35.1800003051758,36.310001373291,35.1500015258789,36.2000007629395,93807400,13.1564750671387,0.0393338048503977,0.0393338748166032,1.58713948412655
PETR4.SA,2022-05-24,31.2000007629395,32.0900001525879,30.7099990844727,31.6000003814697,154453100,12.798243522644,-0.0272285352016054,-0.127071831064133,1.54392400081315
PETR4.SA,2022-05-25,31.7000007629395,32.2799987792969,31.2600002288818,32.0499992370605,69991900,12.9804944992065,0.0142403116677723,0.0142404699417251,1.56590995977609
PETR4.SA,2022-05-26,32.0200004577637,32.560001373291,31.9500007629395,32.1300010681152,78303600,13.0128984451294,0.00249635681636251,0.00249615703460537,1.56981902977798
PETR4.SA,2022-05-27,32.1500015258789,32.1500015258789,30.5699996948242,30.6000003814697,118295600,12.3932342529297,-0.0476192290912438,-0.0476190674068738,1.49506545776719
PETR4.SA,2022-05-30,30.8400001525879,30.8700008392334,29.1200008392334,29.9899997711182,98110100,12.1461811065674,-0.0199345176021266,-0.0199346602204933,1.465262049083
PETR4.SA,2022-05-31,30.4099998474121,30.6200008392334,29.8099994659424,30.0599994659424,83598000,12.1745271682739,0.00233374271780096,0.00233410121235256,1.46868159371972
PETR4.SA,2022-06-01,29.8999996185303,30.3299999237061,29.8500003814697,30.0200004577637,46353200,12.1583299636841,-0.00133041754853958,-0.00133063901827513,1.46672763395422
PETR4.SA,2022-06-02,29.9699993133545,30.0499992370606,29.5499992370605,29.7600002288818,50738300,12.0530252456665,-0.00866111697347538,-0.00866090023041943,1.45402413434831
PETR4.SA,2022-06-03,29.7099990844727,30.4400005340576,29.5300006866455,30.2800006866455,60396900,12.2636308670044,0.0174732581277559,0.0174731335270293,1.47943067337176
PETR4.SA,2022-06-06,30.5,30.5300006866455,29.9099998474121,30.2999992370606,39213900,12.271731376648,0.000660531104646145,0.000660454093842189,1.48040788334869
PETR4.SA,2022-06-07,30.1900005340576,31.2999992370606,30.1599998474121,30.6599998474121,80333700,12.417534828186,0.0118812453648991,0.0118812085615909,1.49799697265089
PETR4.SA,2022-06-08,30.4200000762939,31.1499996185303,30.3299999237061,30.5100002288818,65923900,12.3567838668823,-0.00489235280144451,-0.00489235548847966,1.49066824296519
PETR4.SA,2022-06-09,30.5100002288818,30.6599998474121,29.9799995422363,30.0699996948242,53879000,12.1785793304443,-0.0144215953242978,-0.0144215185433233,1.46917042880236
PETR4.SA,2022-06-10,30.0100002288818,30.0100002288818,29.0599994659424,29.6499996185303,63101700,12.0084791183472,-0.0139671637784505,-0.0139674120570822,1.44865028480482
PETR4.SA,2022-06-13,29.0200004577637,29.5799999237061,28.670000076294,29.2700004577637,64507100,11.8545732498169,-0.0128164330398117,-0.0128161607303736,1.43008375543152
PETR4.SA,2022-06-14,29.6599998474121,30.25,29.2399997711182,29.6000003814697,68816900,11.988226890564,0.0112744371248568,0.0112743395471497,1.44620714481541
PETR4.SA,2022-06-15,30,30.0200004577637,28.8400001525879,29.0799999237061,72785700,11.777624130249,-0.0175674653339026,-0.0175675828061544,1.42080095093322
PETR4.SA,2022-06-17,28.1700000762939,28.4500007629395,26.1299991607666,27.3099994659424,184606500,11.0607585906982,-0.0608667360770685,-0.0608665908668302,1.33432143443472
PETR4.SA,2022-06-20,26.0200004577637,28.25,25.9099998474121,27.6200008392334,92581800,11.1863107681274,0.0113511362172558,0.0113512039309123,1.34946749879459
PETR4.SA,2022-06-21,27.7999992370606,28.1599998474121,26.6900005340576,27.0699996948242,85179500,10.9635562896729,-0.0199131316009271,-0.0199131472736206,1.32259537489992
PETR4.SA,2022-06-22,26.5799999237061,27.5499992370606,26.3899993896484,26.9899997711182,57874700,10.9311590194702,-0.00295499647620301,-0.00295529828621866,1.31868711022765
PETR4.SA,2022-06-23,26.9799995422363,27.3799991607666,26.1200008392334,26.4899997711182,69262300,10.7286520004272,-0.0185256676517348,-0.0185253799273851,1.29425755108695
PETR4.SA,2022-06-24,26.7600002288818,27.0900001525879,26.1800003051758,26.2900009155273,53413400,10.6476545333862,-0.00754964062939034,-0.00754997573872673,1.28448637169437
PETR4.SA,2022-06-27,26.8199996948242,28.0699996948242,26.6599998474121,27.9799995422363,90417700,11.3321151733398,0.0642827617864061,0.0642829428625407,1.36705670314388
PETR4.SA,2022-06-28,28.5799999237061,28.8299999237061,28.0200004577637,28.3299999237061,51388000,11.4738655090332,0.0125087270580204,0.0125089487918466,1.38415684231634
PETR4.SA,2022-06-29,28.4799995422363,28.8199996948242,27.8400001525879,28.0799999237061,52048800,11.372612953186,-0.00882462460166133,-0.00882456761995276,1.37194217779308
PETR4.SA,2022-06-30,27.6499996185303,28.0599994659424,27.3999996185303,27.9300003051758,49910100,11.3118648529053,-0.00534161327135851,-0.00534186677129012,1.36461379324865
PETR4.SA,2022-07-01,28.0799999237061,28.8500003814697,27.5200004577637,28.5300006866455,64948200,11.5548677444458,0.0214821247159893,0.0214822905447136,1.39392859694437
PETR4.SA,2022-07-04,28.5400009155273,29.2800006866455,28.5400009155273,29.1399993896484,37324200,11.8019256591797,0.0213812845112522,0.021380956478156,1.42373258086401
PETR4.SA,2022-07-05,28.8999996185303,28.9500007629395,27.5499992370606,28.0300006866455,78428500,11.3523654937744,-0.0380921027964279,-0.0380919260896498,1.36949961303912
PETR4.SA,2022-07-06,28.1599998474121,28.4799995422363,26.9099998474121,27.670000076294,57617200,11.2065601348877,-0.0128436103441769,-0.0128434035509346,1.35191029364274
PETR4.SA,2022-07-07,28,28.920000076294,28,28.4799995422363,52147300,11.5346164703369,0.0292735979194838,0.0292735621145279,1.39148557200205
PETR4.SA,2022-07-08,28.5300006866455,28.9699993133545,28.3700008392334,28.7999992370606,43097800,11.6642227172852,0.011236285773484,0.0112359445213353,1.40712070153874
PETR4.SA,2022-07-11,28.3199996948242,28.7900009155273,28.25,28.6599998474121,39577600,11.607518196106,-0.00486140590364148,-0.00486109004712343,1.40028011665315
PETR4.SA,2022-07-12,28.2999992370605,28.4300003051758,27.9699993133545,28.2299995422363,46462000,11.433367729187,-0.015003247376116,-0.0150034999115538,1.37927136766714
PETR4.SA,2022-07-13,28.1299991607666,28.4799995422363,27.9799995422363,28.25,35497200,11.4414644241333,0.000708163608314605,0.000708482397732579,1.38024811745572
PETR4.SA,2022-07-14,28,28,27.2399997711182,27.4899997711182,47151000,11.133659362793,-0.0269025930536553,-0.0269026629692686,1.34311586403873
PETR4.SA,2022-07-15,27.7000007629395,28.0499992370606,27.4899997711182,27.9599990844727,38610800,11.3240165710449,0.0170974521537903,0.0170971013920593,1.36607972326113
PETR4.SA,2022-07-18,28.3899993896484,28.6900005340576,28.2999992370605,28.6000003814697,46782300,11.5832195281982,0.0228896660056197,0.0228898897694345,1.39734883186363
PETR4.SA,2022-07-19,28.5499992370606,29.2399997711182,28.3999996185303,29.1800003051758,48562300,11.8181228637695,0.0202796238989893,0.0202797173416069,1.42568654062951
PETR4.SA,2022-07-20,29.0699996948242,29.2199993133545,28.8299999237061,29.1700000762939,43520800,11.8140735626221,-0.000342634883233051,-0.00034270831998795,1.42519805068814
PETR4.SA,2022-07-21,28.9799995422363,29.1299991607666,28.2000007629395,29.0200004577637,58843200,11.7533206939697,-0.00514241496214796,-0.00514225636400245,1.41786909090825
PETR4.SA,2022-07-22,29.0400009155273,29.4699993133545,28.8500003814697,29.3299999237061,55676200,11.8788766860962,0.0106825973182951,0.010682269505597,1.43301561545648
PETR4.SA,2022-07-25,29.6100006103516,30.75,29.6100006103516,30.7000007629395,79106600,12.4337339401245,0.0467095726886164,0.046709882127415,1.49995116251057
PETR4.SA,2022-07-26,31.2000007629395,31.6200008392334,30.5900001525879,31.0100002288818,78360100,12.559289932251,0.0100980118065168,0.0100977022227506,1.5150976870588
PETR4.SA,2022-07-27,31.2999992370606,31.4699993133545,30.6200008392334,31.3500003814697,56097200,12.6969881057739,0.0109638502069576,0.0109642099348075,1.53170899114862
PETR4.SA,2022-07-28,31.5900001525879,32.6300010681152,31.4300003051758,32.2900009155273,114996500,13.0776977539063,0.0299842486234352,0.0299840677071643,1.57763613435797
PETR4.SA,2022-07-29,33.5999984741211,34.6599998474121,32.8300018310547,34.1500015258789,181480600,13.8310127258301,0.0576030266259071,0.0576029903256257,1.66851275061139
PETR4.SA,2022-08-01,34,34.1500015258789,33.2200012207031,33.6800003051758,81365100,13.6406583786011,-0.0137628640073122,-0.0137628462577654,1.64554923653026
PETR4.SA,2022-08-02,33.7700004577637,34.5,33.4799995422363,33.8300018310547,69147100,13.7014083862305,0.00445359790878541,0.00445372697505153,1.65287785116887
PETR4.SA,2022-08-03,34.0099983215332,34.1599998474121,33.560001373291,33.8499984741211,65544500,13.7095050811768,0.000590938881467551,0.000591091988888071,1.65385460095744
PETR4.SA,2022-08-04,34.0800018310547,34.4000015258789,33.5800018310547,34.2099990844727,54387500,13.8553133010864,0.0106355567940861,0.010635173606486,1.67144426549509
PETR4.SA,2022-08-05,34.1500015258789,35.060001373291,34.1199989318848,34.8699989318848,77882600,14.1226167678833,0.0192924880865679,0.019292600557586,1.70369058407451
PETR4.SA,2022-08-08,35.1399993896484,36.7700004577637,35.1300010681152,36.6300010681152,109484600,14.8354301452637,0.0504731799422189,0.050473248928641,1.78968126549037
PETR4.SA,2022-08-09,37.0099983215332,37.4599990844727,36.8499984741211,37.2299995422363,79051200,15.0784358978272,0.0163800948259702,0.0163799742458475,1.81899641432737
PETR4.SA,2022-08-10,37.6500015258789,37.6500015258789,36.6100006103516,37.1100006103516,78369600,15.0298318862915,-0.00322341202131238,-0.00322317844104802,1.8131330394187
PETR4.SA,2022-08-11,37.4500007629395,37.8600006103516,36.25,36.25,128896500,14.6815271377563,-0.0231742278403553,-0.023174362603262,1.77111508125833
PETR4.SA,2022-08-12,29.1000003814697,31.8299999237061,29.0799999237061,31.7099990844727,171288300,15.7717752456665,0.0742598571443141,-0.125241404566272,1.90263783417872
PETR4.SA,2022-08-15,30.8799991607666,32.2299995422363,30.5499992370606,31.7199993133545,96759000,15.7767515182495,0.00031551759427817,0.000315365158327419,1.90323814989094
PETR4.SA,2022-08-16,31.7199993133545,32.0699996948242,31.5,32.0099983215332,64218800,15.9209861755371,0.00914222786108776,0.00914246577731226,1.92063798673116
PETR4.SA,2022-08-17,31.6499996185303,32.8199996948242,31.6000003814697,32.7599983215332,72924700,16.2940196990967,0.0234303025859506,0.0234301792979312,1.96563911591834
PETR4.SA,2022-08-18,33.0999984741211,33.6599998474121,32.8699989318848,33.4199981689453,84552500,16.6222858428955,0.0201464187389577,0.020146516520982,2.00523970463731
PETR4.SA,2022-08-19,32.9199981689453,33.1500015258789,31.3299999237061,31.7299995422363,125178200,15.7817249298096,-0.0505683105819769,-0.0505684835219223,1.9038381204619
PETR4.SA,2022-08-22,31.7399997711182,32.5800018310547,30.4799995422363,32.4099998474121,92400300,16.1199378967285,0.0214306717689716,0.0214308324924688,1.94463865032277
PETR4.SA,2022-08-23,32.6300010681152,33.5,32.6199989318848,33.439998626709,73215800,16.6322364807129,0.0317804316162003,0.0317802772029052,2.00644010596757
PETR4.SA,2022-08-24,33.5400009155273,34.1199989318848,33.25,33.6399993896484,61067900,16.7317085266113,0.00598067770463628,0.00598088430481303,2.01843997757502
PETR4.SA,2022-08-25,34.0999984741211,34.3600006103516,32.6699981689453,33.2799987792969,99511600,16.5526561737061,-0.0107013789189846,-0.0107015641166254,1.99683988654976
PETR4.SA,2022-08-26,33.2799987792969,33.6699981689453,32.5699996948242,33.6399993896484,63545400,16.7317085266113,0.0108171372030126,0.0108173264289755,2.01843997757502
PETR4.SA,2022-08-29,33.5499992370606,35.0800018310547,33.4500007629395,34.4799995422363,73339500,17.1495056152344,0.024970378127168,0.0249702784729053,2.06884118704206
PETR4.SA,2022-08-30,34,34.2200012207031,32.2700004577637,32.4300003051758,99361100,16.1298866271973,-0.0594547161249567,-0.0594547350428296,1.94583882155886
PETR4.SA,2022-08-31,32.0699996948242,33.439998626709,31.8199996948242,33.2299995422363,114235400,16.5277862548828,0.0246684702057751,0.0246684930475585,1.99383968855372
PETR4.SA,2022-09-01,33.3600006103516,33.9500007629395,32.7599983215332,33.8499984741211,69184700,16.8361568450928,0.0186577068129048,0.0186578074157577,2.03104016489469
PETR4.SA,2022-09-02,34.439998626709,34.5699996948242,33.2599983215332,33.4199981689453,81792300,16.6222858428955,-0.0127030773213308,-0.0127031115083956,2.00523970463731
PETR4.SA,2022-09-05,33.8499984741211,34.1100006103516,33.1500015258789,33.3400001525879,76337600,16.5825004577637,-0.00239349662903554,-0.00239371695812229,2.00044017016385
PETR4.SA,2022-09-06,32.2700004577637,32.5900001525879,31.5100002288818,32.0999984741211,111813500,15.9657497406006,-0.037192865981459,-0.0371926116614174,1.92603806701102
PETR4.SA,2022-09-08,32.310001373291,32.7799987792969,31.3999996185303,31.7999992370606,63159800,15.81653881073,-0.00934568888369613,-0.00934577106919199,1.90803791445858
PETR4.SA,2022-09-09,32.4900016784668,32.6699981689453,31.7000007629395,31.7900009155273,49871900,15.8115653991699,-0.000314443736368242,-0.000314412634373595,1.90743794388762
PETR4.SA,2022-09-12,32.1500015258789,32.7299995422363,31.4599990844727,31.4799995422363,71374500,15.6573820114136,-0.00975130443216221,-0.0097515370985598,1.88883793581132
PETR4.SA,2022-09-13,30.9400005340576,31.4400005340576,30.5200004577637,30.6499996185303,88327800,15.2445573806763,-0.0263661339064457,-0.026365944592612,1.83903658186814
PETR4.SA,2022-09-14,30.75,31.4300003051758,30.6299991607666,31.1200008392334,49039700,15.4783210754395,0.0153342395535536,0.0153344608989481,1.86723680936225
PETR4.SA,2022-09-15,30.9200000762939,31.2299995422363,30.7999992370605,31.0599994659424,45553200,15.4484815597534,-0.00192782637991551,-0.00192806464244599,1.86363710098362
PETR4.SA,2022-09-16,30.8600006103516,30.9500007629395,30.3400001525879,30.7800006866455,107303600,15.3092203140259,-0.00901455882177726,-0.00901477089862468,1.84683723471435
PETR4.SA,2022-09-19,30.5,31.3799991607666,29.8799991607666,31.2700004577637,65559900,15.5529317855835,0.0159192608479437,0.0159194204089397,1.87623751839747
PETR4.SA,2022-09-20,31.420000076294,31.6000003814697,30.8400001525879,31.0900001525879,67798200,15.4634037017822,-0.00575634774430478,-0.00575632563289874,1.86543724279066
PETR4.SA,2022-09-21,31.3500003814697,31.4699993133545,30.8899993896484,31.170000076294,58812200,15.503191947937,0.00257305874709846,0.00257317218763009,1.87023712240538
PETR4.SA,2022-09-22,31.4799995422363,32.0800018310547,31.0300006866455,31.9400005340576,69764300,15.8861742019653,0.0247034452849746,0.0247032549207238,1.91643842282865
PETR4.SA,2022-09-23,31.3199996948242,31.3899993896484,29.7700004577637,29.9400005340576,138630800,14.8914194107056,-0.062617643405717,-0.0626174065923198,1.79643556505896
PETR4.SA,2022-09-26,29.7199993133545,30.0799999237061,29.2700004577637,29.2900009155273,42934600,14.5681276321411,-0.0217099370884709,-0.021710073711952,1.75743506195803
PETR4.SA,2022-09-27,29.6599998474121,29.8799991607666,29.5799999237061,29.6700000762939,71087600,14.7571287155151,0.0129736015599586,0.0129736821061399,1.78023532421938
PETR4.SA,2022-09-28,29.6700000762939,29.8199996948242,28.5799999237061,29.2700004577637,104670700,14.558177947998,-0.0134816718992171,-0.0134816183856322,1.75623477567486
PETR4.SA,2022-09-29,28.9899997711182,29.3999996185303,28.6000003814697,29.3099994659424,87536500,14.5780715942383,0.00136649286135215,0.0013665530424718,1.75863465795867
PETR4.SA,2022-09-30,29.2199993133545,30.4899997711182,29,29.7999992370606,121637100,14.8217887878418,0.0167180680948118,0.0167178362349523,1.78803563192432
PETR4.SA,2022-10-03,31.9099998474121,32.6399993896484,31.6599998474121,32.1800003051758,179694100,16.005542755127,0.0798657965127787,0.0798658096995977,1.93083852186119
PETR4.SA,2022-10-04,32.9000015258789,32.9799995422363,31.0699996948242,31.3700008392334,115917200,15.6026668548584,-0.0251710239654013,-0.0251708967762845,1.8822373391541
PETR4.SA,2022-10-05,31.4099998474121,32.8199996948242,31.2000007629395,32.5499992370606,92893700,16.1895713806152,0.0376156545042223,0.0376155041842194,1.95303892859867
PETR4.SA,2022-10-06,33,33.7900009155273,32.439998626709,33.6599998474121,82671900,16.7416572570801,0.0341013275450819,0.034101402038982,2.01964014881111
PETR4.SA,2022-10-07,33.5800018310547,34.3199996948242,33.2200012207031,33.6300010681152,73500100,16.7267360687256,-0.000891261129371324,-0.000891229335498123,2.01784012205115
PETR4.SA,2022-10-10,33.6500015258789,33.8899993896484,33,33.25,52222600,16.5377368927002,-0.0112992262954855,-0.0112994664301547,1.99504008988399
PETR4.SA,2022-10-11,32.8899993896484,33.3300018310547,32.6100006103516,33,58332400,16.4133892059326,-0.00751902679153549,-0.00751879699248126,1.98003932999796
PETR4.SA,2022-10-13,32.5,34.4900016784668,32.4099998474121,33.939998626709,91143900,16.8809242248535,0.0284849772984064,0.0284848068699692,2.03644070536291
PETR4.SA,2022-10-14,33.9700012207031,34.1399993896484,33.2999992370605,33.4199981689453,62246100,16.6222858428955,-0.0153213401418637,-0.0153211690867441,2.00523970463731
PETR4.SA,2022-10-17,33.2400016784668,34.1500015258789,32.8400001525879,33.3899993896484,100936400,16.6073665618897,-0.000897546892579482,-0.000897629591277149,2.00343990797153
PETR4.SA,2022-10-18,33.9000015258789,34.2299995422363,33.1599998474121,34.2099990844727,82313200,17.0152168273926,0.0245583948534538,0.024558242282521,2.05264117629666
PETR4.SA,2022-10-19,34.1300010681152,35.560001373291,34.0200004577637,35.4199981689453,113700900,17.6170406341553,0.0353697406778752,0.0353697491041984,2.125242562407
PETR4.SA,2022-10-20,36.0999984741211,36.5499992370606,35.7700004577637,36.4700012207031,114347400,18.1392860412598,0.029644332322875,0.0296443564663538,2.18824395919372
PETR4.SA,2022-10-21,36.4500007629395,38.3899993896484,36.3899993896484,37.7200012207031,139601400,18.7610034942627,0.0342746374685732,0.0342747452196521,2.26324522758788
PETR4.SA,2022-10-24,36.5,36.8199996948242,34.2299995422363,34.25,142110900,17.0351104736328,-0.091993641020198,-0.0919936667127829,2.05504105858048
PETR4.SA,2022-10-25,34.0400009155273,34.5,33.2099990844727,33.5299987792969,113161200,16.6769981384277,-0.0210220142545814,-0.0210219334511861,2.01183995615325
PETR4.SA,2022-10-26,32.5999984741211,33.5299987792969,31.8999996185303,32.7099990844727,121334800,16.2691516876221,-0.0244556272909745,-0.0244557030920779,1.96263914801648
PETR4.SA,2022-10-27,32.810001373291,33.5400009155273,32.6699981689453,32.9599990844727,111008800,16.3934936523438,0.0076428056673834,0.00764292286754209,1.97763921761997
PETR4.SA,2022-10-28,32.7000007629395,33.1199989318848,31.8600006103516,32.5699996948242,129745400,16.1995162963867,-0.0118325818810012,-0.0118325060825674,1.9542386396464
PETR4.SA,2022-10-31,30.6100006103516,31.6000003814697,29.1599998474121,29.8099994659424,262409400,14.8267621994019,-0.0847404374222615,-0.0847405666178264,1.78863560249528
PETR4.SA,2022-11-01,30.5699996948242,30.6700000762939,29.5599994659424,29.8600006103516,115944200,14.8516340255737,0.00167749545297746,0.00167732792032771,1.7916360305855
PETR4.SA,2022-11-03,29.7999992370606,30.3899993896484,29.4400005340576,29.9500007629395,139062100,14.8963947296143,0.00301385719331981,0.00301407068815296,1.79703576572409
PETR4.SA,2022-11-04,30.7999992370605,30.8999996185303,28.1800003051758,28.2999992370605,195361000,14.0757255554199,-0.0550917983237134,-0.0550918692436443,1.69803383373832
PETR4.SA,2022-11-07,27.9599990844727,28.2999992370605,27.0699996948242,27.1499996185303,117206600,13.5037431716919,-0.0406360852572735,-0.0406360300188377,1.62903238610079
PETR4.SA,2022-11-08,27.0599994659424,27.5300006866455,26.75,27.3500003814697,94745400,13.6032199859619,0.00736661035427222,0.00736651070900751,1.64103283294369
PETR4.SA,2022-11-09,27.1499996185303,27.9500007629395,26.6399993896484,26.8999996185303,103303500,13.3794002532959,-0.0164534377079096,-0.0164534097500174,1.61403220145021
PETR4.SA,2022-11-10,26.0799999237061,26.8899993896484,25.6100006103516,26.1200008392334,145470100,12.9914484024048,-0.0289962063729684,-0.0289962375597792,1.56723139064435
PETR4.SA,2022-11-11,25.7999992370605,27.3600006103516,25.7000007629395,26.9899997711182,146365800,13.4241676330566,0.0333080051776027,0.0333077681444018,1.61943274191843
PETR4.SA,2022-11-14,27.2600002288818,28.1800003051758,27.0900001525879,27.7000007629395,66639500,13.777304649353,0.0263060642528625,0.0263060762446192,1.66203364368053
PETR4.SA,2022-11-16,27.8099994659424,28.1100006103516,26.9300003051758,27.1499996185303,85549900,13.5037431716919,-0.0198559503925885,-0.0198556364353982,1.62903238610079
PETR4.SA,2022-11-17,27,27.2999992370606,26.5499992370606,27.1599998474121,101525800,13.508716583252,0.000368298737381423,0.000368332560675588,1.62963235667175
PETR4.SA,2022-11-18,27.3999996185303,27.6000003814697,26.2199993133545,26.7000007629395,127683500,13.2799253463745,-0.0169365635489825,-0.0169366379623337,1.6020319847015
PETR4.SA,2022-11-21,27.1200008392334,27.5699996948242,26.0499992370606,26.7800006866455,164898100,13.3197135925293,0.00299611971581215,0.00299625173858042,1.60683186431622
PETR4.SA,2022-11-22,23,23.4300003051758,22.2999992370605,23.3299999237061,164261300,12.4144191741943,-0.0679665078416339,-0.128827508382398,1.49762111380999
PETR4.SA,2022-11-23,23,23.6499996185303,22.7999992370606,23.4400005340576,77317300,12.4729518890381,0.00471489757373589,0.00471498545697768,1.50468224396586
PETR4.SA,2022-11-24,23.5200004577637,24.6299991607666,23.25,24.25,94233800,12.9039726257324,0.0345564338360946,0.0345562904218146,1.55667869637382
PETR4.SA,2022-11-25,24.2600002288818,24.3299999237061,23.6000003814697,23.8600006103516,58635900,12.6964464187622,-0.0160823502179769,-0.0160824490576675,1.53164364440187
PETR4.SA,2022-11-28,23.6499996185303,24.5499992370605,23.5400009155273,24.3600006103516,56067400,12.9625082015991,0.0209556102598709,0.0209555736466778,1.56374017167096
PETR4.SA,2022-11-29,24.6000003814697,25.8799991607666,24.4799995422363,25.3799991607666,96151500,13.5052671432495,0.041871444415629,0.0418718606263746,1.62921623134957
PETR4.SA,2022-11-30,25.6000003814697,26.6599998474121,25.5,26.6599998474121,120774700,14.1863899230957,0.0504338620348317,0.0504334408577989,1.71138389798636
PETR4.SA,2022-12-01,26.5799999237061,26.7900009155273,25.5599994659424,25.5900001525879,71259400,13.6170167922974,-0.0401351671485774,-0.0401350225411979,1.6426972191853
PETR4.SA,2022-12-02,25.6900005340576,26.4500007629395,25.3099994659424,25.9099998474121,66301000,13.7872943878174,0.0125047650390164,0.0125048727204427,1.66323876194145
PETR4.SA,2022-12-05,26,26.5799999237061,25.5499992370606,25.6200008392334,56065400,13.6329784393311,-0.0111926201142614,-0.0111925515201297,1.64462276231973
PETR4.SA,2022-12-06,25.8199996948242,26.3899993896484,25.4200000762939,25.6399993896484,74991200,13.6436243057251,0.000780890723286909,0.00078058351912369,1.64590703297813
PETR4.SA,2022-12-07,25.3400001525879,26.0699996948242,25.2700004577637,25.3500003814697,57008400,13.4893045425415,-0.0113107602295116,-0.0113104140047597,1.62729057316805
PETR4.SA,2022-12-08,25.5499992370606,25.7900009155273,24.6399993896484,24.7800006866455,55567700,13.1859970092773,-0.0224850385954007,-0.0224851947237396,1.59070088182443
PETR4.SA,2022-12-09,24.9899997711182,25.0499992370606,24.4899997711182,24.7099990844727,61586200,13.1487493515015,-0.00282478888397075,-0.00282492333467033,1.58620748765573
PETR4.SA,2022-12-12,24.5799999237061,24.6599998474121,23.1299991607666,23.9099998474121,111293100,12.723051071167,-0.0323755719235657,-0.0323755267786818,1.53485311305344
PETR4.SA,2022-12-13,24.1000003814697,24.2000007629395,23.3099994659424,23.3199996948242,102533100,12.4090976715088,-0.0246759521676121,-0.0246758743769607,1.49697915105142
PETR4.SA,2022-12-14,22.5,22.6000003814697,20.7700004577637,21.4699993133545,319501600,11.4246692657471,-0.0793311836058765,-0.0793310637083896,1.37822202316519
PETR4.SA,2022-12-15,21,22.3700008392334,20.8299999237061,22.0400009155273,132385600,11.7279825210571,0.0265489747015644,0.0265487480392375,1.41481240479134
PETR4.SA,2022-12-16,21.9599990844727,22.1100006103516,21.5100002288818,22.0499992370605,90767300,11.733302116394,0.000453581451657525,0.000453644333842096,1.41545413745573
PETR4.SA,2022-12-19,22.1000003814697,22.5100002288818,21.6399993896484,22.3799991607666,63074100,11.9089031219482,0.014966034609204,0.0149659834523443,1.43663787306463
PETR4.SA,2022-12-20,22.3899993896484,23.2399997711182,22.2099990844727,23.0699996948242,71875500,12.2760667800903,0.0308310223353319,0.030831124215019,1.48093088741687
PETR4.SA,2022-12-21,23.5,23.7199993133545,22.8500003814697,23.5699996948242,74252800,12.5421276092529,0.0216731330913011,0.02167316890395,1.51302729963888
PETR4.SA,2022-12-22,23.8999996185303,24.5599994659424,23.7000007629395,23.9899997711182,81894800,12.7656202316284,0.0178193548445964,0.0178192652410671,1.5399884699807
PETR4.SA,2022-12-23,24.1299991607666,25.2199993133545,24.1299991607666,25.1200008392334,68387900,13.3669166564941,0.0471027975104521,0.0471030045392353,1.61252623505064
PETR4.SA,2022-12-26,25.1200008392334,25.2999992370606,24.8199996948242,24.9400005340576,28765200,13.2711391448975,-0.0071652658618282,-0.00716561700486296,1.60097205586733
PETR4.SA,2022-12-27,25.25,25.3099994659424,24.5499992370605,25.1100006103516,50803200,13.3615999221802,0.00681635361479094,0.00681636217536541,1.61188484752752
PETR4.SA,2022-12-28,25.1000003814697,25.3199996948242,24.75,24.7999992370606,57293500,13.1966381072998,-0.0123459627470611,-0.0123457334032568,1.59198457724739
PETR4.SA,2022-12-29,24.9899997711182,25.0499992370606,24.4300003051758,24.5,57901800,13.0370016098022,-0.0120967549613454,-0.0120967438020012,1.57272672991419
PETR4.SA,2023-01-02,23.5400009155273,23.8099994659424,22.7999992370606,22.9200000762939,78424700,12.1962451934814,-0.0644900139989746,-0.0644897928043288,1.47130156108546
PETR4.SA,2023-01-03,22.9400005340576,23.1000003814697,22.1299991607666,22.3400001525879,96750300,11.8876180648804,-0.0253050937977228,-0.0253054067092237,1.43407013707746
PETR4.SA,2023-01-04,21.9599990844727,23.5900001525879,21.8299999237061,23.0499992370606,129504000,12.2654228210449,0.0317813673103025,0.0317815165453528,1.47964684685265
PETR4.SA,2023-01-05,23.3400001525879,24.0400009155273,23.1499996185303,23.8799991607666,73886000,12.707088470459,0.0360090031838329,0.0360086746715183,1.53292745487192
PETR4.SA,2023-01-06,23.9400005340576,24.3199996948242,23.5499992370605,23.7399997711182,51851500,12.6325883865356,-0.00586287599213109,-0.00586262121308812,1.52394009129907
PETR4.SA,2023-01-09,23.5,24,23.25,23.8700008392334,46385200,12.7017650604248,0.00547604907026744,0.00547603493549276,1.53228526201917
PETR4.SA,2023-01-10,23.9500007629395,24.1100006103516,23.3700008392334,24.0900001525879,52741100,12.8188304901123,0.00921646945370158,0.00921656077166522,1.54640752233093
PETR4.SA,2023-01-11,24.1499996185303,24.6200008392334,24.0499992370606,24.2800006866455,53536500,12.9199361801147,0.0078872788028852,0.00788711219817939,1.55860446960243
PETR4.SA,2023-01-12,24.2900009155273,24.6499996185303,24.1100006103516,24.6299991607666,58130000,13.1061782836914,0.0144150947017299,0.0144150932546554,1.58107190063429
PETR4.SA,2023-01-13,24.4400005340576,24.6599998474121,24.25,24.5699996948242,40002700,13.0742473602295,-0.00243632604186739,-0.00243603199296716,1.57721989398871
PETR4.SA,2023-01-16,24.4099998474121,24.5,23.8299999237061,24.0400009155273,31973700,12.7922277450562,-0.0215706195089451,-0.0215709721562806,1.54319828377354
PETR4.SA,2023-01-17,24.1100006103516,25.6200008392334,24.1100006103516,25.5200004577637,91797500,13.5797681808472,0.0615639786506599,0.0615640385138423,1.63820370996951
PETR4.SA,2023-01-18,25.8400001525879,26.0300006866455,25,25.0699996948242,69692900,13.340311050415,-0.0176333739459454,-0.0176332584195763,1.60931665135198
PETR4.SA,2023-01-19,25,25.9500007629395,24.7900009155273,25.8899993896484,75553300,13.7766580581665,0.0327089080683685,0.0327084046591954,1.66195564175395
PETR4.SA,2023-01-20,25.8899993896484,26.6000003814697,25.4200000762939,26.3700008392334,114219500,14.0320701599121,0.0185394818298623,0.0185400332522556,1.69276743817628
PETR4.SA,2023-01-23,26.2700004577637,27.6000003814697,26.1299991607666,26.7900009155273,87678100,14.2555665969849,0.0159275455813537,0.0159271923749456,1.71972906870647
PETR4.SA,2023-01-24,27.4699993133545,27.5300006866455,26.3700008392334,26.6000003814697,65794000,14.1544599533081,-0.0070924324886632,-0.00709221827415074,1.70753200638787
PETR4.SA,2023-01-25,26.5499992370606,27.0799999237061,26.0100002288818,26.9400005340576,51832900,14.3353834152222,0.012782081584948,0.0127819604402992,1.72935781980243
PETR4.SA,2023-01-26,27.0900001525879,27.2000007629395,25.7999992370605,26.25,73344800,13.9682159423828,-0.0256126719603101,-0.0256124914765802,1.68506434526184
PETR4.SA,2023-01-27,26.1800003051758,26.2299995422363,25.4400005340576,25.6200008392334,47681900,13.6329784393311,-0.0240000229402646,-0.0239999680292039,1.64462276231973
PETR4.SA,2023-01-30,25.8500003814697,26.0699996948242,25.5100002288818,25.75,40683200,13.7021551132202,0.00507421574801192,0.00507412788868944,1.65296793303983
PETR4.SA,2023-01-31,25.6299991607666,26.2099990844727,25.5200004577637,26.0699996948242,54048900,13.8724355697632,0.012427275500529,0.0124271726145329,1.67350982093726
PETR4.SA,2023-02-01,26.0699996948242,26.4799995422363,25.4500007629395,25.7099990844727,56349200,13.6808700561523,-0.0138090757493502,-0.0138089994079683,1.65040019705265
PETR4.SA,2023-02-02,25.5100002288818,25.8099994659424,24.4200000762939,24.5200004577637,83823000,13.0476446151733,-0.0462854656450917,-0.0462854402599988,1.57401065543132
PETR4.SA,2023-02-03,24.5400009155273,25.3799991607666,24.4200000762939,24.7900009155273,71170700,13.1913204193115,0.0110116276443566,0.0110114377130113,1.59134307467718
PETR4.SA,2023-02-06,24.8700008392334,25.8700008392334,24.75,25.7800006866455,82794500,13.7181186676025,0.0399352173660952,0.0399354471382078,1.65489370626844
PETR4.SA,2023-02-07,25.9099998474121,26.1399993896484,25.4599990844727,25.6200008392334,55311800,13.6329784393311,-0.00620640703980468,-0.00620635543640591,1.64462276231973
PETR4.SA,2023-02-08,25.7999992370605,26.1499996185303,25.5599994659424,26.0499992370606,48713100,13.8617944717407,0.0167840089697153,0.0167836995995982,1.6722261255143
PETR4.SA,2023-02-09,26.0499992370606,26.3199996948242,25.7900009155273,25.9300003051758,38198300,13.7979393005371,-0.00460655879249916,-0.00460648504411654,1.66452291755277
PETR4.SA,2023-02-10,25.9799995422363,26.7900009155273,25.9300003051758,26.7199993133545,54683100,14.2183132171631,0.0304664274475837,0.0304666023478999,1.71523498425523
PETR4.SA,2023-02-13,26.6900005340576,26.8899993896484,26.3700008392334,26.7999992370606,36726900,14.2608823776245,0.00299396699251497,0.00299400919767501,1.7203703411825
PETR4.SA,2023-02-14,26.8500003814697,27.0599994659424,26.6000003814697,26.7000007629395,35839000,14.2076730728149,-0.00373113692411187,-0.00373128645402387,1.71395140387936
PETR4.SA,2023-02-15,26.5799999237061,26.7999992370606,26.2999992370606,26.7399997711182,72554100,14.2289562225342,0.00149800390325439,0.0014980901511521,1.71651890977236
PETR4.SA,2023-02-16,26.6000003814697,26.9500007629395,26.4899997711182,26.8500003814697,44115700,14.2874870300293,0.00411349972406438,0.00411371022038587,1.72357980983406
PETR4.SA,2023-02-17,26.6700000762939,26.6700000762939,26.3700008392334,26.4400005340576,61085700,14.0693216323853,-0.0152696829880233,-0.0152700127220508,1.69726129253334
PETR4.SA,2023-02-22,26,26.1100006103516,25.6900005340576,25.7600002288818,38608500,13.7074794769287,-0.0257185218243673,-0.0257186191921542,1.65361024093967
PETR4.SA,2023-02-23,25.7700004577637,26.7900009155273,25.7700004577637,26.5499992370606,73913400,14.1278553009033,0.0306676238094794,0.0306676630884877,1.70432253773631
PETR4.SA,2023-02-24,26.6700000762939,26.7000007629395,25.8700008392334,25.8999996185303,64409100,13.7819747924805,-0.0244821666881552,-0.0244820955634135,1.66259702927707
PETR4.SA,2023-02-27,25.8400001525879,26.7399997711182,25.8099994659424,26.1499996185303,76250600,13.9150037765503,0.00965238915851208,0.00965250979467713,1.67864506281744
PETR4.SA,2023-02-28,26.2099990844727,26.9200000762939,25.2399997711182,25.2399997711182,130248100,13.4307765960693,-0.0347989255523582,-0.0347992298541859,1.62023001824762
PETR4.SA,2023-03-01,25.3099994659424,25.4300003051758,24.1900005340576,25.2999992370606,109257700,13.462700843811,0.00237694726833904,0.00237715794320414,1.62408121956357
PETR4.SA,2023-03-02,25.4200000762939,25.6700000762939,24.3700008392334,24.6399993896484,124516200,13.1115026473999,-0.0260867563266537,-0.0260869512772678,1.58171420853412
PETR4.SA,2023-03-03,24.8299999237061,25.7399997711182,24.4500007629395,25.7000007629395,87591800,13.6755485534668,0.0430191657840795,0.0430195373193205,1.64975823429409
PETR4.SA,2023-03-06,25.7000007629395,26.1200008392334,25.3700008392334,25.9599990844727,50227400,13.8139009475708,0.0101167710796457,0.0101166659071907,1.6664484606872
PETR4.SA,2023-03-07,25.7199993133545,25.7800006866455,24.9300003051758,25.1000003814697,59052500,13.3562755584717,-0.033127889857904,-0.0331278402670405,1.61124253962768
PETR4.SA,2023-03-08,25.1499996185303,25.9200000762939,25.1299991607666,25.4200000762939,66220400,13.5265560150146,0.0127490972911952,0.012748991631907,1.63178442752511
PETR4.SA,2023-03-09,25.3500003814697,26.2299995422363,25.2800006866455,25.3099994659424,68042300,13.4680223464966,-0.00432731498343653,-0.00432732533522473,1.62472318232214
PETR4.SA,2023-03-10,25.1599998474121,25.5799999237061,24.9400005340576,24.9799995422363,48118600,13.2924213409424,-0.0130383660671515,-0.0130383220335547,1.60353944671324
PETR4.SA,2023-03-13,24.5499992370605,24.8600006103516,24.1000003814697,24.1900005340576,58605500,12.8720445632935,-0.0316252973680657,-0.0316252611151163,1.55282703486951
PETR4.SA,2023-03-14,24.2800006866455,24.7299995422363,23.6000003814697,23.7600002288818,58916700,12.6432304382324,-0.0177760513441301,-0.017775952694601,1.52522390176911
PETR4.SA,2023-03-15,23.3299999237061,23.4799995422363,22.7999992370606,23.3400001525879,93708800,12.4197397232056,-0.0176767097711857,-0.0176767707175107,1.49826296152146
PETR4.SA,2023-03-16,23.3999996185303,23.5200004577637,22.9699993133545,23.2600002288818,66821000,12.3771724700928,-0.00342738689066557,-0.00342758882532335,1.49312783468838
PETR4.SA,2023-03-17,23.1000003814697,23.5100002288818,22.8600006103516,23.5100002288818,93502700,12.5102033615112,0.0107480841638026,0.0107480652424747,1.50917609832292
PETR4.SA,2023-03-20,23.5100002288818,23.6499996185303,22.8899993896484,22.9300003051758,57575200,12.2015686035156,-0.0246706427607043,-0.0246703495559106,1.4719437539382
PETR4.SA,2023-03-21,23.2000007629395,23.6000003814697,23.0799999237061,23.3999996185303,43391200,12.4516649246216,0.0204970630607197,0.0204971350675649,1.50211427788451
PETR4.SA,2023-03-22,23.3899993896484,23.6200008392334,23.0400009155273,23.3299999237061,46435600,12.4144191741943,-0.00299122652695205,-0.00299143999851981,1.49762111380999
PETR4.SA,2023-03-23,23.3700008392334,23.6700000762939,22.5900001525879,22.7999992370606,74711200,12.1323947906494,-0.0227174851749136,-0.0227175605820283,1.46359892835937
PETR4.SA,2023-03-24,22.7099990844727,23.1299991607666,22.4799995422363,22.7900009155273,52556800,12.1270761489868,-0.000438383497600725,-0.000438522888937309,1.46295731074207
PETR4.SA,2023-03-27,23.1100006103516,23.3600006103516,22.8299999237061,23.1800003051758,39148700,12.3346014022827,0.0171125546460131,0.0171127412892169,1.48799224766693
PETR4.SA,2023-03-28,23.2199993133545,23.6399993896484,23.1499996185303,23.5900001525879,29091100,12.5527715682983,0.0176876543392193,0.0176876549617888,1.5143113402031
PETR4.SA,2023-03-29,23.7099990844727,24.0400009155273,23.4699993133545,23.8999996185303,49148600,12.7177286148071,0.0131410856647294,0.0131411387849598,1.53421103524778
PETR4.SA,2023-03-30,24.25,24.2800006866455,23.6800003051758,23.9699993133545,56116900,12.754976272583,0.00292879797203027,0.00292885757077355,1.53870442941648
PETR4.SA,2023-03-31,24,24.2199993133545,23.2099990844727,23.4500007629395,59547800,12.4782733917236,-0.0216937197644305,-0.0216937240430095,1.50532420672443
PETR4.SA,2023-04-03,24.0900001525879,24.5,23.7999992370606,24.4899997711182,73931200,13.031681060791,0.0443496990083931,0.0443496364325213,1.57208488220271
PETR4.SA,2023-04-04,24.6299991607666,24.7600002288818,24.1000003814697,24.2700004577637,57505700,12.9146156311035,-0.00898314109602638,-0.0089832305190114,1.55796262189095
PETR4.SA,2023-04-05,24.1900005340576,24.5300006866455,23.2700004577637,24.3500003814697,93626400,12.9571857452393,0.00329627418668332,0.0032962473093181,1.56309809386531
PETR4.SA,2023-04-06,24.3400001525879,24.4200000762939,23.9500007629395,24,29565400,12.7709398269653,-0.0143739483199395,-0.014373732073371,1.54063020264509
PETR4.SA,2023-04-10,24.0300006866455,24.6599998474121,24.0300006866455,24.5100002288818,41455900,13.0423259735107,0.0212502877801044,0.0212500095367432,1.57336903781402
PETR4.SA,2023-04-11,24.7000007629395,25.7000007629395,24.6299991607666,25.6599998474121,80565000,13.6542654037476,0.0469195012821853,0.0469196086410129,1.64719072840109
PETR4.SA,2023-04-12,25.9799995422363,26.1499996185303,25.1800003051758,25.8500003814697,71563400,13.7553672790527,0.00740441703128369,0.00740454151159242,1.65938721548423
PETR4.SA,2023-04-13,25.8500003814697,26.0900001525879,25.7999992370605,26.0300006866455,38852800,13.8511486053467,0.00696319657271571,0.00696326121932334,1.6709418548559
PETR4.SA,2023-04-14,25.7999992370605,26.3999996185303,25.7199993133545,26.2999992370606,38421100,13.9948215484619,0.0103726374764166,0.010372590983202,1.68827392896049
PETR4.SA,2023-04-17,26.2399997711182,26.7999992370606,26.2099990844727,26.7099990844727,49427100,14.2129936218262,0.0155894859115395,0.0155893482625793,1.71459325159084
PETR4.SA,2023-04-18,26.7099990844727,27.6200008392334,26.5200004577637,27.3899993896484,99478800,14.5748386383057,0.0254587475451917,0.0254586420248546,1.75824464832578
PETR4.SA,2023-04-19,27.1599998474121,27.3099994659424,26.4500007629395,26.5100002288818,73217800,14.1065702438355,-0.0321285474296442,-0.032128484132029,1.70175480174913
PETR4.SA,2023-04-20,26.5200004577637,26.9799995422363,26.2900009155273,26.6900005340576,54738400,14.2023506164551,0.00678977036686046,0.00678990206041852,1.71330932607371
PETR4.SA,2023-04-24,26.6000003814697,27.2600002288818,26.5,27.2000007629395,43820900,14.4737319946289,0.0191082015578041,0.0191082884479921,1.74604758600719
PETR4.SA,2023-04-25,27.1599998474121,27.5,26.7199993133545,27.0900001525879,53854100,14.4152011871338,-0.00404393334883069,-0.00404413997301945,1.73898668594549
PETR4.SA,2023-04-26,27.1200008392334,27.2199993133545,26.75,26.75,40249400,14.2342777252197,-0.012550880113664,-0.0125507622987374,1.71716087253093
PETR4.SA,2023-04-27,26.8500003814697,27.1800003051758,25.9099998474121,26.1000003814697,115632700,13.8883981704712,-0.0242990590337941,-0.0242990511600102,1.67543547911878
PETR4.SA,2023-04-28,23.6000003814697,24.0499992370606,23.1499996185303,23.7000007629395,81138500,14.2061853408813,0.0228814847118812,-0.0919540070288354,1.71377193041998
PETR4.SA,2023-05-02,23.7000007629395,23.7399997711182,22.6399993896484,22.7399997711182,67911100,13.6307458877563,-0.0405062611332439,-0.0405063696589613,1.64435343708356
PETR4.SA,2023-05-03,22.6000003814697,22.9899997711182,22.4200000762939,22.6599998474121,51133700,13.5827951431274,-0.00351783717661247,-0.00351802658360889,1.6385688694311
PETR4.SA,2023-05-04,22.8899993896484,23.3799991607666,22.6100006103516,23.0200004577637,57854400,13.798583984375,0.0158869245228028,0.0158870526379407,1.66460068938517
PETR4.SA,2023-05-05,23.2999992370605,24.1700000762939,23.1800003051758,24,83365200,14.3860111236572,0.0425715522656098,0.0425716560707459,1.7354653246347
PETR4.SA,2023-05-08,24.4500007629395,24.6299991607666,24.2099990844727,24.5100002288818,59352300,14.6917171478271,0.0212502285409193,0.0212500095367432,1.77234435940803
PETR4.SA,2023-05-09,24.4099998474121,24.7999992370606,24.2399997711182,24.5900001525879,33978200,14.739670753479,0.00326398916949944,0.00326397074496088,1.77812927220176
PETR4.SA,2023-05-10,24.5900001525879,24.8199996948242,24.3299999237061,24.5300006866455,41500700,14.7037038803101,-0.00244014088038269,-0.00243999453314636,1.77379038627405
PETR4.SA,2023-05-11,24.1299991607666,25.4799995422363,23.9300003051758,25.4300003051758,136878100,15.2431774139404,0.0366896353477839,0.0366897510532989,1.83887010872985
PETR4.SA,2023-05-12,25.5799999237061,26.7399997711182,25.4799995422363,26.25,117237500,15.7346982955933,0.032245303476119,0.0322453670854783,1.89816503343901
PETR4.SA,2023-05-15,26.0599994659424,26.1499996185303,25.3999996185303,25.6599998474121,81996700,15.3810443878174,-0.0224760526787429,-0.0224761962890625,1.85550177615449
PETR4.SA,2023-05-16,26.1100006103516,27.0300006866455,26.0799999237061,26.2999992370606,117782700,15.7646703720093,0.024941478258508,0.0249415196201952,1.90178073336307
PETR4.SA,2023-05-17,26.6000003814697,26.7600002288818,25.5100002288818,25.6599998474121,107129200,15.3810443878174,-0.0243345388859533,-0.0243345782590969,1.85550177615449
PETR4.SA,2023-05-18,25.5900001525879,25.8500003814697,25.3500003814697,25.8099994659424,63010500,15.4709596633911,0.00584584982050695,0.00584565936953441,1.86634876087957
PETR4.SA,2023-05-19,26.0799999237061,26.1800003051758,25.6399993896484,25.7700004577637,69245500,15.446982383728,-0.00154982497432421,-0.0015497485085767,1.86345624695916
PETR4.SA,2023-05-22,25.8799991607666,26.0100002288818,25.5,25.6200008392334,38010200,15.3570671081543,-0.00582089584490286,-0.00582070686324276,1.85260926223408
PETR4.SA,2023-05-23,25.6499996185303,26.4300003051758,25.5200004577637,26.25,58285300,15.7346982955933,0.0245900590769999,0.0245901303719649,1.89816503343901
PETR4.SA,2023-05-24,26.25,26.8999996185303,26.0499992370606,26.6499996185303,54796400,15.9744663238525,0.0152381713176177,0.0152380807059151,1.92708959740767
PETR4.SA,2023-05-25,26.7999992370606,26.8400001525879,26.1900005340576,26.4500007629395,49182700,15.854585647583,-0.00750451838823119,-0.00750464759675862,1.91262771808815
PETR4.SA,2023-05-26,26.8099994659424,26.9099998474121,26.5300006866455,26.7999992370606,39866600,16.0643787384033,0.013232328834295,0.0132324561068253,1.93793623699148
PETR4.SA,2023-05-29,26.75,26.8199996948242,26.5599994659424,26.6900005340576,17977100,15.9984445571899,-0.00410437168390199,-0.00410442933337163,1.92998222637517
PETR4.SA,2023-05-30,26.7199993133545,26.7999992370606,26.2600002288818,26.3899993896484,45736700,15.8186178207397,-0.011240263752352,-0.0112402075086647,1.90828871711336
PETR4.SA,2023-05-31,26.2700004577637,26.3600006103516,25.8700008392334,26.1200008392334,49207600,15.656777381897,-0.0102310101095296,-0.0102310934694809,1.88876499595667
PETR4.SA,2023-06-01,26.2999992370606,27,26.1599998474121,26.9599990844727,63148200,16.160285949707,0.0321591446009979,0.0321591967170822,1.94950606257894
PETR4.SA,2023-06-02,27.4300003051758,27.6000003814697,27.1100006103516,27.1800003051758,39919300,16.2921619415283,0.00816049865897828,0.00816028294414273,1.96541500418829
PETR4.SA,2023-06-05,27.5400009155273,27.5599994659424,27.2299995422363,27.4699993133545,39321700,16.4659862518311,0.0106691985340301,0.0106695733967115,1.98638440706974
PETR4.SA,2023-06-06,27.4500007629395,28.25,27.2099990844727,28.0499992370606,75426600,16.8136520385742,0.0211141793407306,0.0211139402331215,2.02832528368024
PETR4.SA,2023-06-07,28.6499996185303,29.0599994659424,28.4300003051758,28.8700008392334,82330400,17.3051738739014,0.0292334963397296,0.0292335695000461,2.08762032343648
PETR4.SA,2023-06-09,29.1000003814697,30.3899993896484,29.0200004577637,30.2800006866455,80442400,18.1503524780273,0.0488396482049005,0.048839619204166,2.18957896561852
PETR4.SA,2023-06-12,30.2199993133545,30.9899997711182,30.0400009155273,30.8099994659424,119350400,18.4680442810059,0.0175033406851526,0.0175032617991526,2.22790391221079
PETR4.SA,2023-06-13,29.2399997711182,29.2399997711182,28.5900001525879,28.8600006103516,79174900,18.4320049285889,-0.00195144390324309,-0.0632911031935058,2.22355628270429
PETR4.SA,2023-06-14,28.9400005340576,30.1000003814697,28.8799991607666,30.1000003814697,98326000,19.2239608764648,0.0429663485304095,0.0429660341266036,2.31909437692395
PETR4.SA,2023-06-15,30.2000007629395,30.8500003814697,29.2800006866455,29.3899993896484,120579500,18.7705020904541,-0.0235882079101553,-0.0235880725190416,2.26439109659779
PETR4.SA,2023-06-16,29.2299995422363,29.920000076294,29.0400009155273,29.6399993896484,94572000,18.9301681518555,0.00850622219011221,0.00850629483469989,2.28365251039076
PETR4.SA,2023-06-19,29.6299991607666,30.4599990844727,29.5499992370605,30.4200000762939,34573900,19.4283313751221,0.0263158372007262,0.0263158131817614,2.34374873807724
PETR4.SA,2023-06-20,30.2999992370606,30.75,29.8999996185303,30.5699996948242,55605300,19.5241298675537,0.0049308656817697,0.00493095391696485,2.35530544829651
PETR4.SA,2023-06-21,30.9300003051758,32,30.8500003814697,31.8500003814697,89294300,20.3416309356689,0.0418713189095203,0.0418711383520958,2.45392519385147
PETR4.SA,2023-06-22,31.4599990844727,31.6900005340576,31.0799999237061,31.4500007629395,43455800,20.0861644744873,-0.0125587993406017,-0.012558857574237,2.42310683974504
PETR4.SA,2023-06-23,31.2000007629395,31.2800006866455,29.8899993896484,30.1599998474121,76023400,19.262279510498,-0.041017535479993,-0.041017516191843,2.32371696897398
PETR4.SA,2023-06-26,30.1200008392334,31.0499992370606,30.1200008392334,30.8400001525879,53635000,19.6965732574463,0.0225463318976111,0.0225464293307722,2.37610826299258
PETR4.SA,2023-06-27,30.9300003051758,31.2000007629395,30.3400001525879,30.6000003814697,48399600,19.5432949066162,-0.00778198059259527,-0.00778209370722149,2.35761743460407
PETR4.SA,2023-06-28,30.5799999237061,31.1800003051758,30.5499992370606,30.8899993896484,36794600,19.7285079956055,0.00947706565726314,0.00947709165240163,2.37996072982652
PETR4.SA,2023-06-29,31,31.1200008392334,30.7600002288818,31.0300006866455,32071800,19.8179225921631,0.00453225335527319,0.00453225314869976,2.39074731482969
PETR4.SA,2023-06-30,31,31.0799999237061,29.3199996948242,29.5300006866455,104262900,18.8599185943604,-0.0483402835664306,-0.0483403147537009,2.27517791169514
PETR4.SA,2023-07-03,29.7199993133545,30.1800003051758,29.7199993133545,30.0799999237061,31266900,19.2111835479736,0.0186249453758682,0.0186251007203422,2.31755297602085
PETR4.SA,2023-07-04,29.9599990844727,30.3899993896484,29.9599990844727,30.1499996185303,18308000,19.2558937072754,0.00232729853369573,0.00232711752000547,2.3229466136637
PETR4.SA,2023-07-05,30.1599998474121,30.5499992370606,29.6599998474121,30.1100006103516,53585500,19.2303466796875,-0.0013267121212992,-0.0013266669547195,2.31986473223423
PETR4.SA,2023-07-06,29.8500003814697,30,29.1499996185303,29.6499996185303,47685700,18.936559677124,-0.0152772598152792,-0.0152773491363911,2.28442355598358
PETR4.SA,2023-07-07,29.7600002288818,30.2000007629395,29.3600006103516,29.5,55533500,18.8407554626465,-0.00505921963181488,-0.00505900912175827,2.27286615548177
PETR4.SA,2023-07-10,29.1100006103516,29.6700000762939,29.0100002288818,29.5499992370605,25590200,18.8726902008057,0.00169498182928463,0.00169488939188289,2.27671862231571
PETR4.SA,2023-07-11,29.5300006866455,29.5300006866455,29,29.1499996185303,40877000,18.6172199249268,-0.0135365055623072,-0.0135363664588055,2.24589980802092
PETR4.SA,2023-07-12,29.2000007629395,29.7700004577637,29.1399993896484,29.1700000762939,40181800,18.6299953460693,0.000686215299281701,0.000686122059190719,2.24744097882984
PETR4.SA,2023-07-13,29.0699996948242,29.7199993133545,29.0400009155273,29.6299991607666,35886500,18.9237842559814,0.015769671674883,0.0157695949012524,2.28288238517466
PETR4.SA,2023-07-14,29.5,29.5799999237061,28.8600006103516,29.0499992370606,34451100,18.553352355957,-0.0195749378144241,-0.0195747532951009,2.23819510444722
PETR4.SA,2023-07-17,28.4099998474121,29.0900001525879,27.9500007629395,28.9899997711182,52160800,18.5150337219238,-0.00206532131218329,-0.00206538614520302,2.23357251239718
PETR4.SA,2023-07-18,29,29.2000007629395,28.7099990844727,28.8299999237061,35640400,18.4128475189209,-0.00551909353975033,-0.00551913931270576,2.22124521677345
PETR4.SA,2023-07-19,28.8099994659424,29.1299991607666,28.5699996948242,29.1000003814697,46517700,18.5852909088135,0.00936538412732624,0.00936526043975672,2.24204803146952
PETR4.SA,2023-07-20,29.0699996948242,29.3500003814697,28.8799991607666,29.1299991607666,33177100,18.6044483184814,0.00103078341694851,0.00103088587297684,2.24435909740036
PETR4.SA,2023-07-21,29.1499996185303,29.8600006103516,29.1299991607666,29.6800003051758,52059200,18.9557189941406,0.0188810046740397,0.0188809186493195,2.2867348520086
PETR4.SA,2023-07-24,29.7999992370606,30.4099998474121,29.7600002288818,30.2999992370606,45268100,19.351692199707,0.020889379384069,0.0208894516681204,2.33450332388298
PETR4.SA,2023-07-25,30.5,31.0499992370606,30.2000007629395,31,56261000,19.7987613677979,0.0231023294230357,0.0231023359922486,2.3884357887105
PETR4.SA,2023-07-26,30.9500007629395,31.2199993133545,30.6299991607666,31,45880200,19.7987613677979,0,0,2.3884357887105
PETR4.SA,2023-07-27,30.8500003814697,30.8899993896484,29.3799991607666,29.3899993896484,86471900,18.7705020904541,-0.0519355356752865,-0.0519355035597279,2.26439109659779
PETR4.SA,2023-07-28,29.4300003051758,29.9500007629395,29.3199996948242,29.7600002288818,43608600,19.0068073272705,0.0125891803894038,0.0125893449104229,2.29289792458502
PETR4.SA,2023-07-31,30.2999992370606,31.1499996185303,30.2999992370606,31.1100006103516,91290800,19.8690128326416,0.0453629844573644,0.045362915695127,2.3969106175003
PETR4.SA,2023-08-01,31.0900001525879,31.0900001525879,29.9500007629395,30.6000003814697,75752400,19.5432949066162,-0.0163932616466123,-0.0163934496585043,2.35761743460407
PETR4.SA,2023-08-02,30.5100002288818,30.5799999237061,29.7999992370606,30.5300006866455,62068400,19.4985866546631,-0.00228765170697953,-0.00228757169776406,2.35222402705539
PETR4.SA,2023-08-03,30.9300003051758,31.1299991607666,30.6200008392334,30.9200000762939,57304400,19.7476673126221,0.0127742929459667,0.0127743000614813,2.38227202585154
PETR4.SA,2023-08-04,30.7000007629395,31.1399993896484,29.7399997711182,30,120685800,19.1600894927979,-0.0297542899889071,-0.0297542067924929,2.31138921316189
PETR4.SA,2023-08-07,29.8600006103516,30.5,29.8600006103516,30.1900005340576,44984900,19.2814388275147,0.00633344300204919,0.00633335113525391,2.326028264999
PETR4.SA,2023-08-08,29.9099998474121,30.3899993896484,29.7199993133545,30.2199993133545,34771300,19.3005981445313,0.000993666353843903,0.000993666073739741,2.32833956102402
PETR4.SA,2023-08-09,30.2099990844727,30.7199993133545,30.1599998474121,30.4599990844727,48561500,19.45387840271,0.00794173615920513,0.00794175303015665,2.34683061950672
PETR4.SA,2023-08-10,30.2999992370606,30.8600006103516,30.1200008392334,30.6299991607666,54020200,19.5624523162842,0.00558109346253,0.00558109262651318,2.35992850053491
PETR4.SA,2023-08-11,30.6100006103516,31.0400009155273,30.1599998474121,30.5599994659424,39403200,19.5177459716797,-0.00228531392085629,-0.00228533126810793,2.35453532308041
PETR4.SA,2023-08-14,30.4799995422363,30.7399997711182,30.2700004577637,30.6399993896484,27992700,19.5688400268555,0.00261782560598545,0.00261779859633871,2.36069908593937
PETR4.SA,2023-08-15,32.0499992370605,32.1500015258789,30.8500003814697,30.8600006103516,87366200,19.7093486785889,0.00718022384262795,0.00718019664117398,2.3776494338015
PETR4.SA,2023-08-16,31,31.9799995422363,30.8799991607666,31.5400009155273,74461000,20.1436443328857,0.0220350079233551,0.0220350062127894,2.43004095791428
PETR4.SA,2023-08-17,31.75,32.189998626709,31.3099994659424,31.4400005340576,57570600,20.079776763916,-0.00317060646595402,-0.00317058904777956,2.42233625434058
PETR4.SA,2023-08-18,31.4099998474121,31.6800003051758,31.1800003051758,31.5200004577637,45579700,20.1308689117432,0.00254445796025804,0.00254452679221151,2.42849978710536
PETR4.SA,2023-08-21,31.7000007629395,32.0299987792969,30.9699993133545,31.2999992370606,42236900,19.9903602600098,-0.00697976090100283,-0.00697973405799668,2.41154943924323
PETR4.SA,2023-08-22,30.5,30.6100006103516,30.2399997711182,30.6100006103516,31372200,20.2948875427246,0.0152337065842703,-0.0220446850967331,2.44828627581412
PETR4.SA,2023-08-23,31.2000007629395,32.2400016784668,31.0900001525879,32.2400016784668,95507400,21.375602722168,0.0532506118680505,0.0532506055411188,2.57865901802938
PETR4.SA,2023-08-24,32.2700004577637,32.7200012207031,31.8400001525879,32.189998626709,49332300,21.3424491882324,-0.00155099878896814,-0.00155096306310709,2.57465952101525
PETR4.SA,2023-08-25,32.3800010681152,32.4700012207031,31.7999992370606,31.9699993133545,34079000,21.1965847015381,-0.0068344774026573,-0.0068343995880743,2.55706306869933
PETR4.SA,2023-08-28,32.0999984741211,32.3400001525879,31.8600006103516,32.3300018310547,24956100,21.4352722167969,0.0112606591401241,0.0112606357657885,2.58585728431576
PETR4.SA,2023-08-29,32.4000015258789,32.5,31.9899997711182,32.4000015258789,40607500,21.4816875457764,0.00216537156654906,0.00216516210515594,2.59145662615437
PETR4.SA,2023-08-30,32.4099998474121,32.7000007629395,32.2999992370606,32.6199989318848,34637900,21.6275463104248,0.0067899118417778,0.00679004307546527,2.60905238818775
PETR4.SA,2023-08-31,32.7099990844727,32.7900009155273,31.8799991607666,31.9400005340576,48971500,21.176700592041,-0.0208459023466049,-0.0208460582493298,2.55466433688641
PETR4.SA,2023-09-01,32.2099990844727,32.689998626709,31.9599990844727,32.6300010681152,50089200,21.6341762542725,0.0216027827490455,0.0216030219950019,2.6098521955529
PETR4.SA,2023-09-04,32.6800003051758,32.7200012207031,32.2099990844727,32.2900009155273,21667400,21.4087524414063,-0.0104198010692315,-0.0104198633606581,2.58265805485514
PETR4.SA,2023-09-05,32.2700004577637,33.4900016784668,32.2200012207031,33.3699989318848,75082900,22.1248073577881,0.0334468306054549,0.0334468252008653,2.6690397813277
PETR4.SA,2023-09-06,33.3499984741211,33.7999992370606,33.2200012207031,33.5200004577637,57856500,22.2242660522461,0.00449534736504709,0.00449510130896602,2.68103804227589
PETR4.SA,2023-09-08,33.4799995422363,33.6699981689453,33.2599983215332,33.4000015258789,39074100,22.1446971893311,-0.00358026954536916,-0.00357992035340116,2.67143920342316
PETR4.SA,2023-09-11,33.4700012207031,33.689998626709,33.3300018310547,33.3699989318848,30276200,22.1248073577881,-0.000898175819380898,-0.000898281216271668,2.6690397813277
PETR4.SA,2023-09-12,33.5499992370606,33.7799987792969,33.4900016784668,33.5299987792969,31963000,22.2308864593506,0.00479457741019207,0.00479472138248194,2.68183669917015
PETR4.SA,2023-09-13,33.6500015258789,33.7000007629395,33.0299987792969,33.0299987792969,47685700,21.8993854522705,-0.0149117313736558,-0.0149120196302759,2.64184587072412
PETR4.SA,2023-09-14,33.0999984741211,34,33.0999984741211,33.8699989318848,46502100,22.4563121795654,0.0254311578061739,0.0254314315359405,2.70903106996209
PETR4.SA,2023-09-15,33.8699989318848,33.9900016784668,33.6100006103516,33.8899993896484,54801500,22.469575881958,0.00059064472770598,0.000590506595642193,2.71063114488076
PETR4.SA,2023-09-18,34,34.7099990844727,33.8499984741211,34.1300010681152,52363400,22.6287021636963,0.00708185515268456,0.00708178467952725,2.72982744202116
PETR4.SA,2023-09-19,34.2099990844727,34.6199989318848,34.0699996948242,34.2099990844727,43247200,22.6817436218262,0.00234399028924326,0.00234392071063128,2.73622613103656
PETR4.SA,2023-09-20,34.1500015258789,34.6100006103516,34.0099983215332,34.2900009155273,39102300,22.7347831726074,0.00233842475541479,0.00233855110189118,2.74262458995779
PETR4.SA,2023-09-21,34,34.2900009155273,33.6300010681152,33.7599983215332,60109400,22.3833808898926,-0.0154565926601068,-0.0154564765191985,2.70023295885122
PETR4.SA,2023-09-22,34.0200004577637,34.189998626709,33.810001373291,34.0299987792969,31020500,22.5623970031738,0.00799772447968694,0.00799764428872796,2.72182867808709
PETR4.SA,2023-09-25,33.9500007629395,34.3300018310547,33.9300003051758,34.25,26767200,22.7082595825195,0.00646485297307664,0.00646492002923527,2.73942490030882
PETR4.SA,2023-09-26,34,34.0900001525879,33.4599990844727,33.4599990844727,60687500,22.1844806671143,-0.0230655684334554,-0.0230657201613823,2.67623850780244
PETR4.SA,2023-09-27,33.8600006103516,34.5200004577637,33.7799987792969,34.5200004577637,53708700,22.8872737884522,0.0316794939617269,0.031679659363258,2.76102038945051
PETR4.SA,2023-09-28,34.4500007629395,34.5400009155273,34.2099990844727,34.4500007629395,30765000,22.8408622741699,-0.00202783060626655,-0.00202780109779732,2.75542150780025
PETR4.SA,2023-09-29,34.5,34.689998626709,34.25,34.6399993896484,40227600,22.9668407440186,0.00551548660188272,0.00551519949205281,2.77061899820906
PETR4.SA,2023-10-02,34.5499992370605,34.7700004577637,33.9300003051758,34.1199989318848,34403400,22.6220703125,-0.015011661175399,-0.0150115608234989,2.72902740456183
PETR4.SA,2023-10-03,33.9700012207031,34.2299995422363,33.6300010681152,33.9700012207031,37947300,22.5226154327393,-0.00439636507122809,-0.00439618159077582,2.71702960380199
PETR4.SA,2023-10-04,33.5999984741211,33.7099990844727,32.3899993896484,32.6199989318848,88895900,21.6275463104248,-0.0397409050910387,-0.0397410138447566,2.60905238818775
PETR4.SA,2023-10-05,32.5099983215332,32.939998626709,32.2900009155273,32.7299995422363,35342000,21.700475692749,0.00337205993123058,0.00337218313775112,2.61785026920444
PETR4.SA,2023-10-06,32.5999984741211,33.8199996948242,32.3300018310547,33.5099983215332,48132800,22.2176303863525,0.0238314911122579,0.0238313104248697,2.68023754462821
PETR4.SA,2023-10-09,34.1500015258789,35.0800018310547,34.0999984741211,34.9500007629395,77528400,23.1723766326904,0.042972460597074,0.0429723220988918,2.79541394690554
PETR4.SA,2023-10-10,34.9000015258789,35.3400001525879,34.7400016784668,35.2099990844727,48326500,23.3447570800781,0.00743904909367421,0.00743915066831424,2.81620916849371
PETR4.SA,2023-10-11,35.1399993896484,35.25,34.4900016784668,35.1199989318848,41578500,23.2850818634033,-0.00255625777000401,-0.00255609641942822,2.80901021192479
PETR4.SA,2023-10-13,35.7900009155273,36.3600006103516,35.7799987792969,36.2799987792969,66943700,24.0541820526123,0.0330297395440022,0.033029609416046,2.90179108760111
PETR4.SA,2023-10-16,36.4000015258789,36.7999992370606,35.9599990844727,36.6800003051758,49626600,24.3193893432617,0.0110254129643379,0.0110254007535184,2.93378453267815
PETR4.SA,2023-10-17,36.7000007629395,37.6699981689453,36.6300010681152,37.6699981689453,68814800,24.9757690429688,0.0269899745607263,0.0269901269229225,3.01296730258178
PETR4.SA,2023-10-18,37.9900016784668,38.6100006103516,37.9099998474121,38.5200004577637,85931700,25.5393333435059,0.022564442342798,0.0225644366906046,3.08095322956163
PETR4.SA,2023-10-19,38.3600006103516,38.4700012207031,37.9199981689453,38.3400001525879,56016600,25.4199867248535,-0.00467305144762875,-0.0046729050632579,3.06655577661215
PETR4.SA,2023-10-20,38.689998626709,38.8600006103516,37.3899993896484,37.8499984741211,66242400,25.0951118469238,-0.0127802929815086,-0.012780429747435,3.02736429534291
PETR4.SA,2023-10-23,36.5900001525879,36.7999992370606,35.2599983215332,35.3499984741211,104499100,23.4375762939453,-0.0660501361017722,-0.0660502008133318,2.82740647160586
PETR4.SA,2023-10-24,35.6500015258789,36.189998626709,35.1699981689453,35.8800010681152,78634900,23.7889747619629,0.0149929524968995,0.0149930018917015,2.86979764252407
PETR4.SA,2023-10-25,36.0800018310547,36.2799987792969,35.75,36.0699996948242,32846500,23.9149475097656,0.00529542567778729,0.00529539077627916,2.88499444265035
PETR4.SA,2023-10-26,35.8499984741211,35.9300003051758,35.1500015258789,35.7000007629395,47858600,23.6696338653564,-0.0102577538298592,-0.0102578024678458,2.85540087985713
PETR4.SA,2023-10-27,36.2099990844727,36.4599990844727,35.1699981689453,35.439998626709,45843100,23.4972457885742,-0.00728309012986206,-0.00728297284801127,2.83460473789224
PETR4.SA,2023-10-30,35.5800018310547,35.7200012207031,34.8600006103516,35.0800018310547,31346900,23.2585639953613,-0.010157862558043,-0.0101579235215599,2.80581121255836
PETR4.SA,2023-10-31,35.0099983215332,35.1800003051758,34.4900016784668,34.7400016784668,36965200,23.0331363677979,-0.00969224186017825,-0.00969213611291508,2.77861661167224
PETR4.SA,2023-11-01,35.0200004577637,35.5400009155273,34.9000015258789,35.1199989318848,46335300,23.2850818634033,0.0109383929128171,0.0109383199498665,2.80901021192479
PETR4.SA,2023-11-03,35.7900009155273,35.8899993896484,35.0499992370606,35.5400009155273,30959700,23.5635490417481,0.0119590379788352,0.0119590545676602,2.84260327173214
PETR4.SA,2023-11-06,35.7400016784668,36.1300010681152,35.5099983215332,35.5099983215332,33583600,23.5436553955078,-0.000844255090987733,-0.000844192268465327,2.84020338944832
PETR4.SA,2023-11-07,35.0699996948242,35.4199981689453,34.6599998474121,34.9199981689453,48919900,23.1524810791016,-0.0166148505758748,-0.0166150430998504,2.79301383452754
PETR4.SA,2023-11-08,34.5999984741211,34.7999992370606,33.9099998474121,34.1699981689453,59742900,22.6552181243897,-0.0214777393840855,-0.0214776643564369,2.73302621129341
PETR4.SA,2023-11-09,34.5,35.1500015258789,34.3600006103516,34.8800010681152,56231100,23.1259613037109,0.0207785763410728,0.0207785465969148,2.78981460506693
PETR4.SA,2023-11-10,34.6599998474121,35.060001373291,34.5099983215332,34.7200012207031,40004800,23.0198802947998,-0.00458709618674791,-0.00458715144817956,2.77701745713029
PETR4.SA,2023-11-13,34.6800003051758,35.75,34.6699981689453,35.689998626709,44120000,23.6630020141602,0.0279376656665602,0.0279377123243723,2.8546008423978
PETR4.SA,2023-11-14,35.689998626709,36.2400016784668,35.4900016784668,36.1800003051758,50888600,23.9878845214844,0.0137295558327639,0.0137293835057786,2.89379324404375
PETR4.SA,2023-11-16,35.9799995422363,36.4900016784668,35.5,35.5499992370606,72361200,23.5701808929443,-0.0174131081949277,-0.0174129646987623,2.84340330919147
PETR4.SA,2023-11-17,35.8300018310547,36.9199981689453,35.8199996948242,36.7099990844727,87666300,24.3392772674561,0.0326300582080787,0.0326300948609535,2.93618372467943
PETR4.SA,2023-11-20,36.7700004577637,37.2200012207031,36.2700004577637,36.7400016784668,67796900,24.3591709136963,0.000817347451266937,0.000817286699601905,2.93858360696325
PETR4.SA,2023-11-21,36.5400009155273,36.5400009155273,35.9099998474121,36.3600006103516,49597800,24.1072235107422,-0.0103430204519991,-0.010342979062463,2.90818977661652
PETR4.SA,2023-11-22,34.9000015258789,35.1599998474121,34.25,35.1599998474121,58578300,24.225212097168,0.00489432498824294,-0.0330033207589611,2.92242340251077
PETR4.SA,2023-11-23,35.1300010681152,35.25,34.810001373291,35.1699981689453,24068100,24.2321014404297,0.000284387324828606,0.000284366370210343,2.92325450268422
PETR4.SA,2023-11-24,34.9799995422363,35.8199996948242,34.7099990844727,35.2700004577637,53456200,24.3009986877441,0.00284322214001231,0.00284339761230523,2.93156596460715
PETR4.SA,2023-11-27,35,35.4000015258789,34.75,35.0699996948242,36996000,24.1632041931152,-0.00567032229413689,-0.00567056309451874,2.9149430407613
PETR4.SA,2023-11-28,35.1699981689453,35.6199989318848,35.1500015258789,35.5999984741211,36875900,24.5283718109131,0.015112549431747,0.0151125972029904,2.95899526155553
PETR4.SA,2023-11-29,35.9000015258789,36.0299987792969,34.939998626709,35.2299995422363,37528600,24.2734432220459,-0.010393212840722,-0.0103932288692016,2.9282417940075
PETR4.SA,2023-11-30,35.4599990844727,35.9199981689453,35.2400016784668,35.9099998474121,58808800,24.7419605255127,0.0193016416822676,0.0193017403920357,2.98476166787447
PETR4.SA,2023-12-01,35.7200012207031,36,35.5299987792969,35.6699981689453,36388100,24.576602935791,-0.00668328564954146,-0.00668342187375681,2.96481365305226
PETR4.SA,2023-12-04,35.439998626709,35.5499992370606,34.8499984741211,34.9099998474121,35601900,24.0529651641846,-0.0213063527524331,-0.0213063739990563,2.9016442875151
PETR4.SA,2023-12-05,34.9199981689453,35.1699981689453,34.6800003051758,34.75,43234200,23.9427223205566,-0.00458333693477775,-0.0045832096279419,2.88834507408055
PETR4.SA,2023-12-06,34.5499992370605,34.7999992370606,33.5,33.5,64179200,23.081470489502,-0.0359713410832668,-0.0359712230215827,2.78444742825462
PETR4.SA,2023-12-07,33.6500015258789,34.1800003051758,33.0400009155273,33.4199981689453,64723900,23.0263500213623,-0.0023880830367683,-0.00238811435984143,2.77779793658444
PETR4.SA,2023-12-08,33.7099990844727,34.5400009155273,33.4799995422363,34.4900016784668,53290700,23.7635841369629,0.0320169768511567,0.0320168632000633,2.86673462881725
PETR4.SA,2023-12-11,34.4599990844727,34.689998626709,34.2400016784668,34.3600006103516,30613300,23.6740131378174,-0.00376925461366684,-0.0037692392516292,2.85592917609142
PETR4.SA,2023-12-12,34.5499992370605,34.5999984741211,33.7999992370606,34.0800018310547,30371500,23.4810924530029,-0.0081490486505762,-0.00814897480567911,2.83265607029285
PETR4.SA,2023-12-13,34.2099990844727,34.6199989318848,34.1399993896484,34.5699996948242,38992900,23.8187065124512,0.0143781240214429,0.0143778708169855,2.87338435058162
PETR4.SA,2023-12-14,35,35.7400016784668,34.8400001525879,35.3199996948242,57950000,24.3354530334473,0.021694986699885,0.0216951115597577,2.93572238585114
PETR4.SA,2023-12-15,35.2799987792969,35.7900009155273,35,35.4000015258789,56570100,24.3905735015869,0.00226502740934764,0.00226505752395045,2.94237187752133
PETR4.SA,2023-12-18,35.75,36.2999992370606,35.5800018310547,35.8400001525879,44474300,24.693733215332,0.0124293802983104,0.0124293392017887,2.9789437365661
PETR4.SA,2023-12-19,35.9599990844727,36.25,35.810001373291,36.25,32183000,24.9762172698975,0.0114395037843058,0.0114397278366782,3.01302137471378
PETR4.SA,2023-12-20,36.3699989318848,36.7400016784668,36.2900009155273,36.3800010681152,38947900,25.0657920837402,0.0035864043331626,0.00358623636179956,3.02382728762796
PETR4.SA,2023-12-21,36.6699981689453,36.6800003051758,36.0699996948242,36.3899993896484,30511900,25.0726776123047,0.000274698223836189,0.000274830160518214,3.02465792761306
PETR4.SA,2023-12-22,36.5,36.7999992370606,36.3699989318848,36.7400016784668,31234700,25.3138313293457,0.0096181876052468,0.00961808998869951,3.05374965500254
PETR4.SA,2023-12-26,36.8600006103516,37.3699989318848,36.8300018310547,37.3300018310547,23466800,25.7203464508057,0.0160590120148545,0.0160587949274289,3.10278985740259
PETR4.SA,2023-12-27,37.3199996948242,37.4300003051758,37.1300010681152,37.3600006103516,19588500,25.7410125732422,0.000803493159629465,0.000803610442684732,3.10528292782878
PETR4.SA,2023-12-28,37.2299995422363,37.3600006103516,37.0400009155273,37.2400016784668,21421900,25.6583385467529,-0.00321176279503466,-0.00321196279240732,3.09530949565312
PETR4.SA,2024-01-02,37.439998626709,37.8899993896484,37.4000015258789,37.7799987792969,24043800,26.0303936004639,0.0145003564058914,0.0145004585524045,3.14019258652663
PETR4.SA,2024-01-03,37.7999992370606,39.1199989318848,37.6699981689453,38.9599990844727,52300200,26.8434047698975,0.0312331492912619,0.0312334659423656,3.23827069038493
PETR4.SA,2024-01-04,39.1199989318848,39.3499984741211,38.5099983215332,38.6300010681152,45344900,26.616039276123,-0.0084700691184072,-0.00847017515688142,3.21084231381326
PETR4.SA,2024-01-05,38.8699989318848,39.1399993896484,38.4099998474121,38.7200012207031,35783700,26.6780490875244,0.00232979109919618,0.0023297993812943,3.2183229056569
PETR4.SA,2024-01-08,38.3800010681152,38.4300003051758,37.6100006103516,38.4300003051758,35158100,26.4782371520996,-0.00748975064740565,-0.00748969283018208,3.1942184695907
PETR4.SA,2024-01-09,38.6699981689453,38.75,38.0299987792969,38.0999984741211,27279000,26.2508678436279,-0.00858702590982918,-0.00858708895222782,3.16678963283067
PETR4.SA,2024-01-10,38.0999984741211,38.2700004577637,37.5099983215332,37.75,27382000,26.0097236633301,-0.00918614126337869,-0.00918631202462716,3.13769905591208
PETR4.SA,2024-01-11,37.9799995422363,38.1500015258789,37.7000007629395,38.0699996948242,26564400,26.2302017211914,0.00847675510571344,0.00847681310792625,3.16429656240448
PETR4.SA,2024-01-12,38.5,38.7299995422363,38.1699981689453,38.1699981689453,24479500,26.2990970611572,0.00262656538817851,0.00262670015557398,3.17260779423322
PETR4.SA,2024-01-15,37.9900016784668,38.6199989318848,37.8600006103516,38.5800018310547,13818300,26.5815906524658,0.0107415699729794,0.0107415164206885,3.2066865828518
PETR4.SA,2024-01-16,38.6100006103516,38.7900009155273,38.0800018310547,38.0999984741211,31277700,26.2508678436279,-0.0124417990315869,-0.0124417660485235,3.16678963283067
PETR4.SA,2024-01-17,37.9700012207031,38.1500015258789,37.8199996948242,37.8800010681152,27577300,26.0992908477783,-0.00577417084846599,-0.00577421036264059,3.14850404844955
PETR4.SA,2024-01-18,38.1399993896484,38.1399993896484,37.560001373291,37.7299995422363,22987200,25.9959449768066,-0.00395971950251195,-0.00395991345431002,3.13603685556517
PETR4.SA,2024-01-19,37.810001373291,37.9000015258789,37.2299995422363,37.5299987792969,31745200,25.8581409454346,-0.00530098180677863,-0.00530084191269509,3.11941278124843
PETR4.SA,2024-01-22,37.5,37.810001373291,37.2299995422363,37.7000007629395,22753700,25.9752731323242,0.00452979922790342,0.00452976256786775,3.13354309485644
PETR4.SA,2024-01-23,37.8400001525879,38.3699989318848,37.4300003051758,38.1699981689453,32498500,26.2990970611572,0.0124666226677723,0.012466774442824,3.17260779423322
PETR4.SA,2024-01-24,38.2900009155273,38.5400009155273,37.7700004577637,37.8800010681152,25415300,26.0992908477783,-0.00759745526297984,-0.00759751414046483,3.14850404844955
PETR4.SA,2024-01-25,38.2599983215332,39.2799987792969,38.1300010681152,39.2799987792969,48655300,27.0638866424561,0.0369586974720366,0.0369587558528361,3.26486865706568
PETR4.SA,2024-01-26,39.0999984741211,40.0900001525879,38.9099998474121,39.9599990844727,41378200,27.5324058532715,0.0173116011386349,0.0173116172685368,3.32138876102683
PETR4.SA,2024-01-29,40,40.5900001525879,39.8300018310547,40.5699996948242,30547500,27.9527015686035,0.0152654917834612,0.0152652808890728,3.37209139386797
PETR4.SA,2024-01-30,40.1699981689453,40.7400016784668,40.0499992370605,40.3199996948242,34829000,27.7804489135742,-0.00616229006010538,-0.00616218885581832,3.35131158858977
PETR4.SA,2024-01-31,40.2299995422363,41.2400016784668,40.1800003051758,40.7599983215332,57978900,28.0836048126221,0.0109125630039666,0.0109126644354975,3.38788298744618
PETR4.SA,2024-02-01,40.7799987792969,41.8800010681152,40.6699981689453,41.5699996948242,61629200,28.6416931152344,0.0198723884036951,0.0198724584555023,3.45520831403898
PETR4.SA,2024-02-02,41.5800018310547,41.7799987792969,41.0200004577637,41.0299987792969,36485600,28.2696361541748,-0.0129900477448267,-0.0129901592372293,3.41032499307129
PETR4.SA,2024-02-05,41.0099983215332,41.6800003051758,40.9300003051758,41.2099990844727,27703000,28.3936595916748,0.00438716072692302,0.00438704144604096,3.42528663694694
PETR4.SA,2024-02-06,41.4500007629395,42.3499984741211,41.2700004577637,41.5900001525879,35474600,28.6554756164551,0.00922093272038249,0.00922108897251617,3.45687097457425
PETR4.SA,2024-02-07,41.5200004577637,42.2000007629395,41.4199981689453,42.2000007629395,30648100,29.0757694244385,0.0146671377438961,0.0146670018781812,3.50757337732121
PETR4.SA,2024-02-08,42.2999992370606,42.4500007629395,41.8600006103516,41.8600006103516,25589100,28.8415088653565,-0.00805689973882973,-0.0080568755080801,3.47931321029354
PETR4.SA,2024-02-09,42.1399993896484,42.3300018310547,41.2999992370605,41.2999992370605,30388000,28.4556655883789,-0.013378054483169,-0.0133779590331046,3.43276676860223
PETR4.SA,2024-02-14,41.0999984741211,41.4000015258789,40.8600006103516,40.9900016784668,18315300,28.2420806884766,-0.00750588311628075,-0.00750599429347143,3.40700082247165
PETR4.SA,2024-02-15,41.0099983215332,42.2999992370606,40.8499984741211,42.2999992370606,33246400,29.1446685791016,0.0319589728738816,0.0319589535240719,3.51588506933831
PETR4.SA,2024-02-16,42.0900001525879,42.8899993896484,42.060001373291,42.689998626709,37268900,29.4133739471436,0.00921970916611037,0.00921984389320607,3.54830050713908
PETR4.SA,2024-02-19,42.7599983215332,42.939998626709,42.560001373291,42.9000015258789,12826700,29.5580711364746,0.0049194352742763,0.00491925289120365,3.56575614181763
PETR4.SA,2024-02-20,42.7700004577637,42.8199996948242,42.0999984741211,42.4500007629395,42375400,29.2480163574219,-0.0104896824160534,-0.0104895279005526,3.52835249231687
PETR4.SA,2024-02-21,42.4500007629395,42.7200012207031,42.1300010681152,42.5099983215332,20873800,29.2893543243408,0.00141335967587608,0.00141337002392072,3.53333932345179
PETR4.SA,2024-02-22,42.6699981689453,42.6800003051758,41.7999992370606,42.189998626709,32162800,29.0688743591309,-0.0075276485363398,-0.00752763367346743,3.50674158686522
PETR4.SA,2024-02-23,42.1399993896484,42.2400016784668,41.6100006103516,41.9000015258789,43924500,28.8690700531006,-0.00687347929478777,-0.00687359825241829,3.48263807117573
PETR4.SA,2024-02-26,41.9000015258789,42.7299995422363,41.8300018310547,42.689998626709,25885700,29.4133739471436,0.0188542233276583,0.0188543453952417,3.54830050713908
PETR4.SA,2024-02-27,42.7000007629395,42.8199996948242,42.3800010681152,42.6300010681152,27678100,29.3720359802246,-0.00140541397913851,-0.00140542423339907,3.54331367600416
PETR4.SA,2024-02-28,42.5200004577637,42.939998626709,39.8300018310547,40.4300003051758,112322000,27.8562412261963,-0.0516067308050713,-0.0516068662401448,3.36045484096869
PETR4.SA,2024-02-29,40.5900001525879,41.2400016784668,39.8499984741211,40.1399993896484,61899800,27.6564235687256,-0.00717317371888615,-0.00717291400787401,3.33634971461995
PETR4.SA,2024-03-01,40.3499984741211,40.8499984741211,40.1399993896484,40.1800003051758,31248500,27.6839904785156,0.000996763363908526,0.000996535030781676,3.33967526578467
PETR4.SA,2024-03-04,40.2700004577637,40.75,40.0200004577637,40.0800018310547,21988000,27.6150913238525,-0.00248877251697355,-0.00248876240322504,3.33136357376756
PETR4.SA,2024-03-05,40.0999984741211,40.3699989318848,39.6100006103516,39.9599990844727,30293300,27.5324058532715,-0.00299421318623827,-0.00299408036675919,3.32138876102684
PETR4.SA,2024-03-06,40.2000007629395,40.8400001525879,40.1100006103516,40.8400001525879,45481000,28.138729095459,0.0220221670935254,0.0220220492561818,3.39453293930473
PETR4.SA,2024-03-07,40.6399993896484,40.939998626709,40.2799987792969,40.3899993896484,50199800,27.8286800384522,-0.0110185877960235,-0.0110186278466734,3.3571299800865
PETR4.SA,2024-03-08,35.9000015258789,37.060001373291,35.0999984741211,36.7000007629395,230369800,25.2862720489502,-0.0913592734541844,-0.0913592147182526,3.05042502421454
PETR4.SA,2024-03-11,35.6699981689453,37.7400016784668,35.2999992370606,35.6500015258789,127528700,24.5628242492676,-0.0286102988325894,-0.0286103328401253,2.96315145270535
PETR4.SA,2024-03-12,36.3499984741211,37.2299995422363,36.1599998474121,36.8199996948242,76139100,25.368953704834,0.0328190865751297,0.0328190215671096,3.06039937676691
PETR4.SA,2024-03-13,36.9000015258789,37.3300018310547,36.310001373291,36.3800010681152,45140600,25.0657920837402,-0.0119501034461655,-0.0119499899607776,3.02382728762797
PETR4.SA,2024-03-14,36.7400016784668,36.9199981689453,36.1500015258789,36.2200012207031,39983400,24.9555530548096,-0.0043979870479407,-0.00439801656719407,3.01052853438177
PETR4.SA,2024-03-15,36.2999992370606,36.4500007629395,35.939998626709,36.3199996948242,59362500,25.0244483947754,0.00276072182469789,0.00276086335590553,3.01883976621051
PETR4.SA,2024-03-18,36.4099998474121,36.7200012207031,35.5,36.3400001525879,35326100,25.0382308959961,0.000550761439504166,0.000550673401203961,3.02050242674578
PETR4.SA,2024-03-19,36.3899993896484,36.8499984741211,35.560001373291,36.0699996948242,48540800,24.852201461792,-0.00742981542812793,-0.00742984195459462,2.99806065121485
PETR4.SA,2024-03-20,36.2299995422363,36.7400016784668,35.810001373291,36.7000007629395,39017900,25.2862720489502,0.0174660819414951,0.0174660680190035,3.05042502421454
PETR4.SA,2024-03-21,36.8499984741211,37.060001373291,35.6800003051758,35.7000007629395,47220200,24.5972728729248,-0.0272479539368871,-0.0272479558368245,2.96730718366682
PETR4.SA,2024-03-22,35.9000015258789,36.2200012207031,35.4300003051758,36.0499992370606,34426800,24.8384208679199,0.00980385086757152,0.00980387861740417,2.99639822077376
PETR4.SA,2024-03-25,36.1800003051758,36.8300018310547,36.1599998474121,36.5999984741211,26951500,25.2173690795898,0.0152565339674775,0.0152565672316334,3.04211287200908
PETR4.SA,2024-03-26,36.6699981689453,36.6699981689453,36.1699981689453,36.2599983215332,24837800,24.9831104278564,-0.00928957541106068,-0.00928962204269757,3.0138529350756
PETR4.SA,2024-03-27,36.2799987792969,36.6599998474121,36.1199989318848,36.5499992370606,19995700,25.1829204559326,0.00799780430275732,0.00799781933125798,3.03795714104762
PETR4.SA,2024-03-28,36.5,37.5200004577637,36.4700012207031,37.3600006103516,31958200,25.7410125732422,0.0221615327851339,0.0221614607441551,3.10528292782878
PETR4.SA,2024-04-01,37.5,37.7099990844727,37.2099990844727,37.6500015258789,23697800,25.9408264160156,0.0077624701905139,0.00776233701256923,3.12938759398916
PETR4.SA,2024-04-02,37.8199996948242,38.6500015258789,37.7700004577637,38.6199989318848,45930700,26.6091480255127,0.0257633121928782,0.025763542276064,3.21001098354563
PETR4.SA,2024-04-03,38.7000007629395,39.0099983215332,38.2200012207031,38.4199981689453,31437200,26.4713478088379,-0.00517867827044605,-0.0051786838029747,3.19338736941724
PETR4.SA,2024-04-04,38.4700012207031,39.4799995422363,37.4300003051758,37.9799995422363,165566800,26.1681861877441,-0.0114524437245517,-0.0114523333596781,3.1568152802783
PETR4.SA,2024-04-05,37.9000015258789,38.5699996948242,37.1699981689453,38.0999984741211,65469200,26.2508678436279,0.00315962502294154,0.00315952957691112,3.16678963283067
PETR4.SA,2024-04-08,38.0299987792969,39.060001373291,37.7299995422363,38.6300010681152,36384400,26.616039276123,0.0139108327644779,0.0139108297958106,3.21084231381326
PETR4.SA,2024-04-09,38.9000015258789,39.1399993896484,38.060001373291,38.7299995422363,36989300,26.6849384307861,0.00258863288967626,0.00258862209050337,3.21915400583036
PETR4.SA,2024-04-10,38.7299995422363,39.7299995422363,38.6599998474121,39.5900001525879,55821500,27.2774791717529,0.0222050630734523,0.0222050250585133,3.29063552357298
PETR4.SA,2024-04-11,39.5999984741211,39.7599983215332,39.2000007629395,39.2999992370606,33195300,27.0776710510254,-0.00732502147538805,-0.00732510518842189,3.26653154769514
PETR4.SA,2024-04-12,39.7200012207031,40.0499992370605,38.7000007629395,38.939998626709,39613500,26.8296279907227,-0.00916042815629603,-0.00916032105191689,3.2366087201322
PETR4.SA,2024-04-15,38.939998626709,39.4500007629395,38.6300010681152,39.310001373291,28692000,27.0845603942871,0.00950189855977901,0.0095018685061854,3.26736264786859
PETR4.SA,2024-04-16,39.0099983215332,39.7099990844727,38.9500007629395,39.4900016784668,37303000,27.2085819244385,0.00457904903553574,0.00457899513832327,3.28232406165006
PETR4.SA,2024-04-17,39.4900016784668,39.9500007629395,39.3400001525879,39.7799987792969,39221700,27.4083919525147,0.00734363990858,0.00734355757164251,3.30642826762209
PETR4.SA,2024-04-18,40,40.5900001525879,39.6500015258789,39.8499984741211,45078800,27.4566192626953,0.00175958189244452,0.00175967061267612,3.31224619893046
PETR4.SA,2024-04-19,40.0499992370605,41.0699996948242,39.8400001525879,40.5299987792969,80546900,27.9251403808594,0.017064049790013,0.0170639982738614,3.36876653298579
PETR4.SA,2024-04-22,40.7599983215332,41.5900001525879,40.5200004577637,41.5,51775500,28.5934658050537,0.0239327507428548,0.0239329200571949,3.44939038273061
PETR4.SA,2024-04-23,41.4000015258789,41.6300010681152,40.9599990844727,41.4199981689453,35456900,28.5383472442627,-0.00192766281523216,-0.00192775496517317,3.4427411211546
PETR4.SA,2024-04-24,41.5499992370606,41.9900016784668,41.2099990844727,41.2299995422363,45388300,28.4074325561523,-0.00458732550241392,-0.0045871230108222,3.42694814701132
PETR4.SA,2024-04-25,41.4000015258789,42.4799995422363,41.0800018310547,42.2200012207031,66372400,29.0895442962647,0.0240117349135298,0.0240116829846828,3.50923511747977
PETR4.SA,2024-04-26,41.2900009155273,41.7799987792969,41.0699996948242,41.6500015258789,31899100,29.500373840332,0.0141229281518906,-0.0135007029451414,3.55879579291203
PETR4.SA,2024-04-29,41.4799995422363,42.1500015258789,41.3199996948242,42.1500015258789,27886000,29.8545169830322,0.0120047001647152,0.0120048014809635,3.60151806935339
PETR4.SA,2024-04-30,42,42.2099990844727,41.6199989318848,42.0200004577637,36635400,29.7624378204346,-0.00308426234629722,-0.00308424824220743,3.59041004278257
PETR4.SA,2024-05-02,42.25,42.3800010681152,41.8400001525879,42.1800003051758,33244700,29.875768661499,0.00380784805828771,0.00380770694119659,3.60408177869244
PETR4.SA,2024-05-03,40.689998626709,40.689998626709,39.4500007629395,39.8899993896484,45114200,29.4957218170166,-0.012720905988678,-0.0542911545509482,3.55823459321018
PETR4.SA,2024-05-06,39.8699989318848,40.3600006103516,39.7200012207031,40.1599998474121,22977200,29.6953601837158,0.00676838383334788,0.00676862526685662,3.58231809070612
PETR4.SA,2024-05-07,40.1500015258789,40.6500015258789,40,40.6500015258789,23808600,30.0576820373535,0.0122012951314996,0.012201237059974,3.62602701098574
PETR4.SA,2024-05-08,40.3499984741211,41.3300018310547,40.310001373291,41.2700004577637,25352000,30.5161266326904,0.0152521606545439,0.0152521256731086,3.68133175749501
PETR4.SA,2024-05-09,41.060001373291,41.8400001525879,40.939998626709,41.6699981689453,27206400,30.8118953704834,0.0096922109857851,0.00969221484722316,3.71701200159732
PETR4.SA,2024-05-10,41.8400001525879,42.0900001525879,41.5,41.5800018310547,27968700,30.7453517913818,-0.00215967172098441,-0.00215973942513137,3.70898447589091
PETR4.SA,2024-05-13,41.7400016784668,41.9700012207031,41.5099983215332,41.6199989318848,18394300,30.7749309539795,0.000962069414536693,0.000961931194534138,3.71255277641416
PETR4.SA,2024-05-14,40.7599983215332,41.2999992370605,40.1599998474121,40.8699989318848,53613200,30.2203540802002,-0.0180204100086725,-0.0180201830669782,3.64565105320434
PETR4.SA,2024-05-15,37.5999984741211,38.810001373291,37.5,38.4000015258789,131281100,28.3939743041992,-0.0604354194909181,-0.0604354653916785,3.42532460248643
PETR4.SA,2024-05-16,38.2999992370605,38.6500015258789,37.2400016784668,37.2799987792969,83168500,27.5658168792725,-0.0291666610687987,-0.0291667370332585,3.32541932075509
PETR4.SA,2024-05-17,37.3499984741211,37.4199981689453,36.5099983215332,36.689998626709,67207900,27.1295528411865,-0.0158262691795641,-0.015826184868749,3.2727903394499
PETR4.SA,2024-05-20,36.7299995422363,37.2400016784668,36.6300010681152,36.75,40400400,27.1739196777344,0.00163536925240049,0.00163536046707113,3.27814256014059
PETR4.SA,2024-05-21,36.7900009155273,37.0900001525879,36.5699996948242,36.6800003051758,27967400,27.1221561431885,-0.00190489760622614,-0.001904753600659,3.27189803422491
PETR4.SA,2024-05-22,36.5,37.4599990844727,36.4099998474121,37.1800003051758,36528800,27.4918766021729,0.0136316765168845,0.0136314066477652,3.31649948982369
PETR4.SA,2024-05-23,37.439998626709,37.7099990844727,36.5699996948242,36.810001373291,47987800,27.2182903289795,-0.00995153139788707,-0.00995155806476033,3.28349524101963
PETR4.SA,2024-05-24,37.0699996948242,37.189998626709,36.5699996948242,36.6100006103516,23684700,27.0704021453857,-0.00543341193757096,-0.00543332669051655,3.26565465878012
PETR4.SA,2024-05-27,36.7200012207031,37.0800018310547,36.689998626709,37.0099983215332,13623300,27.3661670684814,0.0109257676153924,0.0109259138080577,3.30133444269407
PETR4.SA,2024-05-28,37.439998626709,38.2900009155273,37.4099998474121,37.7999992370606,46437700,27.9503192901611,0.0213457814613898,0.0213456079804171,3.37180400623878
PETR4.SA,2024-05-29,37.7099990844727,37.9199981689453,37.439998626709,37.75,29246800,27.9133472442627,-0.00132277722893315,-0.00132273116586534,3.3673438606789
PETR4.SA,2024-05-31,37.9300003051758,38.8899993896484,37.9000015258789,38.7900009155273,53929400,28.6823539733887,0.0275497854985498,0.0275496931265522,3.46011346174047
PETR4.SA,2024-06-03,38.8300018310547,38.9300003051758,38.439998626709,38.5800018310547,43454500,28.5270729064941,-0.00541381879041725,-0.00541374270472361,3.44138103446432
PETR4.SA,2024-06-04,38.4000015258789,38.4300003051758,37.7000007629395,38.1500015258789,34090200,28.2091236114502,-0.0111455281825135,-0.0111456787135157,3.40302502515793
PETR4.SA,2024-06-05,38.2599983215332,38.4300003051758,38.0699996948242,38.2000007629395,18627100,28.24609375,0.00131057380792932,0.00131059593868255,3.40748494062363
PETR4.SA,2024-06-06,38.2799987792969,38.7200012207031,38.2700004577637,38.3800010681152,25944100,28.3791904449463,0.00471203898579042,0.00471204977960138,3.42354114250734
PETR4.SA,2024-06-07,38.2200012207031,38.4700012207031,36.8600006103516,36.939998626709,46003600,27.3144111633301,-0.0375197200808745,-0.0375196039950753,3.29509083715511
PETR4.SA,2024-06-10,37.189998626709,38.060001373291,37.1199989318848,37.5,32560900,27.728494644165,0.0151598904460688,0.0151597562022137,3.34504405325623
PETR4.SA,2024-06-11,37.810001373291,38,37.5,37.6599998474121,31131300,27.8467998504639,0.00426655712172686,0.00426666259765618,3.35931587478414
PETR4.SA,2024-06-12,36.9500007629395,37.0499992370605,35.6100006103516,35.8199996948242,52182400,27.240873336792,-0.0217592871326571,-0.048858209241717,3.28621955609542
PETR4.SA,2024-06-13,35.9000015258789,36.189998626709,34.8499984741211,35.4599990844727,46233500,26.9670925140381,-0.0100503687737549,-0.0100502683813138,3.25319183768513
PETR4.SA,2024-06-14,35.4900016784668,35.5,34.1500015258789,34.6800003051758,53534900,26.373908996582,-0.0219965692314537,-0.0219965820483742,3.18163277820429
PETR4.SA,2024-06-17,34.4099998474121,35.1300010681152,34.2700004577637,34.810001373291,40941800,26.4727725982666,0.0037485380607547,0.00374858901301201,3.19355924976873
PETR4.SA,2024-06-18,34.8899993896484,36.1399993896484,34.8199996948242,35.9000015258789,36180700,27.3017101287842,0.0313128338726354,0.0313128442857296,3.29355864001916
PETR4.SA,2024-06-19,35.9000015258789,36.1199989318848,35.5699996948242,35.9300003051758,20776200,27.3245239257813,0.000835617874831218,0.000835620557710914,3.29631079649057
PETR4.SA,2024-06-20,36.2200012207031,36.8899993896484,36.2000007629395,36.5,39442900,27.7580051422119,0.015864181846611,0.0158641717223171,3.34860407038904
PETR4.SA,2024-06-21,36.5499992370606,36.9599990844727,36.3800010681152,36.689998626709,43340200,27.9024982452393,0.00520545703075803,0.00520544182764349,3.36603508499047
PETR4.SA,2024-06-24,36.8400001525879,37.060001373291,36.4799995422363,37.060001373291,24599400,28.1838798522949,0.0100844592689358,0.0100845669237142,3.39997972870287
PETR4.SA,2024-06-25,37.0499992370605,37.1199989318848,36.7599983215332,37.0299987792969,18572600,28.1610641479492,-0.00080953028700359,-0.000809568075617051,3.39722734213728
PETR4.SA,2024-06-26,36.7999992370606,37.1199989318848,36.7099990844727,37.0900001525879,25553200,28.2066993713379,0.00162050777445488,0.00162034499781183,3.40273257545681
PETR4.SA,2024-06-27,37.5099983215332,37.9599990844727,37.3199996948242,37.7099990844727,37731000,28.6782035827637,0.0167160363294721,0.0167160671160447,3.45961277680762
PETR4.SA,2024-06-28,37.7999992370606,38.1699981689453,37.7099990844727,38.0499992370606,22019700,28.9367713928223,0.00901617876142002,0.00901618034586193,3.49080526404861
PETR4.SA,2024-07-01,38.310001373291,38.7599983215332,38.1800003051758,38.6300010681152,24963500,29.3778533935547,0.0152429583364588,0.0152431496106251,3.54401546324919
PETR4.SA,2024-07-02,38.8300018310547,39.0999984741211,38.439998626709,38.5099983215332,33346200,29.286600112915,-0.00310619293442549,-0.00310646500812761,3.53300706745775
PETR4.SA,2024-07-03,38.7000007629395,38.7900009155273,37.7599983215332,37.8400001525879,38509400,28.7770652770996,-0.0173982242339811,-0.0173980316319743,3.47153901827788
PETR4.SA,2024-07-04,37.9000015258789,37.9599990844727,37.1199989318848,37.3199996948242,32698800,28.38161277771,-0.0137419328754258,-0.0137420839235411,3.42383336211429
PETR4.SA,2024-07-05,37.4500007629395,37.6500015258789,37.1100006103516,37.5200004577637,32758800,28.5337104797363,0.00535902251988363,0.00535907729300411,3.44218176220619
PETR4.SA,2024-07-08,37.4799995422363,38.5200004577637,37.2900009155273,38.439998626709,48845900,29.2333602905273,0.0245201131934063,0.024520206762283,3.52658444864776
PETR4.SA,2024-07-09,38.4500007629395,38.7000007629395,38.2700004577637,38.4300003051758,34832500,29.2257614135742,-0.000259938538628712,-0.000260102026285125,3.52566775343983
PETR4.SA,2024-07-10,38.4900016784668,38.560001373291,37.9799995422363,38.0699996948242,32899700,28.9519786834717,-0.00936785619468505,-0.00936769730660336,3.49263980493537
PETR4.SA,2024-07-11,38.1599998474121,38.4500007629395,38.1100006103516,38.3300018310547,17229400,29.1497097015381,0.00682962018686784,0.006829580727993,3.51649320825261
PETR4.SA,2024-07-12,38.4300003051758,38.5099983215332,38.1399993896484,38.1500015258789,15779100,29.0128211975098,-0.00469605033566067,-0.00469606826446711,3.49997957914165
PETR4.SA,2024-07-15,38.2999992370605,38.7299995422363,38.2000007629395,38.5,22969200,29.2789936065674,0.00917430287959942,0.00917427156283801,3.53208945187311
PETR4.SA,2024-07-16,38.3499984741211,38.5,38.1100006103516,38.4000015258789,19637000,29.2029418945313,-0.00259748381580549,-0.00259736296418422,3.52291490668589
PETR4.SA,2024-07-17,38.4300003051758,38.689998626709,38.3400001525879,38.5999984741211,24606100,29.3550415039063,0.00520836599012253,0.00520825365351629,3.54126353687197
PETR4.SA,2024-07-18,38.5,38.6599998474121,38.3499984741211,38.5299987792969,21315500,29.3018035888672,-0.00181358677459131,-0.00181346366816959,3.53484114815615
PETR4.SA,2024-07-19,38.5,38.7700004577637,38.3899993896484,38.689998626709,30593100,29.4234828948975,0.00415262172040842,0.00415260452845079,3.54952000628618
PETR4.SA,2024-07-22,38.5900001525879,38.5900001525879,37.8800010681152,37.9199981689453,25807800,28.837911605835,-0.019901494705919,-0.0199017959445498,3.47887925267252
PETR4.SA,2024-07-23,37.9199981689453,38,37.4300003051758,37.4300003051758,25284700,28.4652652740479,-0.0129220984126919,-0.0129218852170414,3.43392483260362
PETR4.SA,2024-07-24,37.6599998474121,38,37.5,37.7299995422363,23863800,28.6934185028076,0.00801514500438461,0.00801494081257226,3.46144823807109
PETR4.SA,2024-07-25,37.560001373291,37.75,37.2700004577637,37.6800003051758,19562600,28.655387878418,-0.00132541280802523,-0.00132518520188629,3.45686039024204
PETR4.SA,2024-07-26,37.6699981689453,38.1300010681152,37.4199981689453,37.6399993896484,32043200,28.6249694824219,-0.00106152448974539,-0.00106159541410222,3.45319084828016
PETR4.SA,2024-07-29,37.5099983215332,37.7200012207031,36.4199981689453,36.8800010681152,39790000,28.0469932556152,-0.0201913307597259,-0.0201912416008756,3.38346632968608
PETR4.SA,2024-07-30,36.5099983215332,36.7700004577637,36.3899993896484,36.6500015258789,16040700,27.8720798492432,-0.00623644056166528,-0.00623642992340301,3.3623655430286
PETR4.SA,2024-07-31,37.0499992370605,37.4099998474121,36.9599990844727,37.4099998474121,28561100,28.4500541687012,0.0207366770827366,0.0207366518387881,3.4320898315285
PETR4.SA,2024-08-01,37.75,37.8300018310547,36.7900009155273,36.8400001525879,29756300,28.0165767669678,-0.015236435022689,-0.0152365596671781,3.37979701781839
PETR4.SA,2024-08-02,36.7200012207031,36.7999992370606,35.7299995422363,35.7299995422363,36483900,27.1724262237549,-0.0301303956666171,-0.0301303096024441,3.27796239639866
PETR4.SA,2024-08-05,34.7999992370606,35.7000007629395,34.5999984741211,35.7000007629395,44765900,27.1496105194092,-0.000839663862101436,-0.000839596408654164,3.27521000983308
PETR4.SA,2024-08-06,35.5999984741211,36.6599998474121,35.3400001525879,36.3199996948242,36009000,27.621114730835,0.0173668867584198,0.0173669164883714,3.3320902111839
PETR4.SA,2024-08-07,36.7000007629395,36.75,36,36.2700004577637,25020500,27.5830917358398,-0.0013765916171613,-0.00137663098790364,3.32750328373156
PETR4.SA,2024-08-08,36.3499984741211,36.9500007629395,36.1599998474121,36.8499984741211,29870300,28.0241737365723,0.0159910283066385,0.0159911223886757,3.38071348293214
PETR4.SA,2024-08-09,36.1300010681152,36.9500007629395,35.5800018310547,36.5099983215332,66082100,27.7656116485596,-0.0092263946992045,-0.00922659882405874,3.34952168597368
PETR4.SA,2024-08-12,36.7999992370606,37.810001373291,36.7999992370606,37.3400001525879,39655100,28.3968200683594,0.0227334599283913,0.0227335488691371,3.42566790300104
PETR4.SA,2024-08-13,37.5299987792969,37.6300010681152,36.9700012207031,37.1100006103516,28557200,28.2219066619873,-0.00615961244783758,-0.00615960207007094,3.40456711634356
PETR4.SA,2024-08-14,37.189998626709,38,37.1599998474121,37.7599983215332,37955500,28.7162265777588,0.017515468451226,0.0175154325112117,3.46419970425996
PETR4.SA,2024-08-15,38.0499992370606,38.560001373291,38,38.3400001525879,33409000,29.1573162078857,0.0153602921655656,0.0153602186662156,3.51741082383726
PETR4.SA,2024-08-16,38.1699981689453,38.7700004577637,38.0299987792969,38.5,35472700,29.2789936065674,0.00417313437951927,0.00417318327530869,3.53208945187311
PETR4.SA,2024-08-19,38.5999984741211,38.7900009155273,38.4000015258789,38.439998626709,28138200,29.2333602905273,-0.00155856846219615,-0.00155847722833802,3.52658444864776
PETR4.SA,2024-08-20,38.5,38.6800003051758,37.8899993896484,38.2900009155273,27322600,29.119291305542,-0.0039020141322007,-0.00390212582050975,3.51282366629074
PETR4.SA,2024-08-21,38.6800003051758,38.7900009155273,37.939998626709,38.060001373291,38491900,28.9443817138672,-0.00600665688733693,-0.00600677818586992,3.49172333982161
PETR4.SA,2024-08-22,37.2799987792969,37.2999992370606,36.8600006103516,37.1199989318848,26334300,29.0329151153565,0.00305874218922564,-0.0246979087621869,3.50240362131423
PETR4.SA,2024-08-23,37.3699989318848,37.5299987792969,36.8899993896484,36.8899993896484,29239000,28.8530197143555,-0.00619625691344461,-0.00619610853595054,3.48070182866199
PETR4.SA,2024-08-26,37.8600006103516,39.6100006103516,37.7099990844727,39.5699996948242,102270300,30.9491500854492,0.0726485612890926,0.0726484236789606,3.73356980879059
PETR4.SA,2024-08-27,39.25,39.3699989318848,38.9500007629395,39.0400009155273,35073100,30.5346145629883,-0.0133940842096285,-0.0133939545965223,3.68356206036913
PETR4.SA,2024-08-28,38.939998626709,39.8600006103516,38.7799987792969,39.5999984741211,43284500,30.9726123809815,0.0143443047918499,0.0143441994226754,3.73640019728276
PETR4.SA,2024-08-29,39.6500015258789,39.8300018310547,39.2799987792969,39.3300018310547,25356600,30.7614402770996,-0.00681802688401911,-0.00681809730984839,3.71092532028823
PETR4.SA,2024-08-30,39.2200012207031,39.6500015258789,38.8800010681152,39.3699989318848,84437200,30.7927188873291,0.00101681228017059,0.00101696158067544,3.71469863472469
PETR4.SA,2024-09-02,39.3300018310547,39.4000015258789,38.8899993896484,39,15288400,30.5033340454102,-0.00939783339619371,-0.00939799192082558,3.67978851583848
PETR4.SA,2024-09-03,38.7900009155273,38.8199996948242,38.3800010681152,38.5299987792969,35866300,30.1357231140137,-0.0120515000376425,-0.0120513133513622,3.63544154440134
PETR4.SA,2024-09-04,38.7400016784668,38.9199981689453,38.5200004577637,38.5400009155273,28851300,30.1435470581055,0.000259623572402612,0.000259593473847852,3.63638539072236
PETR4.SA,2024-09-05,38.6500015258789,38.8899993896484,38.2999992370605,38.2999992370605,26206600,29.95583152771,-0.00622738691082581,-0.00622733971887646,3.61374021193745
PETR4.SA,2024-09-06,38.3699989318848,38.4500007629395,37.4700012207031,37.5499992370606,32971700,29.3692321777344,-0.0195821421092239,-0.0195822458208895,3.54297543756148
PETR4.SA,2024-09-09,37.8400001525879,38.25,37.6100006103516,37.9599990844727,30521800,29.6899089813232,0.0109188010652856,0.0109187711249659,3.5816604815434
PETR4.SA,2024-09-10,37.9199981689453,37.9199981689453,37,37.3300018310547,37263500,29.1971645355225,-0.0165963609423911,-0.0165963453269857,3.52221795141861
PETR4.SA,2024-09-11,37.7599983215332,37.8300018310547,36.8699989318848,37.2900009155273,32907000,29.1658763885498,-0.00107161594183536,-0.00107154871591963,3.51844348651125
PETR4.SA,2024-09-12,37.2900009155273,37.3199996948242,36.75,36.8699989318848,22103300,28.8373775482178,-0.0112631225599309,-0.0112631261284762,3.47881482630249
PETR4.SA,2024-09-13,37.1100006103516,37.5499992370606,36.5900001525879,36.7000007629395,34729600,28.7044181823731,-0.00461066078641892,-0.00461074515514293,3.46277519119964
PETR4.SA,2024-09-16,37.2400016784668,37.7200012207031,37.1599998474121,37.2099990844727,22614800,29.1033058166504,0.0138963845824367,0.0138964117419913,3.51089524697907
PETR4.SA,2024-09-17,37.1699981689453,37.189998626709,36.7000007629395,37.0400009155273,23443700,28.9703464508057,-0.00456853137861257,-0.00456861524127938,3.49485561187623
PETR4.SA,2024-09-18,36.9099998474121,36.9300003051758,36.1500015258789,36.1500015258789,38777000,28.2742443084717,-0.0240280917425696,-0.0240280606816979,3.41088090060703
PETR4.SA,2024-09-19,36.5699996948242,36.7799987792969,36.189998626709,36.2700004577637,25059700,28.3680973052979,0.00331938126452602,0.00331947238781893,3.42220291476403
PETR4.SA,2024-09-20,36.2700004577637,36.4000015258789,36.0699996948242,36.2599983215332,48336200,28.3602752685547,-0.000275733569967129,-0.000275768847649016,3.42125929853719
PETR4.SA,2024-09-23,36.3899993896484,36.9599990844727,36.2200012207031,36.6300010681152,28218500,28.6496677398682,0.0102041488868887,0.0102041578518857,3.45617033780012
PETR4.SA,2024-09-24,37.2299995422363,37.310001373291,36.7200012207031,36.7799987792969,35104100,28.7669849395752,0.00409488866580388,0.00409494149079359,3.47032297054347
PETR4.SA,2024-09-25,37.0999984741211,37.4300003051758,36.9599990844727,37.0499992370605,38655300,28.9781684875488,0.00734117768745035,0.00734095885603048,3.49579922810307
PETR4.SA,2024-09-26,36.9199981689453,36.9199981689453,35.9700012207031,36.25,58048200,28.3524551391602,-0.0215925774832016,-0.0215924224975508,3.42031591240453
PETR4.SA,2024-09-27,36.3800010681152,36.3800010681152,35.9300003051758,36.1100006103516,34537400,28.242956161499,-0.00386206334244033,-0.00386205212823276,3.40710643569967
PETR4.SA,2024-09-30,36.1599998474121,36.2799987792969,35.9199981689453,36.0099983215332,21146300,28.1647396087647,-0.00276941805550091,-0.00276937931675614,3.39767073361963
PETR4.SA,2024-10-01,36.0099983215332,37.5200004577637,35.8300018310547,36.9700012207031,49748200,28.9155941009522,0.0266593798706323,0.0266593430690572,3.48825052838253
PETR4.SA,2024-10-02,37.75,37.9300003051758,37.3499984741211,37.4799995422363,32014500,29.3144836425781,0.0137949626846103,0.0137949230374275,3.53637081425614
PETR4.SA,2024-10-03,37.439998626709,38.0400009155273,37.2099990844727,37.939998626709,31033000,29.6742610931397,0.0122730270452029,0.0122731881027449,3.57977278890137
PETR4.SA,2024-10-04,38.1500015258789,38.2000007629395,37.6699981689453,37.8400001525879,22526800,29.5960502624512,-0.00263564543167538,-0.00263570052031303,3.57033777710386
PETR4.SA,2024-10-07,38.0400009155273,38.3800010681152,37.9000015258789,38.3699989318848,36418000,30.0105876922607,0.0140065118870101,0.0140063101786385,3.62034575561951
PETR4.SA,2024-10-08,37.4700012207031,37.75,37.4500007629395,37.5999984741211,34142000,29.4083404541016,-0.020067825539934,-0.020067773760708,3.5476932886015
PETR4.SA,2024-10-09,37.3699989318848,37.5200004577637,37.0099983215332,37.2200012207031,30789800,29.1111297607422,-0.0101063402004353,-0.0101063103414621,3.51183909330009
PETR4.SA,2024-10-10,37.4000015258789,37.7400016784668,37.3199996948242,37.6500015258789,20630100,29.4474449157715,0.0115528032678016,0.0115529363533873,3.55241067945316
PETR4.SA,2024-10-11,37.5999984741211,37.6500015258789,37.3199996948242,37.6199989318848,16343000,29.423978805542,-0.000796881029801133,-0.000796881614294698,3.54957983077264
PETR4.SA,2024-10-14,37.4700012207031,37.9000015258789,37.3499984741211,37.7099990844727,22279000,29.4943752288818,0.00239248484391186,0.0023923486215629,3.55807214672002
PETR4.SA,2024-10-15,37.2099990844727,37.4099998474121,37.060001373291,37.4000015258789,28204600,29.2519149780273,-0.00822055897007335,-0.0082205665902918,3.52882280481813
PETR4.SA,2024-10-16,37.5499992370606,37.5800018310547,37.189998626709,37.2099990844727,23041200,29.1033058166504,-0.00508032248447943,-0.00508027897471552,3.51089524697907
PETR4.SA,2024-10-17,37.2099990844727,37.2099990844727,36.689998626709,36.9300003051758,22174300,28.8843059539795,-0.0075249136318255,-0.00752482628825746,3.48447606347517
PETR4.SA,2024-10-18,36.9799995422363,37.0699996948242,36.4099998474121,36.8300018310547,32000800,28.806095123291,-0.00270772753941495,-0.00270778427551432,3.47504105167766
PETR4.SA,2024-10-21,37,37.0499992370605,36.2000007629395,36.25,28390000,28.3524551391602,-0.0157480554788584,-0.0157480804295165,3.42031591240453
PETR4.SA,2024-10-22,36.2000007629395,36.2999992370606,35.9900016784668,36.1100006103516,29144300,28.242956161499,-0.00386206334244033,-0.00386205212823276,3.40710643569967
PETR4.SA,2024-10-23,35.9099998474121,35.939998626709,35.5699996948242,35.6599998474121,30769100,27.8909969329834,-0.0124618409809175,-0.0124619428228548,3.36464761709292
PETR4.SA,2024-10-24,35.8499984741211,36.0299987792969,35.560001373291,35.9000015258789,23058900,28.078706741333,0.00673012186694644,0.00673027704693641,3.38729210559529
PETR4.SA,2024-10-25,35.9599990844727,36.4900016784668,35.8499984741211,36.1500015258789,32585900,28.2742443084717,0.00696390930465585,0.00696378800484965,3.41088090060703
PETR4.SA,2024-10-28,35.4900016784668,36.1300010681152,35.3400001525879,36.0900001525879,27507100,28.2273120880127,-0.00165989300887959,-0.00165978895597174,3.40521920324599
PETR4.SA,2024-10-29,36.3300018310547,36.4199981689453,35.7999992370605,36.0099983215332,26090200,28.1647396087647,-0.00221673530419564,-0.00221673124733834,3.39767073361963
PETR4.SA,2024-10-30,36.1199989318848,36.3699989318848,35.8499984741211,35.8499984741211,26144700,28.0396022796631,-0.00444304938869811,-0.00444320618911087,3.38257471474362
PETR4.SA,2024-10-31,35.8699989318848,36.0499992370606,35.6300010681152,35.9099998474121,25597000,28.0865268707275,0.00167351129293603,0.00167367854518408,3.38823549172795
PETR4.SA,2024-11-01,36.2000007629395,36.3699989318848,35.2999992370606,35.4199981689453,30605300,27.7032794952393,-0.0136452391302148,-0.0136452709704511,3.34200220821384
PETR4.SA,2024-11-04,35.9000015258789,35.9500007629395,35.3800010681152,35.5,24003600,27.7658557891846,0.00225880455619221,0.00225866276652797,3.34955113802856
PETR4.SA,2024-11-05,35.5,35.5999984741211,35.0299987792969,35.3899993896484,23990600,27.6798152923584,-0.00309878785942863,-0.0030986087422975,3.3391715896275
PETR4.SA,2024-11-06,35.0499992370606,35.4599990844727,35.0400009155273,35.4000015258789,28440800,27.6876411437988,0.000282727733468269,0.000282626063943692,3.34011566604269
PETR4.SA,2024-11-07,35.4900016784668,35.8899993896484,35.2700004577637,35.5099983215332,34081200,27.7736759185791,0.00310733494173232,0.00310725398059342,3.35049452416122
PETR4.SA,2024-11-08,35.8499984741211,36.3199996948242,35.5400009155273,36.1800003051758,49865100,28.2977027893066,0.018867753489447,0.0188679812816632,3.41371082891083
PETR4.SA,2024-11-11,35.9900016784668,36.4199981689453,35.9000015258789,36.25,21446300,28.3524551391602,0.00193486906909657,0.00193476214023702,3.42031591240453
PETR4.SA,2024-11-12,36.3600006103516,37.1100006103516,36.3400001525879,36.9300003051758,39412300,28.8843059539795,0.0187585453255774,0.0187586291082975,3.48447606347517
PETR4.SA,2024-11-13,36.9500007629395,37.0699996948242,36.5299987792969,36.8800010681152,34090000,28.8452014923096,-0.00135383075266637,-0.00135389213775716,3.4797586726235
PETR4.SA,2024-11-14,36.9199981689453,37.3300018310547,36.8600006103516,37.2700004577637,30262100,29.1502342224121,0.010574817103769,0.0105748204542655,3.51655648415175
PETR4.SA,2024-11-18,37.2000007629395,38.2999992370605,37.2000007629395,38.2000007629395,39004100,29.8776264190674,0.0249532196244249,0.024953053226541,3.60430589042248
PETR4.SA,2024-11-19,38.0999984741211,38.2999992370605,37.6500015258789,37.7999992370606,26002700,29.5647659301758,-0.0104713970414979,-0.0104712439238215,3.56656377238486
PETR4.SA,2024-11-21,37.9700012207031,38.1300010681152,37.5499992370606,37.9099998474121,36048400,29.6508007049561,0.00291004417161522,0.00291006911565517,3.57694263050338
PETR4.SA,2024-11-22,38.7099990844727,39.8300018310547,38.4700012207031,39.4199981689453,85234900,30.8318290710449,0.0398312469818551,0.0398311349936944,3.71941671585889
PETR4.SA,2024-11-25,39.3800010681152,39.8600006103516,39.1500015258789,39.1800003051758,41119500,30.6441154479981,-0.00608830642562053,-0.00608822615214122,3.69677176716817
PETR4.SA,2024-11-26,39.3600006103516,39.5099983215332,39.060001373291,39.1300010681152,35188200,30.6050128936768,-0.00127602163578988,-0.00127614182417302,3.69205460641068
PETR4.SA,2024-11-27,39.2000007629395,39.3600006103516,38.75,38.9900016784668,30600700,30.4955081939697,-0.00357799880978504,-0.00357780183559753,3.67884443942328
PETR4.SA,2024-11-28,38.810001373291,39.2999992370606,38.3800010681152,38.5900001525879,33113500,30.1826515197754,-0.0102591067577684,-0.0102590794731824,3.64110278157402
PETR4.SA,2024-11-29,38.5,39.2200012207031,38.4099998474121,38.9000015258789,44011700,30.4251174926758,0.00803328934641567,0.00803320476976532,3.67035281375844
PETR4.SA,2024-12-02,38.9000015258789,39.4000015258789,38.7700004577637,39.1500015258789,31711800,30.6206550598145,0.00642684673890726,0.00642673496641599,3.69394160877018
PETR4.SA,2024-12-03,39.4000015258789,39.5,39.0800018310547,39.5,22536200,30.8943958282471,0.00893974240256745,0.0089399351335846,3.72696449520271
PETR4.SA,2024-12-04,39.5,39.8600006103516,38.9799995422363,39.25,31584400,30.698860168457,-0.00632916276715978,-0.00632911392405067,3.70337593028515
PETR4.SA,2024-12-05,39.3899993896484,39.810001373291,39.2099990844727,39.6399993896484,25214200,31.0038967132568,0.00993641272431445,0.00993629018212583,3.74017420200176
PETR4.SA,2024-12-06,39.6399993896484,39.7000007629395,38.9599990844727,39.0299987792969,31118500,30.526798248291,-0.0153883387426529,-0.0153885121025218,3.68261913442482
PETR4.SA,2024-12-09,39.3800010681152,40.1699981689453,39.3600006103516,40.0400009155273,28548700,31.3167572021484,0.0258775567431691,0.0258775856474331,3.77791632003938
PETR4.SA,2024-12-10,40.2999992370606,40.4300003051758,40.1100006103516,40.189998626709,21837600,31.4340686798096,0.00374596504050184,0.00374619649730001,3.79206826250019
PETR4.SA,2024-12-11,40.3499984741211,40.7599983215332,39.9500007629395,40.5900001525879,46900900,31.7469291687012,0.00995291103033558,0.00995276286506463,3.82981038053781
PETR4.SA,2024-12-12,38.7200012207031,38.8899993896484,38.1199989318848,38.3400001525879,38310600,31.1790885925293,-0.0178864725200477,-0.0554323722971591,3.76130858240933
PETR4.SA,2024-12-13,38.5999984741211,38.7299995422363,37.9199981689453,38.0999984741211,23235400,30.9839115142822,-0.00625987118474769,-0.00625982466123165,3.73776327519736
PETR4.SA,2024-12-16,38.189998626709,38.2599983215332,37.8300018310547,37.939998626709,21349400,30.8537979125977,-0.0041993923725413,-0.00419947122887121,3.72206694060913
PETR4.SA,2024-12-17,37.939998626709,38.4900016784668,37.8300018310547,38.2999992370605,39617200,31.1465606689453,0.00948871050419764,0.00948868274597481,3.75738455628582
PETR4.SA,2024-12-18,38.2799987792969,38.4000015258789,37.310001373291,37.310001373291,58126400,30.3414649963379,-0.0258486219767482,-0.0258485087073206,3.66026134326911
PETR4.SA,2024-12-19,37.6599998474121,37.9300003051758,36.9799995422363,37.1599998474121,43268400,30.2194786071777,-0.00402045152318387,-0.004020410623364,3.64554543997632
PETR4.SA,2024-12-20,37.1599998474121,37.3499984741211,36.7099990844727,36.8499984741211,59277400,29.9673805236816,-0.00834223802379619,-0.00834234054262528,3.61513343218947
PETR4.SA,2024-12-23,37,37.0499992370605,36.7200012207031,36.8600006103516,43785600,29.9755153656006,0.00027145655632177,0.000271428402839558,3.61611478386161
PETR4.SA,2024-12-26,35.6300010681152,36,35.5999984741211,35.7700004577637,22920700,30.2008514404297,0.00751733780322894,-0.0295713547080566,3.64329834022715
PETR4.SA,2024-12-27,36,36,35.6100006103516,35.6599998474121,24167200,30.1079730987549,-0.00307535507262124,-0.00307521970768354,3.63209390419546
PETR4.SA,2024-12-30,35.7799987792969,36.3699989318848,35.7700004577637,36.189998626709,22355600,30.5554599761963,0.0148627367233802,0.0148625569704073,3.68607675964811
PETR4.SA,2025-01-02,36.4199981689453,37.0900001525879,36.189998626709,36.7700004577637,30046800,31.0451583862305,0.0160265435511582,0.0160265778685782,3.74515182936953
PETR4.SA,2025-01-03,36.8800010681152,37.0400009155273,36.3199996948242,36.3800010681152,23314200,30.715877532959,-0.0106065122675467,-0.0106064559367198,3.70542883054749
PETR4.SA,2025-01-06,36.5999984741211,36.689998626709,36.060001373291,36.2099990844727,23760200,30.5723457336426,-0.00467288616977957,-0.00467295158469838,3.68811378341213
PETR4.SA,2025-01-07,36.5499992370606,37.25,36.2999992370606,36.9799995422363,37753300,31.2224617004395,0.0212648375908386,0.0212648571453253,3.76654092403292
PETR4.SA,2025-01-08,36.9900016784668,37.1199989318848,36.4300003051758,36.6800003051758,24483500,30.9691696166992,-0.00811249561839222,-0.0081124727088735,3.73598487729021
PETR4.SA,2025-01-09,36.7000007629395,36.9700012207031,36.7000007629395,36.8400001525879,11526600,31.1042594909668,0.00436207608856054,0.00436204596730971,3.75228152759066
PETR4.SA,2025-01-10,37.25,37.5200004577637,36.9000015258789,36.939998626709,40328800,31.1886863708496,0.00271431891530272,0.00271439939486728,3.76246641631654
PETR4.SA,2025-01-13,37.2999992370606,37.5299987792969,36.9700012207031,37.0699996948242,22897100,31.2984523773193,0.00351941743119766,0.00351924940303694,3.77570810620642
PETR4.SA,2025-01-14,37.1100006103516,37.1300010681152,36.5800018310547,36.8199996948242,29173100,31.0873737335205,-0.00674406009773787,-0.00674399789744007,3.75024450382665
PETR4.SA,2025-01-15,36.9300003051758,37.3199996948242,36.7999992370606,37.2900009155273,32512700,31.4841938018799,0.0127646700477466,0.0127648349972473,3.79811513751637
PETR4.SA,2025-01-16,37.2099990844727,37.2400016784668,36.7700004577637,37.0499992370605,26733200,31.2815628051758,-0.00643595951604148,-0.00643608668743323,3.77367062225405
PETR4.SA,2025-01-17,37.0099983215332,37.4000015258789,36.8499984741211,37.2000007629395,39941100,31.4082107543945,0.00404864520380666,0.00404862426363728,3.78894887571958
PETR4.SA,2025-01-20,37.2200012207031,37.4300003051758,37.1100006103516,37.2900009155273,13912800,31.4841938018799,0.00241920967989939,0.00241935889091582,3.79811513751637
PETR4.SA,2025-01-21,37.0999984741211,37.3499984741211,36.7200012207031,37.2999992370606,23612200,31.4926357269287,0.000268132165046175,0.000268123392001218,3.79913353435129
PETR4.SA,2025-01-22,37.3600006103516,37.6300010681152,37.0299987792969,37.0900001525879,21832200,31.3153343200684,-0.00562993229267073,-0.00563000237983935,3.77774466978207
PETR4.SA,2025-01-23,37.1199989318848,37.4099998474121,36.7000007629395,36.8300018310547,26725700,31.0958156585693,-0.00700994149560608,-0.00700993045197018,3.75126290066156
PETR4.SA,2025-01-24,36.8800010681152,36.9000015258789,36.4000015258789,36.6399993896484,16216500,30.935396194458,-0.00515887622542943,-0.00515890393592222,3.731910599668
PETR4.SA,2025-01-27,36.5699996948242,37.2999992370606,36.4700012207031,37.1800003051758,29809700,31.3913249969482,0.0147380948226521,0.0147380164989823,3.78691185195557
PETR4.SA,2025-01-28,37.4000015258789,37.4900016784668,36.8800010681152,37.1300010681152,27621700,31.3491134643555,-0.0013446878268718,-0.00134478850592124,3.78181963768681
PETR4.SA,2025-01-29,37.2000007629395,37.3300018310547,36.7599983215332,36.9000015258789,18204400,31.1549167633057,-0.00619464729905717,-0.0061944394187976,3.75839259888269
PETR4.SA,2025-01-30,37.0400009155273,37.5099983215332,36.7999992370606,37.3899993896484,30916000,31.5686302185059,0.0132792348104576,0.0132790743497906,3.80830117671314
PETR4.SA,2025-01-31,37.3899993896484,38.3699989318848,37.25,37.689998626709,37044800,31.8219146728516,0.00802329567651694,0.0080235154308026,3.83885630307914
PETR4.SA,2025-02-03,37.7599983215332,37.810001373291,37.3800010681152,37.5,24877600,31.6615028381348,-0.0050409234128721,-0.00504108871403197,3.8195049224623
PETR4.SA,2025-02-04,37.2999992370606,37.3499984741211,36.8199996948242,37.1300010681152,34290300,31.3491134643555,-0.00986653651206471,-0.00986663818359379,3.78181963768681
PETR4.SA,2025-02-05,37.0499992370605,37.0699996948242,36.75,36.8600006103516,20539800,31.1211471557617,-0.00727185822504839,-0.00727176003222718,3.75431878144885
PETR4.SA,2025-02-06,36.8400001525879,37.1199989318848,36.7000007629395,36.7900009155273,17512400,31.0620460510254,-0.00189906575231713,-0.00189906928011718,3.74718908322772
PETR4.SA,2025-02-07,36.8600006103516,37.0299987792969,36.3699989318848,36.5800018310547,21438700,30.8847427368164,-0.00570803719490109,-0.00570804781861323,3.72579998856433
PETR4.SA,2025-02-10,36.810001373291,37.0299987792969,36.7200012207031,36.8300018310547,17483300,31.0958156585693,0.00683421337038759,0.00683433536046896,3.75126290066156
PETR4.SA,2025-02-11,37.0099983215332,37.0900001525879,36.6800003051758,36.8300018310547,16624300,31.0958156585693,0,0,3.75126290066156
PETR4.SA,2025-02-12,36.6500015258789,36.75,36.1100006103516,36.2799987792969,37364500,30.6314468383789,-0.0149334825395538,-0.0149335602610277,3.69524348163326
PETR4.SA,2025-02-13,36.2000007629395,36.3300018310547,36.0200004577637,36.3199996948242,15351300,30.6652164459229,0.00110244898721645,0.00110256110455476,3.6993172990671
PETR4.SA,2025-02-14,36.439998626709,37.5800018310547,36.4000015258789,37.439998626709,40322000,31.6108455657959,0.0308371904545541,0.0308369752559323,3.81339385117026
PETR4.SA,2025-02-17,37.6399993896484,37.9199981689453,37.4700012207031,37.6699981689453,22615200,31.8050327301025,0.00614305504427115,0.00614315039189806,3.83681973950348
PETR4.SA,2025-02-18,37.7200012207031,38.439998626709,37.7099990844727,38.3600006103516,44062600,32.3876075744629,0.0183170647646893,0.0183170288013201,3.90709901516241
PETR4.SA,2025-02-19,38.1100006103516,38.6599998474121,37.8699989318848,38.439998626709,32648200,32.4551506042481,0.00208545906423829,0.00208545399073423,3.91524711021845
PETR4.SA,2025-02-20,38.4199981689453,38.5699996948242,38.310001373291,38.5,26641200,32.5058059692383,0.00156078046310482,0.00156090987082713,3.92135795141631
PETR4.SA,2025-02-21,38.5299987792969,38.5299987792969,38.1699981689453,38.3899993896484,30115200,32.4129371643066,-0.0028569913024008,-0.00285715871043024,3.91015466585551
PETR4.SA,2025-02-24,38.5,38.5099983215332,37.7999992370606,38.1199989318848,27830300,32.1849708557129,-0.00703318886030446,-0.00703309356750015,3.88265380961755
PETR4.SA,2025-02-25,38.1199989318848,38.439998626709,37.8300018310547,37.9500007629395,31960900,32.0414352416992,-0.00445970930522666,-0.0044595533501739,3.86533830229383
PETR4.SA,2025-02-26,38.25,38.25,37.75,37.9500007629395,27420200,32.0414352416992,0,0,3.86533830229383
PETR4.SA,2025-02-27,36.3600006103516,36.7400016784668,35.4799995422363,36.6100006103516,129693500,30.9100742340088,-0.0353093111827294,-0.0353096212292171,3.72885586935161
PETR4.SA,2025-02-28,36.4900016784668,36.5499992370606,35.810001373291,35.9300003051758,55476800,30.3359432220459,-0.0185742359470364,-0.0185741680917512,3.65959522062178
PETR4.SA,2025-03-05,35.0200004577637,35.1100006103516,34.5499992370605,34.6199989318848,48552000,29.2298984527588,-0.0364598773537828,-0.0364598208228322,3.52616682771342
PETR4.SA,2025-03-06,34.810001373291,35.1199989318848,34.0299987792969,34.2599983215332,47749600,28.9259433746338,-0.0103987729761105,-0.0103986314690496,3.48949901939614
PETR4.SA,2025-03-07,34.2900009155273,34.9300003051758,34.2299995422363,34.6300010681152,28074700,29.2383460998535,0.0108000876989092,0.0107998471894109,3.52718591483088
PETR4.SA,2025-03-10,34.5800018310547,34.6199989318848,34,34.6199989318848,35037200,29.2298984527588,-0.000288923561745813,-0.000288828643429606,3.52616682771342
PETR4.SA,2025-03-11,34.75,34.9000015258789,33.9099998474121,34.0999984741211,28805400,28.7908592224121,-0.0150202105921187,-0.0150202332122187,3.47320305937822
PETR4.SA,2025-03-12,34.1599998474121,34.4000015258789,33.9599990844727,34.0999984741211,20149100,28.7908592224121,0,0,3.47320305937822
PETR4.SA,2025-03-13,34.1800003051758,34.5400009155273,34.0400009155273,34.439998626709,19263600,29.0779228210449,0.00997065062960512,0.00997067940768148,3.50783315364896
PETR4.SA,2025-03-14,34.5999984741211,35.7599983215332,34.3699989318848,35.5,41529400,29.9728908538818,0.0307782656397033,0.0307782060266681,3.61579817427173
PETR4.SA,2025-03-17,35.6100006103516,36.4099998474121,35.5999984741211,36.1599998474121,31175900,30.5301342010498,0.0185915782993551,0.0185915449975242,3.68302156914336
PETR4.SA,2025-03-18,36.189998626709,36.4099998474121,35.9099998474121,36.189998626709,15086400,30.5554599761963,0.000829533698728735,0.000829612262817081,3.68607675964811
PETR4.SA,2025-03-19,36.2700004577637,36.3300018310547,36.0299987792969,36.1599998474121,21180500,30.5301342010498,-0.000828846142922224,-0.000828924576823154,3.68302156914336
PETR4.SA,2025-03-20,36.1599998474121,36.4799995422363,35.7599983215332,36.2400016784668,46921900,30.5976753234863,0.00221227728616413,0.00221244002744125,3.69116943410523
PETR4.SA,2025-03-21,36.2200012207031,37.0299987792969,36.1800003051758,36.7999992370606,61175700,31.0704898834229,0.0154526301406173,0.0154524705479384,3.74820771015681
PETR4.SA,2025-03-24,36.7000007629395,36.939998626709,36.5,36.75,20348000,31.0282688140869,-0.00135888006575857,-0.00135867494829167,3.74311434541716
PETR4.SA,2025-03-25,36.8499984741211,37.5200004577637,36.6300010681152,37.0400009155273,28036100,31.273120880127,0.00789125772717547,0.00789118137489364,3.77265222541913
PETR4.SA,2025-03-26,37.1500015258789,37.6300010681152,37.1500015258789,37.3899993896484,26870300,31.5686302185059,0.00944930758626938,0.00944920263148186,3.80830117671314
PETR4.SA,2025-03-27,37.4300003051758,37.9700012207031,37.3899993896484,37.6699981689453,28444400,31.8050327301025,0.00748852610836748,0.00748860079881131,3.83681973950348
PETR4.SA,2025-03-28,37.6500015258789,37.8800010681152,37.0900001525879,37.4300003051758,22057700,31.6023941040039,-0.00637127550907501,-0.00637106120083075,3.81237430386445
PETR4.SA,2025-03-31,37.3499984741211,37.6399993896484,37.0800018310547,37.1599998474121,26049400,31.3744354248047,-0.00721333575073468,-0.00721347730596567,3.7848743680032
PETR4.SA,2025-04-01,37.2999992370606,37.9700012207031,37.2000007629395,37.2999992370606,19075600,31.4926357269287,0.00376740809909748,0.00376747551731182,3.79913353435128
PETR4.SA,2025-04-02,37.2700004577637,37.2999992370606,36.8300018310547,37.2000007629395,16959200,31.4082107543945,-0.00268078458933141,-0.00268092429400746,3.78894887571958
PETR4.SA,2025-04-03,36.1500015258789,36.2999992370606,35.6100006103516,36,65896000,30.395040512085,-0.0322581330796696,-0.0322580843636691,3.66672445865455
PETR4.SA,2025-04-04,34.7400016784668,35.0099983215332,33.810001373291,34.5499992370605,87263200,29.1707973480225,-0.0402777276633582,-0.0402777989705404,3.51903712949229
PETR4.SA,2025-04-07,33.9199981689453,34.5499992370605,33.1100006103516,33.1800003051758,85724900,28.0140972137451,-0.0396526745730438,-0.0396526472398649,3.37949789538608
PETR4.SA,2025-04-08,33.7000007629395,33.939998626709,31.8799991607666,32,62128500,27.0178146362305,-0.0355636153438428,-0.035563601396101,3.25931073217924
PETR4.SA,2025-04-09,31.3099994659424,33.5800018310547,31.0400009155273,33.2999992370605,106391600,28.1154136657715,0.0406250114718438,0.0406249761581421,3.39172026806433
PETR4.SA,2025-04-10,33,33.0200004577637,31.2000007629395,31.2299995422363,71250600,26.367696762085,-0.0621622333024481,-0.0621621544219273,3.18088336146427
PETR4.SA,2025-04-11,31.5,32.2999992370606,30.7800006866455,31.8500003814697,65329400,26.891170501709,0.0198528428306541,0.0198527328953333,3.24403293890206
PETR4.SA,2025-04-14,32.5999984741211,32.8800010681152,31.4400005340576,31.7299995422363,56015200,26.7898502349854,-0.0037677893834035,-0.00376768721494947,3.23181010603546
PETR4.SA,2025-04-15,31.7299995422363,31.8700008392334,30.9799995422363,31,58276900,26.1735057830811,-0.0230066404439768,-0.0230066042473343,3.15745701294269
PETR4.SA,2025-04-16,31.2900009155273,31.4699993133545,30.8500003814697,31,73227700,26.1735057830811,0,0,3.15745701294269
PETR4.SA,2025-04-17,30.6700000762939,31.1800003051758,30.4599990844727,30.8500003814697,65752700,26.6910018920898,0.0197717536694417,-0.00483869737194431,3.21988547522444
PETR4.SA,2025-04-22,30.7999992370605,31.25,30.3299999237061,30.9200000762939,41683900,26.7515659332275,0.00226908084539312,0.00226903383982657,3.22719165568063
PETR4.SA,2025-04-23,31.3500003814697,31.7800006866455,30.5,30.5699996948242,71566500,26.4487495422363,-0.011319576272546,-0.0113195465914009,3.19066121358803
PETR4.SA,2025-04-24,30.8099994659424,30.8400001525879,30.0599994659424,30.4300003051758,61589200,26.3276252746582,-0.00457958389997604,-0.00457963333483913,3.17604931286401
PETR4.SA,2025-04-25,30.3400001525879,30.7299995422363,30.2000007629395,30.5200004577637,35581500,26.4054908752441,0.00295756262760571,0.00295761260878402,3.18544267761516
PETR4.SA,2025-04-28,30.5599994659424,30.7800006866455,30.25,30.3999996185303,27362000,26.3016662597656,-0.00393193279265469,-0.00393187540738948,3.17291773109193
PETR4.SA,2025-04-29,30.2999992370606,30.8099994659424,30.1499996185303,30.5599994659424,33041100,26.4400978088379,0.00526322354276188,0.0052631529414422,3.18961750639346
PETR4.SA,2025-04-30,30.4099998474121,30.5799999237061,29.9599990844727,29.9899997711182,52798300,25.9469394683838,-0.0186519105950228,-0.0186518228005683,3.13012504583189
PETR4.SA,2025-05-02,30.2000007629395,30.8099994659424,29.9699993133545,30.8099994659424,33146600,26.6563949584961,0.0273425500135294,0.027342437515252,3.21571064644615
PETR4.SA,2025-05-05,30.5699996948242,30.6200008392334,29.6599998474121,29.6599998474121,59011700,25.6614303588867,-0.0373255498786889,-0.037325531920294,3.09568247831679
PETR4.SA,2025-05-06,30.1100006103516,30.3899993896484,29.9599990844727,30.1499996185303,52751300,26.0853710174561,0.0165205389037295,0.016520558787559,3.14682482113342
PETR4.SA,2025-05-07,30.2999992370606,30.2999992370606,29.8999996185303,30.2900009155273,35050400,26.2064971923828,0.00464345225704088,0.00464349249646512,3.16143695195162
PETR4.SA,2025-05-08,30.5900001525879,31.0300006866455,30.4500007629395,30.7099990844727,44665000,26.5698719024658,0.0138658252346913,0.0138659014939155,3.20527288421788
PETR4.SA,2025-05-09,31.1000003814697,31.1800003051758,30.6399993896484,30.9099998474121,25075600,26.7429122924805,0.00651265428188186,0.00651256167052683,3.22614771839188
PETR4.SA,2025-05-12,31.8999996185303,32.1699981689453,31.6499996185303,31.6499996185303,53493600,27.383150100708,0.0239404669628132,0.0239404650524486,3.30338320126119
PETR4.SA,2025-05-13,31.7700004577637,32.25,31.3500003814697,32.1300010681152,56165300,27.7984409332275,0.0151659261623371,0.015165922760515,3.35348206697743
PETR4.SA,2025-05-14,32,32.1199989318848,31.7000007629395,31.9099998474121,28060100,27.6080989837647,-0.00684721671694089,-0.00684722108277325,3.33052004850846
PETR4.SA,2025-05-15,31.7000007629395,32.0900001525879,31.5900001525879,31.8700008392334,32468300,27.5734920501709,-0.00125350657479539,-0.00125349446474399,3.32634521973016
PETR4.SA,2025-05-16,31.8400001525879,32.1599998474121,31.6599998474121,32.0200004577637,48111800,27.7032699584961,0.00470661851930321,0.0047066085528813,3.34200105774294
PETR4.SA,2025-05-19,31.8400001525879,32.0999984741211,31.7000007629395,31.9799995422363,30200500,27.6686630249023,-0.00124920031626574,-0.00124924781247604,3.33782622896465
PETR4.SA,2025-05-20,32.0499992370605,32.4099998474121,31.9500007629395,32.1100006103516,33485800,27.7811393737793,0.00406511687159306,0.00406507410806989,3.35139488268246
PETR4.SA,2025-05-21,32.2099990844727,32.3899993896484,31.6900005340576,31.75,28724100,27.4696674346924,-0.0112116330038246,-0.0112114793992095,3.31382027320693
PETR4.SA,2025-05-22,31.6399993896484,31.6499996185303,31.2099990844727,31.3299999237061,42207300,27.1062908172607,-0.0132282860102165,-0.0132283488596519,3.26998411084649
PETR4.SA,2025-05-23,31.0900001525879,31.3999996185303,30.8700008392334,31.3999996185303,25732400,27.1668529510498,0.00223424644106962,0.00223427050733105,3.27729006120851
PETR4.SA,2025-05-26,31.4599990844727,31.5300006866455,31.1399993896484,31.2999992370606,21277100,27.0803337097168,-0.00318473551165099,-0.00318472556320393,3.26685275916859
PETR4.SA,2025-05-27,31.5200004577637,31.6700000762939,31.3600006103516,31.5300006866455,34361500,27.2793273925781,0.00734827291991325,0.00734828930323528,3.29085848483214
PETR4.SA,2025-05-28,31.6700000762939,31.7199993133545,31.4300003051758,31.4300003051758,30516200,27.1928100585938,-0.00317153472075393,-0.00317159464928529,3.2804214128864
PETR4.SA,2025-05-29,31.4799995422363,31.5,31.0499992370606,31.2399997711182,20778800,27.0284252166748,-0.00604515831812658,-0.0060451966978291,3.26059074609533
PETR4.SA,2025-05-30,31.1499996185303,31.2700004577637,30.8999996185303,30.8999996185303,45127700,26.7342586517334,-0.0108835998613758,-0.0108834876785827,3.22510378110313
PETR4.SA,2025-06-02,31.6399993896484,31.6499996185303,31.0100002288818,31.0799999237061,35111000,26.8899955749512,0.00582536906096975,0.00582525266660006,3.24389120088798
PETR4.SA,2025-06-03,29.8799991607666,30.2999992370606,29.3899993896484,30.1800003051758,59828700,26.8981647491455,0.000303799759712398,-0.028957516754812,3.24487669425534
PETR4.SA,2025-06-04,30.2399997711182,30.4500007629395,29.2700004577637,29.3500003814697,41952900,26.1584205627441,-0.0275016601801752,-0.0275016539202524,3.15563719808336
PETR4.SA,2025-06-05,29.5,29.6399993896484,29.2099990844727,29.3600006103516,23774000,26.1673336029053,0.000340733116502623,0.000340723296485823,3.15671242818042
PETR4.SA,2025-06-06,29.4500007629395,29.8299999237061,29.3600006103516,29.6700000762939,28069300,26.44362449646,0.010558618533606,0.0105585646967965,3.19004295052987
PETR4.SA,2025-06-09,29.2199993133545,29.4699993133545,28.8600006103516,29.1700000762939,43834800,25.9979934692383,-0.0168521159904285,-0.0168520390533971,3.13628397671309
PETR4.SA,2025-06-10,29.4099998474121,30.2199993133545,29.3500003814697,30.0499992370606,46241800,26.7823009490967,0.0301680004953619,0.0301679519528615,3.23089939327617
PETR4.SA,2025-06-11,30.2999992370606,31.1599998474121,30.2999992370606,31.0499992370606,52432400,27.6735591888428,0.0332778815920278,0.0332778710611981,3.33841688072136
PETR4.SA,2025-06-12,30.7999992370605,31.9099998474121,30.7299995422363,31.75,51729500,28.2974395751953,0.0225442770875699,0.022544308539111,3.41367907591417
PETR4.SA,2025-06-13,33.1100006103516,33.1699981689453,32.1699981689453,32.5299987792969,74902600,28.992618560791,0.0245668511367747,0.0245668906865157,3.49754242160087
PETR4.SA,2025-06-16,32.5299987792969,32.9300003051758,32.0699996948242,32.2099990844727,45972200,28.7074165344238,-0.00983705648281419,-0.00983706445841848,3.46313689924855
PETR4.SA,2025-06-17,32.3800010681152,33.0900001525879,32.3699989318848,32.939998626709,57633400,29.3580341339111,0.0226637460987522,0.0226637554481719,3.54162455463834
PETR4.SA,2025-06-18,32.9599990844727,33.2099990844727,32.4900016784668,32.9099998474121,49342900,29.331298828125,-0.000910664033708319,-0.000910709791971609,3.53839932453553
PETR4.SA,2025-06-20,32.7299995422363,33.1599998474121,32.6300010681152,32.8199996948242,85062700,29.2510833740234,-0.00273480743459764,-0.00273473573397687,3.52872248375621
PETR4.SA,2025-06-23,33.2900009155273,33.3400001525879,31.8099994659424,32,54592400,28.5202522277832,-0.0249847548172951,-0.0249847563208093,3.44055821768129
PETR4.SA,2025-06-24,31.2900009155273,31.8400001525879,31.1399993896484,31.3700008392334,48728300,27.9587631225586,-0.0196873821711027,-0.0196874737739563,3.37282263316787
PETR4.SA,2025-06-25,31.3199996948242,31.5400009155273,31.2099990844727,31.2099990844727,23127700,27.8161602020264,-0.00510047314708162,-0.00510047020976279,3.35561964189753
PETR4.SA,2025-06-26,31.3500003814697,31.6000003814697,31.3099994659424,31.4599990844727,17227000,28.0389728546143,0.00801018727853231,0.00801025335897498,3.38249878366465
PETR4.SA,2025-06-27,31.3899993896484,31.4500007629395,31.1399993896484,31.2099990844727,16482100,27.8161602020264,-0.00794653405255619,-0.00794659908694628,3.35561964189753
PETR4.SA,2025-06-30,31.2099990844727,31.4899997711182,31.1000003814697,31.3799991607666,23091100,27.9676723480225,0.00544691089264915,0.00544697472863831,3.37389740307657
PETR4.SA,2025-07-01,31.4500007629395,31.5699996948242,31.2600002288818,31.4899997711182,17014100,28.065710067749,0.00350539431764663,0.00350543700743922,3.38572424386163
PETR4.SA,2025-07-02,31.5799999237061,32.2400016784668,31.4799995422363,32.0499992370605,28311600,28.564811706543,0.0177833248326567,0.0177834064786497,3.44593367788403
PETR4.SA,2025-07-03,32,32.3899993896484,31.9400005340576,32.1599998474121,14322300,28.6628551483154,0.0034323153528788,0.0034321564109232,3.45776120895163
PETR4.SA,2025-07-04,32,32.310001373291,31.9699993133545,32.1199989318848,9356900,28.6272029876709,-0.00124384540409705,-0.00124380956831882,3.45346028856341
PETR4.SA,2025-07-07,32.1199989318848,32.2599983215332,31.8999996185303,32.060001373291,17938800,28.57373046875,-0.00186789184203318,-0.00186791907188366,3.44700959826362
PETR4.SA,2025-07-08,32.0699996948242,32.5900001525879,32.0299987792969,32.5200004577637,28778300,28.9837074279785,0.0143480376031717,0.014348068146244,3.496467421598
PETR4.SA,2025-07-09,32.5699996948242,32.6300010681152,32.060001373291,32.3199996948242,22338900,28.805456161499,-0.00615005057315143,-0.00615008487466695,3.47496397012779
PETR4.SA,2025-07-10,32.0099983215332,32.4300003051758,31.7199993133545,32.2400016784668,23102800,28.7341575622559,-0.0024751768846647,-0.00247518617304421,3.46636281963389
PETR4.SA,2025-07-11,32.2000007629395,32.7000007629395,32.1500015258789,32.6300010681152,23946700,29.0817470550537,0.012096735115507,0.0120967546322717,3.50829449247724
PETR4.SA,2025-07-14,32.6300010681152,32.7700004577637,32.1199989318848,32.2000007629395,24106300,28.6985054016113,-0.0131780822079527,-0.0131780659239991,3.46206189924567
PETR4.SA,2025-07-15,32.2400016784668,32.3800010681152,31.8099994659424,31.9500007629395,18688300,28.4756927490234,-0.00776391137691024,-0.00776397497132164,3.43518275747855
PETR4.SA,2025-07-16,31.8999996185303,31.9500007629395,31.4699993133545,31.7900009155273,27588900,28.3330898284912,-0.00500788239952887,-0.00500781983071819,3.41797976620821
PETR4.SA,2025-07-17,31.7700004577637,31.7700004577637,31.3999996185303,31.4699993133545,27497600,28.047887802124,-0.0100660403822387,-0.0100661086177116,3.38357424385588
PETR4.SA,2025-07-18,31.3999996185303,31.6000003814697,30.6000003814697,30.9899997711182,57635000,27.6200847625732,-0.0152525937984672,-0.0152526073310919,3.33196596032739
PETR4.SA,2025-07-21,30.8899993896484,31.2800006866455,30.7700004577637,31.0499992370606,16412000,27.6735591888428,0.00193607031727838,0.00193609120314675,3.33841688072136
PETR4.SA,2025-07-22,31.0499992370606,31.5799999237061,30.9899997711182,31.3500003814697,24557100,27.9409370422363,0.0096618527298562,0.00966187284317566,3.37067217297376
PETR4.SA,2025-07-23,31.3500003814697,32.0299987792969,31.2999992370606,31.9899997711182,27418600,28.5113391876221,0.0204145675044294,0.0204146533288951,3.43948298758423
PETR4.SA,2025-07-24,31.9300003051758,32.0200004577637,31.6499996185303,31.9400005340576,17856300,28.4667797088623,-0.00156286867012934,-0.00156296459575744,3.4341075273815
PETR4.SA,2025-07-25,31.9899997711182,32.1800003051758,31.9099998474121,31.9799995422363,13341000,28.5024299621582,0.00125234584524492,0.00125231707920803,3.43840821767554
PETR4.SA,2025-07-28,32.1599998474121,32.4300003051758,31.6800003051758,32.0200004577637,27972800,28.5380783081055,0.00125071251800613,0.00125081038461294,3.4427086778754
PETR4.SA,2025-07-29,32.189998626709,32.5999984741211,31.9899997711182,32.439998626709,33284000,28.9124069213867,0.0131168121847549,0.0131167446265128,3.48786604100992
PETR4.SA,2025-07-30,32.2999992370606,32.8300018310547,32.2700004577637,32.7700004577637,27110400,29.2065238952637,0.0101726907301998,0.0101726832621685,3.52334702355348
PETR4.SA,2025-07-31,32.4500007629395,32.75,32.4199981689453,32.6399993896484,23544900,29.0906581878662,-0.00396711734039157,-0.0039670755660437,3.50936949248012
PETR4.SA,2025-08-01,32.7999992370606,32.9099998474121,32.0400009155273,32.2099990844727,24191800,28.7074165344238,-0.0131740454604851,-0.0131740292039391,3.46313689924855
PETR4.SA,2025-08-04,32.2099990844727,32.2700004577637,31.9599990844727,32.1599998474121,15215600,28.6628551483154,-0.00155226040821066,-0.00155228930399598,3.45776120895163
PETR4.SA,2025-08-05,32.1300010681152,32.4099998474121,32.0299987792969,32.310001373291,20635500,28.7965450286865,0.00466422063256844,0.00466422657309118,3.47388897012492
PETR4.SA,2025-08-06,32.5999984741211,32.939998626709,32.189998626709,32.3499984741211,32854600,28.8321914672852,0.00123787206288539,0.00123791702661902,3.4781892002306
PETR4.SA,2025-08-07,32.6399993896484,32.8499984741211,32.4300003051758,32.5299987792969,21111400,28.992618560791,0.00556416579322083,0.00556415189075743,3.49754242160087
PETR4.SA,2025-08-08,31.5,32.0499992370605,30.5300006866455,30.5300006866455,107235300,27.2101078033447,-0.061481537230201,-0.0614816528651156,3.28250813699301
PETR4.SA,2025-08-11,30.7099990844727,31.0300006866455,30.5799999237061,30.7199993133545,28045800,27.3794422149658,0.00622321722666164,0.00622334171096473,3.3029358981778
PETR4.SA,2025-08-12,30.7900009155273,31.2700004577637,30.6499996185303,30.7999992370605,37973300,27.450740814209,0.00260409246774906,0.00260416424134746,3.31153704867171
PETR4.SA,2025-08-13,30.7999992370605,30.8600006103516,30.4099998474121,30.5699996948242,38340700,27.2457542419434,-0.00746743316156773,-0.00746751779005173,3.2868083670987
PETR4.SA,2025-08-14,30.7299995422363,30.7299995422363,30.0200004577637,30.1800003051758,43087500,26.8981647491455,-0.0127575654434539,-0.0127575856572373,3.24487669425534
PETR4.SA,2025-08-15,30.1000003814697,30.2199993133545,29.7399997711182,30.170000076294,55416100,26.8892498016357,-0.000331433300111983,-0.000331352842303345,3.24380123406411
PETR4.SA,2025-08-18,30.25,30.5499992370606,30.0200004577637,30.3600006103516,31498100,27.0585918426514,0.00629775996968585,0.00629766435456225,3.26422991562562
PETR4.SA,2025-08-19,30.2000007629395,30.2299995422363,29.8500003814697,30.0400009155273,39294300,26.7733879089356,-0.0105402356255015,-0.0105401741894271,3.22982416317911
PETR4.SA,2025-08-20,30.1200008392334,30.3600006103516,30.1000003814697,30.2199993133545,23706600,26.9338150024414,0.00599203560085559,0.00599195713519807,3.24917738454938
PETR4.SA,2025-08-21,30.2199993133545,30.4300003051758,30.0100002288818,30.2900009155273,23327000,26.9962024688721,0.00231632490328648,0.00231639985980792,3.25670353504041
PETR4.SA,2025-08-22,29.8899993896484,30.4699993133545,29.7999992370606,30.4699993133545,49813600,27.7727108001709,0.0287636134080036,0.00594250222471526,3.35037809650679
PETR4.SA,2025-08-25,30.4699993133545,30.7800006866455,30.4200000762939,30.6499996185303,21075300,27.9367752075195,0.00590739623975134,0.00590746009951149,3.37017010747584
PETR4.SA,2025-08-26,30.4799995422363,30.5799999237061,30.2299995422363,30.4300003051758,21789700,27.7362518310547,-0.00717775673732268,-0.00717779171590871,3.34597984628098
PETR4.SA,2025-08-27,30.4500007629395,30.6800003051758,30.3600006103516,30.6599998474121,16349100,27.9458923339844,0.0075583573514777,0.00755831547583674,3.37126995765002
PETR4.SA,2025-08-28,30.7800006866455,31.1299991607666,30.7099990844727,30.9300003051758,25802500,28.1919937133789,0.00880635252055462,0.00880627720506855,3.40095854933904
PETR4.SA,2025-08-29,30.9300003051758,31.3500003814697,30.8500003814697,31.1000003814697,27713400,28.3469429016113,0.00549621249946886,0.00549628433936666,3.41965094022809
PETR4.SA,2025-09-01,31.2000007629395,31.3700008392334,31.0499992370606,31.170000076294,9889700,28.4107437133789,0.00225071225454609,0.00225079401818684,3.42734759050553
PETR4.SA,2025-09-02,31,31.4400005340576,31,31.3299999237061,19812000,28.5565795898438,0.0051331242130126,0.00513313593264297,3.44494059140877
PETR4.SA,2025-09-03,31.1200008392334,31.3500003814697,30.9200000762939,31.0599994659424,29788800,28.3104801177979,-0.00861796039934082,-0.00861795271053845,3.41525222981392
PETR4.SA,2025-09-04,31,31.3199996948242,30.9300003051758,31.0599994659424,24816500,28.3104801177979,0,0,3.41525222981392
PETR4.SA,2025-09-05,31.0799999237061,31.0900001525879,30.1900005340576,30.5900001525879,46121900,27.8820877075195,-0.0151319373071672,-0.0151319807287779,3.36357284718422
PETR4.SA,2025-09-08,30.8299999237061,30.9699993133545,30.5100002288818,30.7099990844727,18164200,27.9914646148682,0.00392283779091396,0.00392281566806774,3.37676759786164
PETR4.SA,2025-09-09,30.8600006103516,31.1499996185303,30.8099994659424,30.9500007629395,31283900,28.2102222442627,0.00781515481252582,0.00781509884798881,3.40315755940485
PETR4.SA,2025-09-10,30.9599990844727,31.5400009155273,30.9200000762939,31.5100002288818,35949600,28.7206478118897,0.0180936386536537,0.0180936818138286,3.46473306256617
PETR4.SA,2025-09-11,31.2999992370606,31.4799995422363,31.2700004577637,31.3899993896484,17607900,28.611270904541,-0.00380830223834139,-0.00380834142690378,3.45153831188875
PETR4.SA,2025-09-12,31.4500007629395,31.7000007629395,31.1599998474121,31.1800003051758,19318400,28.4198608398438,-0.00669002314982403,-0.00668999963542238,3.42844744067971
PETR4.SA,2025-09-15,31.2999992370606,31.5499992370606,31.0599994659424,31.4500007629395,21978400,28.665958404541,0.00865935150365838,0.00865941164595996,3.45813557218037
PETR4.SA,2025-09-16,31.6000003814697,31.6800003051758,31.3400001525879,31.5300006866455,19154700,28.7388782501221,0.00254377839219577,0.00254371770319084,3.46693230272617
PETR4.SA,2025-09-17,31.5400009155273,31.7900009155273,31.4599990844727,31.7199993133545,29148100,28.9120578765869,0.00602597028866669,0.00602596329119209,3.48782393377521
PETR4.SA,2025-09-18,31.7700004577637,31.8199996948242,31.1900005340576,31.4099998474121,25702900,28.6294994354248,-0.00977303111277061,-0.00977299724631042,3.45373732195456
PETR4.SA,2025-09-19,31.4300003051758,31.4500007629395,30.9099998474121,31.0599994659424,48871300,28.3104801177979,-0.0111430281324518,-0.0111429603046803,3.41525222981392
PETR4.SA,2025-09-22,31,31.4699993133545,30.8400001525879,31.3700008392334,22016100,28.5930404663086,0.00998076851169705,0.00998072693565022,3.44933907172875
PETR4.SA,2025-09-23,31.4899997711182,32.0900001525879,31.4599990844727,31.8999996185303,39895300,29.0761241912842,0.0168951506064843,0.0168950833636581,3.50761617483844
PETR4.SA,2025-09-24,32.1599998474121,32.6300010681152,32.060001373291,32.6199989318848,36414400,29.7323875427246,0.022570523743916,0.0225705116603279,3.58678490899718
PETR4.SA,2025-09-25,32.7000007629395,32.7999992370606,32.2400016784668,32.3600006103516,29556300,29.4954051971436,-0.00797051179426866,-0.00797051900817403,3.55819639757651
PETR4.SA,2025-09-26,32.4900016784668,32.7400016784668,32.1500015258789,32.25,27819700,29.3951416015625,-0.00339929541265516,-0.00339927714081612,3.5461010368849
PETR4.SA,2025-09-29,32.2599983215332,32.5400009155273,31.7299995422363,31.8099994659424,35720000,28.9940891265869,-0.0136434952554972,-0.0136434274126392,3.49771982421265
PETR4.SA,2025-09-30,31.6900005340576,31.8999996185303,31.1599998474121,31.4599990844727,48611500,28.6750736236572,-0.0110027772052738,-0.0110028414758214,3.45923519226037
PETR4.SA,2025-10-01,31.4500007629395,31.5499992370606,31.2999992370606,31.3799991607666,24817000,28.6021556854248,-0.00254290326118867,-0.00254290928271317,3.45043869180875
PETR4.SA,2025-10-02,31.3799991607666,31.4099998474121,31.0200004577637,31.0799999237061,25497100,28.3287124633789,-0.00956023123058658,-0.00956020538826607,3.4174517000681
PETR4.SA,2025-10-03,31.1599998474121,31.3299999237061,31,31,19756800,28.2557945251465,-0.00257399408203551,-0.00257400012556097,3.40865519961648
PETR4.SA,2025-10-06,31.2000007629395,31.2299995422363,30.7000007629395,30.7199993133545,21245400,28.0005798339844,-0.00903229569195019,-0.00903228021437119,3.37786721794164
PETR4.SA,2025-10-07,30.7199993133545,30.8600006103516,30.3500003814697,30.8299999237061,29068800,28.1008415222168,0.00358070042930803,0.00358074911491757,3.38996234853907
PETR4.SA,2025-10-08,31.0799999237061,31.0799999237061,30.5,30.6499996185303,17687400,27.9367752075195,-0.00583848403854925,-0.00583847893678957,3.37017010747584
PETR4.SA,2025-10-09,30.6599998474121,30.8400001525879,30.1900005340576,30.2099990844727,22879700,27.5357265472412,-0.0143555817484036,-0.0143556456617899,3.32178935499194
PETR4.SA,2025-10-10,30.1000003814697,30.1599998474121,29.8700008392334,29.9400005340576,50214400,27.2896289825439,-0.0089373913659061,-0.00893739022169693,3.29210122349128
PETR4.SA,2025-10-13,30.1499996185303,30.2700004577637,29.9699993133545,30.2299995422363,13890500,27.5539569854736,0.00968602406059715,0.00968600544441633,3.32398859515194
PETR4.SA,2025-10-14,29.9500007629395,30.4599990844727,29.8799991607666,30.0200004577637,28138200,27.3625469207764,-0.00694673599142859,-0.00694671146717196,3.3008977239429
PETR4.SA,2025-10-15,30.0499992370606,30.170000076294,29.6700000762939,29.75,40261000,27.1164474487305,-0.00899402649754932,-0.00899401910881204,3.27120936234806
PETR4.SA,2025-10-16,29.7399997711182,29.8099994659424,29.4099998474121,29.4500007629395,28660900,26.8430042266846,-0.0100840356231362,-0.0100840079684218,3.2382223706074
PETR4.SA,2025-10-17,29.5,29.9500007629395,29.3099994659424,29.7299995422363,36238600,27.098217010498,0.00950760882270285,0.00950759837158421,3.26901012218806
PETR4.SA,2025-10-20,29.7000007629395,29.8999996185303,29.4799995422363,29.75,31442800,27.1164474487305,0.000672754160369937,0.000672736564804044,3.27120936234806
PETR4.SA,2025-10-21,29.9599990844727,29.9899997711182,29.4699993133545,29.5100002288818,25509900,26.8976936340332,-0.00806720036283759,-0.00806721919724918,3.2448198609932
PETR4.SA,2025-10-22,29.7600002288818,30.0300006866455,29.6200008392334,29.8500003814697,27088800,27.207597732544,0.0115215863013112,0.0115215232108039,3.28220533305385
PETR4.SA,2025-10-23,30.5200004577637,30.7199993133545,30.1100006103516,30.1900005340576,40060800,27.5174961090088,0.0113901410742399,0.0113902897233782,3.31959011483195
PETR4.SA,2025-10-24,30.2999992370606,30.4500007629395,29.8099994659424,29.8400001525879,24370300,27.1984806060791,-0.0115931879000156,-0.0115932552261763,3.28110548287967
PETR4.SA,2025-10-27,30.1599998474121,30.1599998474121,29.6900005340576,30,24771400,27.344316482544,0.00536191262214292,0.00536192515395251,3.2986984837829
PETR4.SA,2025-10-28,29.8999996185303,30.3500003814697,29.7600002288818,29.9899997711182,25324800,27.3352012634277,-0.00033334967879084,-0.000333340962727857,3.29759886370291
PETR4.SA,2025-10-29,30.0900001525879,30.1599998474121,29.7999992370606,30.0200004577637,24854900,27.3625469207764,0.00100038251356205,0.00100035634793172,3.3008977239429
PETR4.SA,2025-10-30,29.920000076294,30.1599998474121,29.7600002288818,29.8899993896484,22657200,27.2440547943115,-0.00433044945735195,-0.00433048188317442,3.28660335318548
PETR4.SA,2025-10-31,30,30.0900001525879,29.5499992370605,29.75,29516300,27.1164474487305,-0.00468386026031997,-0.0046838204251326,3.27120936234806
PETR4.SA,2025-11-03,29.8799991607666,30.4699993133545,29.7999992370606,30.1000003814697,54977300,27.4354667663574,0.0117647902893669,0.0117647187048648,3.30969445448869
PETR4.SA,2025-11-04,30,30.2600002288818,29.9099998474121,30.25,35035200,27.5721855163574,0.00498328499982548,0.00498337596774978,3.32618760521775
PETR4.SA,2025-11-05,30.25,30.9500007629395,30.2099990844727,30.8500003814697,40375900,28.1190738677979,0.0198347842653237,0.0198347233543712,3.39216181879324
PETR4.SA,2025-11-06,30.9799995422363,31.2800006866455,30.8999996185303,31.0100002288818,43435700,28.2649078369141,0.00518630058023439,0.00518638072718525,3.4097545896023
PETR4.SA,2025-11-07,31.2199993133545,32.1800003051758,30.8500003814697,32.1800003051758,97315600,29.3313369750977,0.0377297935778456,0.0377297667738887,3.5384039264191
PETR4.SA,2025-11-10,32.2999992370606,32.5499992370606,31.9300003051758,32.3600006103516,41064200,29.4954051971436,0.00559361553089754,0.00559354578833959,3.55819639757651
PETR4.SA,2025-11-11,32.5400009155273,33.439998626709,32.4500007629395,33.2000007629395,68221300,30.261043548584,0.02595788551888,0.0259579770316563,3.65055965231849
PETR4.SA,2025-11-12,33.2599983215332,33.2599983215332,32.0800018310547,32.3499984741211,67646400,29.4862861633301,-0.0256024675424704,-0.0256024779905186,3.55709631730816
PETR4.SA,2025-11-13,32.3600006103516,32.939998626709,32.3199996948242,32.4900016784668,38517200,29.6138954162598,0.00432774925342705,0.00432776540801694,3.57249053823975
PETR4.SA,2025-11-14,32.5999984741211,33.1699981689453,32.5800018310547,32.7000007629395,27371300,29.8053035736084,0.00646345759847389,0.0064634987264971,3.59558117935462
PETR4.SA,2025-11-17,32.7599983215332,33.0800018310547,32.7299995422363,32.8800010681152,63708200,29.9693698883057,0.00550460136371633,0.00550459636012568,3.61537342041785
PETR4.SA,2025-11-18,32.7000007629395,33.1699981689453,32.6699981689453,32.9900016784668,26520500,30.0696353912354,0.00334559930033129,0.00334551723777876,3.62746901120363
PETR4.SA,2025-11-19,32.7999992370606,32.9799995422363,32.5400009155273,32.8199996948242,48719300,29.9146823883057,-0.00515313873658918,-0.00515313655632643,3.60877616012622
PETR4.SA,2025-11-21,32.560001373291,32.7400016784668,32.3600006103516,32.5699996948242,40869300,29.6868114471436,-0.00761736120759182,-0.00761730659124371,3.58128680859719
PETR4.SA,2025-11-24,32.560001373291,32.75,32.3600006103516,32.5400009155273,38665600,29.6594715118408,-0.000920945496333037,-0.000921055559654826,3.57798863863974
PETR4.SA,2025-11-25,32.3499984741211,32.439998626709,32.0900001525879,32.2799987792969,28431100,29.4224834442139,-0.00799029974395671,-0.00799023137416088,3.54939943693654
PETR4.SA,2025-11-26,32.3800010681152,32.4099998474121,32.0999984741211,32.2299995422363,25042100,29.3769111633301,-0.00154889307594297,-0.00154892313975596,3.54390179672491
PETR4.SA,2025-11-27,32.2799987792969,32.4000015258789,32.2000007629395,32.4000015258789,16087400,29.5318641662598,0.00527465267087401,0.00527465051371778,3.56259464780232
PETR4.SA,2025-11-28,32.2700004577637,32.310001373291,31.2900009155273,31.7900009155273,60420500,28.9758625030518,-0.0188271779958693,-0.0188271784451719,3.49552104424101
PETR4.SA,2025-12-01,31.9500007629395,32.1699981689453,31.5699996948242,31.8500003814697,29489100,29.0305500030518,0.00188734675263724,0.00188736911652865,3.50211830453264
PETR4.SA,2025-12-02,31.9300003051758,32.0699996948242,31.4400005340576,32.0699996948242,25574100,29.2310733795166,0.00690732268054739,0.00690735669449127,3.5263085657275
PETR4.SA,2025-12-03,32.1500015258789,32.5,32.1500015258789,32.310001373291,36630000,29.4498310089111,0.00748373576824668,0.00748368196914995,3.55269852727071
PETR4.SA,2025-12-04,32.4900016784668,32.75,32.4500007629395,32.5200004577637,33009700,29.6412391662598,0.00649946538880708,0.00649950713546699,3.57578916838557
PETR4.SA,2025-12-05,32.5,32.9099998474121,31.3700008392334,31.3700008392334,74495100,28.5930404663086,-0.0353628501855726,-0.0353628414004443,3.44933907172876
PETR4.SA,2025-12-08,31.5699996948242,31.9899997711182,31.4899997711182,31.6599998474121,30271600,28.8573684692383,0.00924448742137618,0.00924446925152833,3.48122644338941
PETR4.SA,2025-12-09,31.6100006103516,31.8999996185303,31.3299999237061,31.8600006103516,23863000,29.039665222168,0.00631716482131806,0.00631714352190049,3.50321792461263
PETR4.SA,2025-12-10,31.8799991607666,31.9899997711182,31.5400009155273,31.9400005340576,22123700,29.1125831604004,0.00251097723319349,0.00251098311906683,3.51201442506425
PETR4.SA,2025-12-11,31.8799991607666,31.8999996185303,31.25,31.4099998474121,64927900,28.6294994354248,-0.0165936400186119,-0.0165936342449452,3.45373732195456
PETR4.SA,2025-12-12,31.4099998474121,31.7199993133545,31.3400001525879,31.5900001525879,39659900,28.7935657501221,0.00573067353368595,0.0057306687695069,3.47352956301779
PETR4.SA,2025-12-15,31.6800003051758,31.8999996185303,31.5900001525879,31.7000007629395,31898900,28.8938274383545,0.00348208655720228,0.00348213389744312,3.48562469361522
PETR4.SA,2025-12-16,31.5300006866455,31.5300006866455,30.6100006103516,30.7399997711182,52661900,28.0188102722168,-0.0302838787282357,-0.0302839422308037,3.38006645810163
PETR4.SA,2025-12-17,30.8600006103516,31.0799999237061,30.8199996948242,31.0799999237061,39337100,28.3287124633789,0.0110605050018633,0.0110605125282837,3.4174517000681
PETR4.SA,2025-12-18,31.2000007629395,31.2800006866455,30.8299999237061,30.8999996185303,34311000,28.164644241333,-0.00579158767833143,-0.0057915156247631,3.39765922891069
PETR4.SA,2025-12-19,31.0699996948242,31.2399997711182,30.9699993133545,31.0100002288818,45807700,28.2649078369141,0.00355990988992905,0.00355989034658744,3.4097545896023
PETR4.SA,2025-12-22,31.25,31.5300006866455,31.1000003814697,31.1000003814697,35896900,28.3469429016113,0.00290236448569381,0.00290229448318624,3.41965094022809
PETR4.SA,2025-12-23,30.5499992370606,30.5699996948242,30.2000007629395,30.3099994659424,35703900,28.499382019043,0.00537762107048856,-0.0254019583870504,3.43804052717798
PETR4.SA,2025-12-26,30.3099994659424,30.4300003051758,30.1200008392334,30.4099998474121,20178600,28.5934104919434,0.00329931620403423,0.00329925381826857,3.44938370999942
PETR4.SA,2025-12-29,30.5599994659424,30.8099994659424,30.5200004577637,30.7299995422363,20588100,28.8942928314209,0.0105227859951269,0.0105228443416598,3.48568083659482
PETR4.SA,2025-12-30,30.7999992370605,30.9599990844727,30.6499996185303,30.8199996948242,16880600,28.9789180755615,0.00292878751642611,0.00292873914508829,3.49588965511529
PETR4.SA,2026-01-02,30.9599990844727,30.9599990844727,30.3600006103516,30.7099990844727,21625200,28.87548828125,-0.00356913926330282,-0.0035691308059953,3.48341233808704
PETR4.SA,2026-01-05,30.7000007629395,30.7700004577637,29.7299995422363,30.2000007629395,48211400,28.3959560394287,-0.0166068963804387,-0.0166069142539006,3.42556367033809
PETR4.SA,2026-01-06,30.3700008392334,30.4300003051758,29.6200008392334,29.6399993896484,38095000,27.8694076538086,-0.0185430765172684,-0.0185430913623762,3.36204318108424
PETR4.SA,2026-01-07,29.6700000762939,29.8299999237061,29.5300006866455,29.8299999237061,28132900,28.0480575561523,0.00641025114573379,0.006410274560396,3.38359472223779
PETR4.SA,2026-01-08,29.9099998474121,30.3400001525879,29.7900009155273,30.2000007629395,34125800,28.3959560394287,0.012403656922761,0.0124036486818546,3.42556367033809
PETR4.SA,2026-01-09,30.170000076294,30.7399997711182,30.1399993896484,30.2999992370606,27982800,28.4899806976318,0.00331119889298925,0.00331120766870341,3.43690639297118
PETR4.SA,2026-01-12,30.2999992370606,30.5699996948242,30.2099990844727,30.3600006103516,18947400,28.5464000701904,0.00198032329882492,0.00198024339279934,3.44371257877706
PETR4.SA,2026-01-13,30.3600006103516,31.3199996948242,30.3600006103516,31.1399993896484,54097100,29.2798023223877,0.0256915845918913,0.0256916588806302,3.53218701180487
PETR4.SA,2026-01-14,31.3500003814697,32.5299987792969,31.2000007629395,31.9899997711182,82309300,30.0790252685547,0.0272960499311805,0.0272960949945389,3.62860176484536
PETR4.SA,2026-01-15,31.5,31.9300003051758,31.4400005340576,31.7900009155273,26456600,29.8909759521484,-0.00625184209685281,-0.00625191800630731,3.60591631957919
PETR4.SA,2026-01-16,31.9500007629395,32.2000007629395,31.8799991607666,32.0400009155273,70947300,30.1260414123535,0.00786409452074732,0.00786410798364878,3.63427358635026
PETR4.SA,2026-01-19,31.9599990844727,32.2099990844727,31.9099998474121,32.1699981689453,12852900,30.2482738494873,0.00405736802458434,0.00405734237526101,3.64901917179211
PETR4.SA,2026-01-20,32.1699981689453,32.5200004577637,31.9400005340576,32.2900009155273,26300000,30.36110496521,0.0037301670926444,0.00373026899012618,3.66263062302716
PETR4.SA,2026-01-21,32.5,33.5499992370606,32.4300003051758,33.4300003051758,93270900,31.4330081939697,0.0353051455139077,0.035305028099279,3.79194033013683
PETR4.SA,2026-01-22,33.3800010681152,34.1300010681152,33.2599983215332,33.5800018310547,71516300,31.5740489959717,0.00448702844893512,0.00448703333860512,3.80895487427482
PETR4.SA,2026-01-23,33.9500007629395,35.4799995422363,33.8800010681152,35.0400009155273,68642600,32.946834564209,0.0434782871342363,0.0434782312347122,3.97456170797989
PETR4.SA,2026-01-26,35.3699989318848,35.7000007629395,35.0400009155273,35.3600006103516,39869600,33.2477149963379,0.00913230166444468,0.0091324111433575,4.01085860448111
PETR4.SA,2026-01-27,35.5099983215332,36.4500007629395,35.3699989318848,36.1300010681152,47268200,33.9717178344727,0.0217760179373083,0.021776030669475,4.0981991333963
PETR4.SA,2026-01-28,36.5499992370606,37.439998626709,36.5,37.3400001525879,46054700,35.1094360351563,0.0334901580846494,0.0334901480404461,4.23544847023611
PETR4.SA,2026-01-29,38,38.5800018310547,37.5699996948242,37.7000007629395,58722800,35.4479293823242,0.00964109326133933,0.00964115181790137,4.27628282394126
PETR4.SA,2026-01-30,37.2299995422363,37.9799995422363,37.0200004577637,37.7599983215332,45794700,35.5043449401856,0.00159150502848449,0.00159144714534665,4.28308854955878
PETR4.SA,2026-02-02,36.7799987792969,37.2400016784668,36.6199989318848,37.2400016784668,38505600,35.0154113769531,-0.013771090948337,-0.0137710981509729,4.22410574760303
PETR4.SA,2026-02-03,37.5099983215332,38.3199996948242,37.1399993896484,37.5800018310547,57152800,35.3351020812988,0.00912999995642272,0.00912997146250105,4.26267183289457
PETR4.SA,2026-02-04,37.4500007629395,37.6800003051758,36.9700012207031,37.5200004577637,37955800,35.2786827087402,-0.00159669476626345,-0.00159663039828362,4.25586564708869
PETR4.SA,2026-02-05,37.4000015258789,37.6100006103516,36.9000015258789,37,35933100,34.7897491455078,-0.0138591785659641,-0.0138592870847386,4.19688284513293
PETR4.SA,2026-02-06,37.2099990844727,37.2700004577637,36.4500007629395,36.6500015258789,27681100,34.4606552124023,-0.00945950865380019,-0.00945941821948903,4.15718239554041
PETR4.SA,2026-02-09,36.6599998474121,37.4500007629395,36.5499992370606,37.3199996948242,27089800,35.090633392334,0.0182810853725415,0.0182809861132536,4.23318020182251
PETR4.SA,2026-02-10,37.3199996948242,37.5800018310547,36.9099998474121,37.3499984741211,24585300,35.118839263916,0.000803800583097925,0.00080382581838645,4.23658283453709
PETR4.SA,2026-02-11,37.7299995422363,38.4599990844727,37.689998626709,38.0800018310547,55863800,35.805233001709,0.0195448867952257,0.0195449367270897,4.31938636643672
PETR4.SA,2026-02-12,38.0499992370606,38.0499992370606,36.7999992370606,37.1100006103516,39856000,34.8931770324707,-0.0254727002948074,-0.0254727199070689,4.209359932067
PETR4.SA,2026-02-13,37.1599998474121,37.1599998474121,36.5299987792969,36.8899993896484,27507000,34.6863174438477,-0.00592836784195805,-0.00592835400390046,4.18440529801051
PETR4.SA,2026-02-18,37.0699996948242,37.3899993896484,36.8499984741211,37.189998626709,32276700,34.9683952331543,0.00813224954661984,0.00813226462521244,4.21843392609812
PETR4.SA,2026-02-19,37.5,38.2400016784668,37.439998626709,37.810001373291,48355000,35.5513610839844,0.0166712211682323,0.0166712226264176,4.28876037106368
PETR4.SA,2026-02-20,37.6699981689453,37.9700012207031,37.4500007629395,37.9700012207031,51949800,35.7018013000488,0.00423163028017592,0.00423168055013967,4.30690881931429
PETR4.SA,2026-02-23,37.9700012207031,39.25,37.8499984741211,38.5900001525879,55061500,36.2847671508789,0.0163287517604687,0.01632865188181,4.37723526427985
PETR4.SA,2026-02-24,38.8600006103516,39.6599998474121,38.8600006103516,39.5699996948242,43263600,37.2062225341797,0.0253951025638168,0.0253951681358211,4.48839560276219
PETR4.SA,2026-02-25,39.939998626709,39.9700012207031,39.0299987792969,39.5699996948242,26012300,37.2062225341797,0,0,4.48839560276219
PETR4.SA,2026-02-26,39.2999992370606,39.7999992370606,38.9700012207031,39.6100006103516,29919100,37.2438354492188,0.0010109307658015,0.00101088996299836,4.49293305996611
PETR4.SA,2026-02-27,39.9199981689453,40.2700004577637,39.3300018310547,39.3300018310547,38799000,36.9805641174316,-0.00706885659362544,-0.0070688910624177,4.46117316048045
PETR4.SA,2026-03-02,41.2999992370605,41.5299987792969,40.5200004577637,41.1300010681152,83817000,38.6730346679688,0.045766488179106,0.0457665688598896,4.66534538919453
PETR4.SA,2026-03-03,41.7000007629395,42,40.75,40.9500007629395,93893800,38.5037879943848,-0.00437634840495627,-0.00437637492101406,4.64492821234195
PETR4.SA,2026-03-04,40.9500007629395,41.1699981689453,39.9300003051758,40.5,50915600,38.0806694030762,-0.0109890120777285,-0.0109890294152745,4.59388504011635
PETR4.SA,2026-03-05,40.5299987792969,40.7700004577637,39.9799995422363,40.689998626709,53107600,38.2593154907227,0.00469125386834857,0.00469132411627116,4.61543612108154
PETR4.SA,2026-03-06,41.9000015258789,43.1199989318848,41.4199981689453,42.1599998474121,87228000,39.6415061950684,0.0361269062610612,0.0361268437040008,4.78217754918177
PETR4.SA,2026-03-09,43.25,44.2700004577637,42.6699981689453,43.1599998474121,107124400,40.5817718505859,0.0237192212347006,0.0237191651712347,4.89560707645443
PETR4.SA,2026-03-10,42.310001373291,43.0999984741211,42.0299987792969,42.9300003051758,56706200,40.3655090332031,-0.00532906296400881,-0.00532899775369478,4.86951807809696
PETR4.SA,2026-03-11,43.25,44.8800010681152,43.2299995422363,44.7999992370606,73234300,42.1237983703613,0.0435592013892827,0.0435592573629522,5.08163039672954
PETR4.SA,2026-03-12,45.3899993896484,46.0900001525879,44.2000007629395,45,86124400,42.3118553161621,0.00446438718909792,0.00446430282021093,5.10431676237243
PETR4.SA,2026-03-13,44.6100006103516,45.3400001525879,44.2900009155273,44.6699981689453,42520400,42.0015640258789,-0.00733343617207627,-0.00733337402343748,5.06688458119351
PETR4.SA,2026-03-16,44.8800010681152,45.9900016784668,44.7999992370606,45.8600006103516,40474100,43.1204833984375,0.0266399454046327,0.0266398587460328,5.20186610980808
PETR4.SA,2026-03-17,45.8499984741211,47.2599983215332,45.7999992370606,46.3800010681152,51025600,43.6094169616699,0.0113387774138483,0.0113388672229171,5.26084891176383
PETR4.SA,2026-03-18,46.7000007629395,47.1500015258789,46.5499992370606,47,55074700,44.1923789978027,0.0133678016526844,0.0133678076241139,5.33117489654103
PETR4.SA,2026-03-19,47.2000007629395,48.1300010681152,46.689998626709,46.7799987792969,84865000,43.9855194091797,-0.00468088827336799,-0.00468087703623665,5.30622026248454
PETR4.SA,2026-03-20,46.7900009155274,47.25,44.9199981689453,45.6699981689453,78125700,42.9418258666992,-0.0237281168097938,-0.0237281025933418,5.18031364827781
PETR4.SA,2026-03-23,44.4199981689453,46.1800003051758,44.3199996948242,46.0299987792969,65252400,43.2803230285645,0.0078826914094432,0.00788264998434696,5.22114846217131
PETR4.SA,2026-03-24,46.4000015258789,47.9500007629395,46.3699989318848,47.2700004577637,57455300,44.4462547302246,0.0269390711545905,0.0269389900358745,5.36180135210243
PETR4.SA,2026-03-25,46.5,47.5499992370606,46.2999992370606,47.5,40532900,44.6625099182129,0.00486554354918956,0.00486565559570562,5.38788943008318
PETR4.SA,2026-03-26,47.5999984741211,48.4700012207031,47.5200004577637,48.0200004577637,59986800,45.1514511108398,0.0109474633987725,0.0109473780581826,5.44687315241565
PETR4.SA,2026-03-27,48.5,49.439998626709,48.1300010681152,49.4099998474121,54170900,46.4584121704102,0.0289461584825241,0.0289462594002059,5.60453920591968
PETR4.SA,2026-03-30,49.75,50.689998626709,49.4900016784668,49.6699981689453,51454300,46.702880859375,0.00526209738008543,0.00526205873985286,5.63403083699174
PETR4.SA,2026-03-31,50.0699996948242,50.5499992370606,47.6500015258789,48.6699981689453,78931700,45.7626190185547,-0.0201328445594501,-0.020132877730308,5.52060176990744
PETR4.SA,2026-04-01,47.7000007629395,48.0699996948242,46.7700004577637,47.3699989318848,66488400,44.5402755737305,-0.0267105220601254,-0.0267104846100043,5.37314361454716
PETR4.SA,2026-04-02,49.2999992370606,49.4599990844727,47.9500007629395,48.1500015258789,38536900,45.2736854553223,0.0164662178701103,0.0164661729276316,5.46161896795168
PETR4.SA,2026-04-06,47.9900016784668,49,47.8800010681152,48.939998626709,27848100,46.016487121582,0.016406918473487,0.0164070005357213,5.55122730509211
PETR4.SA,2026-04-07,49.0900001525879,49.560001373291,48.4000015258789,48.5099983215332,33362800,45.612174987793,-0.00878624508474135,-0.00878627538295651,5.50245286146847
PETR4.SA,2026-04-08,44.7000007629395,46.6399993896484,44.5299987792969,46.6100006103516,87580500,43.8256797790527,-0.0391670690822866,-0.0391671361971218,5.28693791012131
PETR4.SA,2026-04-09,47.5400009155274,48.5499992370606,47.0299987792969,47.9000015258789,58206500,45.0386199951172,0.0276764723828471,0.0276764835579266,5.4332617011806
PETR4.SA,2026-04-10,47.5299987792969,49.0299987792969,47.5299987792969,49.0299987792969,42860900,46.1011123657227,0.0235906955124436,0.0235907561048294,5.56143612361258
PETR4.SA,2026-04-13,49.75,50.2400016784668,49.25,49.7799987792969,60941100,46.8063125610352,0.0152968151769985,0.0152967574683418,5.64650838411416
PETR4.SA,2026-04-14,49.6100006103516,49.6500015258789,47.6699981689453,47.8800010681152,58646800,45.0198135375977,-0.0381679078245678,-0.0381678938885759,5.43099297257864
PETR4.SA,2026-04-15,47.9500007629395,48.0999984741211,46.7299995422363,46.8899993896484,61852100,44.0889511108399,-0.0206767277252363,-0.0206767263237608,5.31869780960696
PETR4.SA,2026-04-16,47.2900009155273,48.6800003051758,46.7599983215332,48.5800018310547,54484300,45.6779975891113,0.0360418299423049,0.0360418524931638,5.51039341157533
PETR4.SA,2026-04-17,46.5,46.5499992370606,44.8699989318848,46.2200012207031,105186900,43.4589767456055,-0.0485796436058052,-0.0485796731453175,5.24270046351322
PETR4.SA,2026-04-20,47.2400016784668,47.4799995422363,46.5099983215332,47.0200004577637,41904500,44.2111854553223,0.0173084772363596,0.0173085074844654,5.33344362514299
PETR4.SA,2026-04-22,47.6399993896484,47.9799995422363,47.25,47.6699981689453,51063000,44.8223533630371,0.013823829906856,0.0138238559092638,5.40717224263477
PETR4.SA,2026-04-23,47.3600006103516,48.0800018310547,46.9000015258789,47.7700004577637,38666800,45.5499954223633,0.0162339101972773,0.00209780349610966,5.49495179124292
PETR4.SA,2026-04-24,47.5,47.5200004577637,46.4500007629395,47.1599998474121,34880200,44.9683456420898,-0.0127694805428645,-0.0127695332741498,5.42478411126066
PETR4.SA,2026-04-27,47.2200012207031,48.1699981689453,47.1699981689453,47.3699989318848,31543600,45.1685829162598,0.00445284947246316,0.00445290680984134,5.44893985832872
PETR4.SA,2026-04-28,47.6500015258789,48.0400009155274,47.4599990844727,47.5200004577637,29389700,45.3116188049317,0.00316671189213658,0.00316659339795633,5.46619508097762
PETR4.SA,2026-04-29,48.0999984741211,49.2999992370606,48,48.9599990844727,47685000,46.6846923828125,0.0303029027453643,0.0303030011118977,5.63183665890368
PETR4.SA,2026-04-30,48.810001373291,49.3800010681152,48.2900009155274,49.0800018310547,36666100,46.7991218566895,0.00245111337435056,0.00245103653647916,5.64564092906047
PETR4.SA,2026-05-04,49.2799987792969,49.8499984741211,48.9199981689453,49.3400001525879,41319600,47.0470352172852,0.00529739342876723,0.00529743911640801,5.67554811021926
PETR4.SA,2026-05-05,48.8800010681152,49.0299987792969,48.3300018310547,48.6599998474121,28066500,46.3986358642578,-0.0137819386499645,-0.0137819275045161,5.59732805435929
PETR4.SA,2026-05-06,46.7099990844727,47.4900016784668,46.5900001525879,47.2700004577637,62009100,45.0732345581055,-0.028565523133695,-0.0285655444719933,5.43743745033561
PETR4.SA,2026-05-07,46.4000015258789,46.6500015258789,45.2000007629395,46.2200012207031,71214500,44.0720329284668,-0.0222127752635101,-0.0222128036152387,5.31665687424192
PETR4.SA,2026-05-08,46.3899993896484,46.5499992370606,45.6699981689453,45.6699981689453,32914200,43.5475883483887,-0.0118997138373297,-0.0118996762707019,5.25339017886717
PETR4.SA,2026-05-11,46.2099990844727,46.5099983215332,45.6500015258789,46.4300003051758,50622200,44.2722702026367,0.0166411478047983,0.0166411685286043,5.34081262130997
PETR4.SA,2026-05-12,46.25,46.25,45.4000015258789,45.6800003051758,81072700,43.55712890625,-0.0161532555957369,-0.0161533490215462,5.25454110994901
PETR4.SA,2026-05-13,45.7700004577637,45.8300018310547,44.3600006103516,44.5699996948242,57251900,42.4987106323242,-0.0242995417857743,-0.0242994878050776,5.12685816868274
PETR4.SA,2026-05-14,44.4599990844727,45.3699989318848,44.3800010681152,45,47760000,42.9087257385254,0.00964770695629813,0.00964775203320722,5.17632059390069
PETR4.SA,2026-05-15,45.3899993896484,45.5400009155274,44.9799995422363,45.4700012207031,59380500,43.3568878173828,0.0104445441141368,0.0104444715711804,5.2303849026926
PETR4.SA,2026-05-18,45.0999984741211,46.4599990844727,44.4700012207031,46.439998626709,57388200,44.2818069458008,0.0213326918738652,0.0213326892448862,5.34196309220346
PETR4.SA,2026-05-19,45.9900016784668,46.2999992370606,45.5900001525879,46.0900001525879,40943000,43.9480743408203,-0.00753656248465529,-0.00753657373968564,5.30170305356835
PETR4.SA,2026-05-20,45.7700004577637,46.4099998474121,44.5400009155274,44.5999984741211,52780200,42.5273132324219,-0.0323281765972346,-0.0323280901178981,5.13030866098649
PETR4.SA,2026-05-21,45.0999984741211,45.6500015258789,44.5,44.9500007629395,57725900,42.8610496520996,0.00784757828113403,0.00784758521957008,5.17056915980996
PETR4.SA,2026-05-22,44.7400016784668,44.75,43.8699989318848,44.4799995422363,39634300,42.4128952026367,-0.0104559840018043,-0.0104560892708735,5.11650577139477
PETR4.SA,2026-05-25,43.4900016784668,43.8199996948242,42.9700012207031,43.4000015258789,26720900,41.3830833435059,-0.0242806310253217,-0.0242805311931692,4.9922737826206
PETR4.SA,2026-05-26,43.3600006103516,43.7999992370605,43.1599998474121,43.439998626709,36040500,41.4212226867676,0.000921616761736521,0.000921592152623107,4.99687474581784
PETR4.SA,2026-05-27,42.25,43.189998626709,42.1500015258789,42.8199996948242,53745400,40.8300361633301,-0.0142725512452427,-0.0142725357155873,4.9255565949421
PETR4.SA,2026-05-28,43.0999984741211,43.1800003051758,42.25,42.5099983215332,37534800,40.5344429016113,-0.00723960323072714,-0.00723963978282061,4.88989751950423
PETR4.SA,2026-05-29,42.2000007629395,42.3499984741211,41.8199996948242,42,73281800,40.0481452941895,-0.0119971454548483,-0.0119971381244414,4.83123270770343
PETR4.SA,2026-06-01,42.4000015258789,43.0200004577637,41.9599990844727,42.3699989318848,73925300,40.4009475708008,0.00880945357193652,0.00880949837820877,4.87379322793717
PETR4.SA,2026-06-02,41.9000015258789,41.9799995422363,41.439998626709,41.5699996948242,27318300,40.3049354553223,-0.00237648177212324,-0.0188812663966937,4.86221074716988
PETR4.SA,2026-06-03,41.6500015258789,41.8699989318848,41.25,41.25,42895100,39.9946746826172,-0.00769783574145655,-0.00769785174821791,4.82478224749782
PETR4.SA,2026-06-05,41.0299987792969,41.4300003051758,40.6500015258789,40.8899993896484,34730900,39.6456298828125,-0.00872728188376515,-0.00872728752367424,4.78267501279612
PETR4.SA,2026-06-08,41.2000007629395,41.3199996948242,40.8300018310547,41.2200012207031,34043600,39.9655914306641,0.00807053763043575,0.00807047776914938,4.82127377146103
PETR4.SA,2026-06-09,40.8800010681152,41.3699989318848,40.7000007629395,41.1699981689453,56680400,39.917106628418,-0.00121316363678015,-0.0012130773963368,4.81542477743854
PETR4.SA,2026-06-10,41.2099990844727,42.0400009155274,41.0099983215332,41.6500015258789,44953200,40.3825035095215,0.0116590835462054,0.0116590570386681,4.87156821722916
PETR4.SA,2026-06-11,41.6500015258789,42.1500015258789,41.1599998474121,41.7599983215332,52321500,40.4891548156738,0.00264102759570606,0.00264097939074381,4.88443416332523
PETR4.SA,2026-06-12,41.060001373291,41.5299987792969,40.8199996948242,41.1800003051758,34082200,39.9268074035645,-0.0138888404727007,-0.0138888419461058,4.81659503643139
PETR4.SA,2026-06-15,39.8400001525879,39.9199981689453,39.060001373291,39.060001373291,54174000,37.8713226318359,-0.0514813205812447,-0.0514812752834853,4.56863036325084
PETR4.SA,2026-06-16,38.4500007629395,38.7799987792969,38.2000007629395,38.5400009155273,36250100,37.3671493530273,-0.013312798280374,-0.0133128632739692,4.50780910880729
PETR4.SA,2026-06-17,38.7099990844727,38.8600006103516,38.2700004577637,38.5699996948242,66882000,37.3962326049805,0.000778310694197204,0.000778380347282059,4.51131758484407
PETR4.SA,2026-06-18,38.2999992370605,39.0900001525879,37.4099998474121,38.8499984741211,53332600,37.6677093505859,0.00725946777775977,0.00725949653907954,4.54406734948649
PETR4.SA,2026-06-19,38.8600006103516,39.1100006103516,38.6199989318848,38.7999992370606,44775800,37.6192321777344,-0.00128696896326685,-0.00128698169946784,4.5382192758407
PETR4.SA,2026-06-22,38.75,39.2099990844727,38.4799995422363,39.1699981689453,35488200,37.9779739379883,0.0095361265896925,0.00953605513299483,4.5814963093469
PETR4.SA,2026-06-23,38.9599990844727,39.5699996948242,38.8400001525879,39.3300018310547,27398600,38.1331062316895,0.00408479646530058,0.00408485242759671,4.60021078927711
PETR4.SA,2026-06-24,38.9000015258789,38.9799995422363,38.1300010681152,38.2900009155273,59191400,37.124755859375,-0.0264429119985115,-0.0264429409384407,4.47856782020165
PETR4.SA,2026-06-25,38.1199989318848,38.6699981689453,37.9199981689453,38.4500007629395,25152300,37.2798881530762,0.00417867512149561,0.00417863263479901,4.49728230013186
PETR4.SA,2026-06-26,38.0699996948242,38.25,37.9300003051758,38.060001373291,23383000,36.9017562866211,-0.010143052599901,-0.0101430268377093,4.45166612920502
PETR4.SA,2026-06-29,38.2000007629395,38.3699989318848,37.9199981689453,38.1399993896484,14924800,36.9793205261231,0.00210191186835385,0.0021018921038074,4.46102313907594
PETR4.SA,2026-06-30,38.1699981689453,38.1800003051758,37.7400016784668,37.7999992370606,31974300,36.6496658325195,-0.00891456870795238,-0.00891452957600647,4.42125504179489
PETR4.SA,2026-07-01,37.5,37.8400001525879,37.4000015258789,37.8300018310547,21094300,36.6787567138672,0.000793755705184251,0.000793719433854534,4.42476443820839
PETR4.SA,2026-07-02,37.8899993896484,38.4599990844727,37.6500015258789,37.9599990844727,21888800,36.8047981262207,0.00343635999815284,0.0034363533472328,4.43996952172509
PETR4.SA,2026-07-03,38.0699996948242,38.25,37.8600006103516,38.25,10369500,37.0859718322754,0.00763959375868373,0.00763964495578628,4.47388908517201
PETR4.SA,2026-07-06,37.9500007629395,38.0200004577637,37.6100006103516,37.7700004577637,20811400,36.6205787658691,-0.0125490325158805,-0.0125490076401654,4.41774610556974
PETR4.SA,2026-07-07,38,38.7700004577637,37.9199981689453,38.439998626709,39823600,37.2701873779297,0.0177388952865483,0.0177388975595734,4.496112041139
PETR4.SA,2026-07-08,39.6500015258789,39.75,39,39.6500015258789,40215300,38.4433670043945,0.0314776959549059,0.0314777040165966,4.63763928894917
PETR4.SA,2026-07-09,39.7400016784668,39.9799995422363,38.8899993896484,39.2099990844727,33386500,38.0167579650879,-0.0110970779239465,-0.011097160768558,4.58617504437654
PETR4.SA,2026-07-10,39.6399993896484,39.9700012207031,39.3400001525879,39.6500015258789,27316800,38.4433670043945,0.0112216049484917,0.0112216896628414,4.63763928894917
PETR4.SA,2026-07-13,40.5099983215332,40.9199981689453,40.2400016784668,40.6599998474121,43045700,39.4226303100586,0.0254728808106772,0.0254728444556047,4.75577332179948
PETR4.SA,2026-07-14,41.2000007629395,41.310001373291,40.1100006103516,40.6599998474121,32649500,39.4226303100586,0,0,4.75577332179948
PETR4.SA,2026-07-15,40.4099998474121,40.7999992370605,40.2299995422363,40.5900001525879,25608800,39.3547592163086,-0.00172162773554663,-0.00172158620479368,4.7475856505447
PETR4.SA,2026-07-16,40.3800010681152,40.8600006103516,39.8899993896484,39.8899993896484,20551700,38.6760635375977,-0.0172455807690391,-0.0172456457331357,4.6657107787503
PETR4.SA,2026-07-17,40.4099998474121,41.1100006103516,40.4099998474121,40.9000015258789,32168300,39.6553268432617,0.0253196219080596,0.0253196829201399,4.78384481160062
PETR4.SA,2026-07-20,41.2000007629395,41.439998626709,40.4700012207031,41.1500015258789,26987600,39.8977203369141,0.006112507775069,0.0061124692096115,4.81308610020625
PETR4.SA,2026-07-21,41.2099990844727,41.7000007629395,41.1300010681152,41.6599998474121,38631400,40.3921966552734,0.0123935982854106,0.0123936404039371,4.8727375558453
PETR4.SA,2026-07-22,42.0999984741211,42.7400016784668,41.9700012207031,42.5800018310547,38292200,41.2842025756836,0.0220836199631074,0.0220835810612641,4.98034524020855
PETR4.SA,2026-07-23,43.4000015258789,43.4900016784668,42.8600006103516,42.9500007629395,25257900,41.6429405212402,0.00868947256275554,0.00868950014029624,5.02362181352639
PETR4.SA,2026-07-24,42.3699989318848,42.9099998474121,42.1500015258789,42.2099990844727,29151600,40.9254608154297,-0.0172293237900574,-0.0172293752112184,4.93706820670235
PETR4.SA,2026-07-27,41.2000007629395,41.4799995422363,40.8199996948242,41.0099983215332,32902600,39.7619781494141,-0.0284293113097207,-0.0284293008521027,4.79671075769668
PETR4.SA,2026-07-28,41.0200004577637,41.7700004577637,40.8899993896484,41.2099990844727,29946800,39.9558906555176,0.00487683246982451,0.00487687810595294,4.82010351246818
PETR4.SA,2026-07-29,42.1599998474121,42.4000015258789,41.75,42,31465400,40.721851348877,0.019170156910358,0.0191701269856375,4.91250565312636
PETR4.SA,2026-07-30,42,42.8400001525879,41.8199996948242,42.8400001525879,25268900,41.5362892150879,0.0200000206089206,0.020000003633045,5.01075586743032
PETR4.SA,2026-07-31,43,43.5499992370606,42.8600006103516,43.4199981689453,24997300,42.0986366271973,0.0135387012835297,0.0135387024811293,5.07859499432416
PETR4.SA,2026-08-03,42.4000015258789,43.0900001525879,42.3499984741211,43.0499992370606,24400900,41.7398986816406,-0.00852136730064279,-0.00852139446079925,5.03531842100632
PETR4.SA,2026-08-04,43.0900001525879,43.0900001525879,41.7700004577637,42.5,27216700,41.2066345214844,-0.0127758853518926,-0.0127758245483792,4.97098777014927
PETR4.SA,2026-08-05,42.5299987792969,42.9900016784668,41.75,41.9300003051758,32365700,40.653980255127,-0.0134117787772569,-0.0134117575252757,4.90431798187158
PETR4.SA,2026-08-06,42.0200004577637,42.4700012207031,41.9199981689453,42.1300010681152,46662600,40.8478965759277,0.00476992214744643,0.00476987268027207,4.92771119683142
PETR4.SA,2026-08-07,42.9000015258789,42.9599990844727,40.8300018310547,40.8699989318848,97926700,39.6262397766113,-0.0299074591771353,-0.0299074793326806,4.78033587537548
PETR4.SA,2026-08-10,41.3199996948242,42.4700012207031,41.060001373291,42.2299995422363,74915200,40.9448509216309,0.0332762117337668,0.033276257545741,4.93940734412299
PETR4.SA,2026-08-11,42.4000015258789,42.5,41.0099983215332,41.6599998474121,53988900,40.3921966552734,-0.0134975278677949,-0.0134975065357066,4.8727375558453
PETR4.SA,2026-08-12,41.5,41.9700012207031,41.1500015258789,41.4500007629395,63890300,40.188591003418,-0.00504071748296187,-0.00504078457133506,4.84817546245767
PETR4.SA,2026-08-13,41.1500015258789,41.9599990844727,41.0699996948242,41.9000015258789,37063800,40.6248970031738,0.0108564642069375,0.0108564717649366,4.90080950583479
PETR4.SA,2026-08-14,41.6300010681152,42.4599990844727,41.6300010681152,42.0900001525879,34127900,40.8091125488281,0.0045345480048824,0.00453457326467244,4.92303246180178
PETR4.SA,2026-08-17,42.3499984741211,42.7599983215332,41.7200012207031,42.4700012207031,47636500,41.1775512695313,0.00902834434986266,0.00902829809307737,4.96747929411248
PETR4.SA,2026-08-18,42.7999992370606,43.2000007629395,42.4199981689453,42.5999984741211,36838100,41.3035926818848,0.00306092539423974,0.00306091946506926,4.98268437762919
PETR4.SA,2026-08-19,42.8400001525879,43.9700012207031,42.8400001525879,43.1100006103516,49580800,41.7980728149414,0.0119718431484899,0.0119718815609886,5.0423362934566
PETR4.SA,2026-08-20,43.75,44.6300010681152,43.4700012207031,44.3199996948242,44893400,42.971248626709,0.0280677010387955,0.0280677120700878,5.18386308107841
PETR4.SA,2026-08-21,44.3400001525879,44.6199989318848,44.1599998474121,44.2999992370606,52792400,42.9518585205078,-0.000451234414192037,-0.000451273869616187,5.18152394365776
PETR4.SA,2026-08-24,42.5999984741211,42.6399993896484,41.6199989318848,42.1100006103516,49502500,42.1100006103516,-0.0196000345306198,-0.04943563576581,5.07996589544084
PETR4.SA,2026-08-25,41.1800003051758,41.9099998474121,41.0099983215332,41.3499984741211,85920800,41.3499984741211,-0.0180480200715942,-0.0180480200715942,4.98828256899691
PETR4.SA,2026-08-26,41.1399993896484,42.2700004577637,40.9700012207031,41.4500007629395,74631000,41.4500007629395,0.00241843512717277,0.00241843512717277,5.00034640678603
PETR4.SA,2026-08-27,41.4500007629395,42.8899993896484,41,42.7000007629395,43197800,42.7000007629395,0.0301568148852154,0.0301568148852154,5.15114092773743
PETR4.SA,2026-08-28,42.7200012207031,43.5999984741211,42.6199989318848,43.5499992370606,46135600,43.5499992370606,0.0199062870944684,0.0199062870944684,5.25368101790904
PETR4.SA,2026-08-31,44.6199989318848,45.3400001525879,44.3300018310547,45.0200004577637,68431400,45.0200004577637,0.033754334017351,0.033754334017351,5.43101552180816
PETR4.SA,2026-09-01,45.5,46.939998626709,45.5,46.8699989318848,49726600,46.8699989318848,0.04109281331209,0.04109281331209,5.65419122874088
PETR4.SA,2026-09-02,46.8199996948242,48.25,46.560001373291,48.2000007629395,54091600,48.2000007629395,0.0283763998584159,0.0283763998584159,5.81463681992358
PETR4.SA,2026-09-03,48.4599990844727,49.189998626709,47.4500007629395,47.560001373291,51488400,47.560001373291,-0.0132779954256874,-0.0132779954256874,5.7374300988266
PETR4.SA,2026-09-04,47.3199996948242,47.4500007629395,46.7200012207031,47.1100006103516,28838000,47.1100006103516,-0.00946174831677293,-0.00946174831677293,5.68314397924643
PETR4.SA,2026-09-08,48.0999984741211,48.5,47.5299987792969,48.0900001525879,34388500,48.0900001525879,0.0208023674281377,0.0208023674281377,5.80136682844972
PETR4.SA,2026-09-09,48.7400016784668,48.9500007629395,48.189998626709,48.4199981689453,40391600,48.4199981689453,0.00686209222936896,0.00686209222936896,5.84117634268295
PETR4.SA,2026-09-10,48.9099998474121,49.5999984741211,48.5400009155273,49.1199989318848,43955800,49.1199989318848,0.0144568523215767,0.0144568523215767,5.9256213664534
